-- phpMyAdmin SQL Dump
-- version 3.4.10.1deb1
-- http://www.phpmyadmin.net
--
-- Host: localhost
-- Generation Time: Feb 02, 2015 at 04:17 AM
-- Server version: 5.5.40
-- PHP Version: 5.4.36-1+deb.sury.org~precise+2

SET SQL_MODE="NO_AUTO_VALUE_ON_ZERO";
SET time_zone = "+00:00";


/*!40101 SET @OLD_CHARACTER_SET_CLIENT=@@CHARACTER_SET_CLIENT */;
/*!40101 SET @OLD_CHARACTER_SET_RESULTS=@@CHARACTER_SET_RESULTS */;
/*!40101 SET @OLD_COLLATION_CONNECTION=@@COLLATION_CONNECTION */;
/*!40101 SET NAMES utf8 */;

--
-- Database: `muadambao`
--

-- --------------------------------------------------------

--
-- Table structure for table `activity_log`
--

CREATE TABLE IF NOT EXISTS `activity_log` (
  `activity_id` bigint(15) NOT NULL AUTO_INCREMENT,
  `user_id` bigint(15) NOT NULL DEFAULT '0',
  `criteria` tinyint(1) NOT NULL DEFAULT '0',
  `dateline` int(11) NOT NULL DEFAULT '0',
  PRIMARY KEY (`activity_id`)
) ENGINE=MyISAM DEFAULT CHARSET=utf8 COLLATE=utf8_unicode_ci AUTO_INCREMENT=1 ;

-- --------------------------------------------------------

--
-- Table structure for table `advice`
--

CREATE TABLE IF NOT EXISTS `advice` (
  `id` bigint(15) NOT NULL AUTO_INCREMENT,
  `product_id` int(15) DEFAULT NULL,
  `user_id` bigint(15) DEFAULT NULL,
  `advice_type` tinyint(1) DEFAULT NULL COMMENT '1 = nen mua, 0 = khong nen',
  `advice_content` text,
  `dateline` int(10) DEFAULT NULL,
  `vote_good` int(10) DEFAULT NULL,
  `vote_bad` int(10) DEFAULT NULL,
  PRIMARY KEY (`id`)
) ENGINE=InnoDB DEFAULT CHARSET=utf8 AUTO_INCREMENT=1 ;

-- --------------------------------------------------------

--
-- Table structure for table `assigned_roles`
--

CREATE TABLE IF NOT EXISTS `assigned_roles` (
  `id` int(10) unsigned NOT NULL AUTO_INCREMENT,
  `user_id` int(10) unsigned NOT NULL,
  `role_id` int(10) unsigned NOT NULL,
  PRIMARY KEY (`id`),
  KEY `assigned_roles_user_id_foreign` (`user_id`),
  KEY `assigned_roles_role_id_foreign` (`role_id`)
) ENGINE=MyISAM  DEFAULT CHARSET=utf8 COLLATE=utf8_unicode_ci AUTO_INCREMENT=4 ;

--
-- Dumping data for table `assigned_roles`
--

INSERT INTO `assigned_roles` (`id`, `user_id`, `role_id`) VALUES
(2, 1, 1),
(3, 1, 2);

-- --------------------------------------------------------

--
-- Table structure for table `attribute`
--

CREATE TABLE IF NOT EXISTS `attribute` (
  `attribute_id` int(10) unsigned NOT NULL AUTO_INCREMENT,
  `identity` varchar(255) COLLATE utf8_unicode_ci NOT NULL,
  `name` varchar(255) COLLATE utf8_unicode_ci NOT NULL,
  `attr_type` varchar(255) COLLATE utf8_unicode_ci NOT NULL,
  `created_at` timestamp NOT NULL DEFAULT '0000-00-00 00:00:00',
  `updated_at` timestamp NOT NULL DEFAULT '0000-00-00 00:00:00',
  PRIMARY KEY (`attribute_id`)
) ENGINE=InnoDB  DEFAULT CHARSET=utf8 COLLATE=utf8_unicode_ci AUTO_INCREMENT=6 ;

--
-- Dumping data for table `attribute`
--

INSERT INTO `attribute` (`attribute_id`, `identity`, `name`, `attr_type`, `created_at`, `updated_at`) VALUES
(1, 'mau-sac', 'Màu sắc', 'color', '2014-12-11 14:52:30', '2014-12-11 14:52:30'),
(2, 'size', 'Size', 'select', '2014-12-12 11:25:19', '2014-12-12 11:25:19'),
(3, 'chat-lieu', 'Chất liệu', 'text', '2014-12-18 14:18:41', '2014-12-22 11:55:44'),
(4, 'xuat-xu', 'Xuất xứ', 'select', '2014-12-22 12:52:46', '2014-12-22 12:52:46'),
(5, 'sdfdsf', 'sdfdsf', 'text', '2015-01-06 12:13:42', '2015-01-06 12:13:42');

-- --------------------------------------------------------

--
-- Table structure for table `attr_option`
--

CREATE TABLE IF NOT EXISTS `attr_option` (
  `attr_option_id` int(10) unsigned NOT NULL AUTO_INCREMENT,
  `name` varchar(255) COLLATE utf8_unicode_ci DEFAULT NULL,
  `value` varchar(255) COLLATE utf8_unicode_ci NOT NULL,
  `attribute_id` int(11) NOT NULL,
  `created_at` timestamp NOT NULL DEFAULT '0000-00-00 00:00:00',
  `updated_at` timestamp NOT NULL DEFAULT '0000-00-00 00:00:00',
  PRIMARY KEY (`attr_option_id`)
) ENGINE=InnoDB  DEFAULT CHARSET=utf8 COLLATE=utf8_unicode_ci AUTO_INCREMENT=18 ;

--
-- Dumping data for table `attr_option`
--

INSERT INTO `attr_option` (`attr_option_id`, `name`, `value`, `attribute_id`, `created_at`, `updated_at`) VALUES
(2, 'Màu đen', '#000', 1, '2014-12-12 11:23:15', '2014-12-12 11:23:15'),
(4, '', 'S', 2, '2014-12-12 11:26:16', '2014-12-12 11:26:16'),
(6, '', 'M', 2, '2014-12-12 11:26:33', '2014-12-12 11:26:33'),
(7, '', 'SL', 2, '2014-12-12 11:27:00', '2014-12-12 11:27:00'),
(9, 'Việt Nam', 'viet-nam', 4, '2014-12-22 12:56:06', '2014-12-22 12:56:06'),
(10, 'Hàn Quốc', 'han-quoc', 4, '2014-12-22 12:56:22', '2014-12-22 12:56:22'),
(11, 'Trung Quốc', 'trung-quoc', 4, '2014-12-22 12:56:51', '2014-12-22 12:56:51'),
(12, 'Nga', 'nga', 4, '2014-12-22 13:07:43', '2014-12-22 13:07:43'),
(13, '', 'F', 2, '2015-01-23 02:05:26', '2015-01-23 02:05:26'),
(14, '', 'L', 2, '2015-01-23 02:09:40', '2015-01-23 02:09:40'),
(15, 'Màu vàng', '#ccc', 1, '2015-01-23 02:10:40', '2015-01-23 02:10:40'),
(16, 'Màu trắng', '#fff', 1, '2015-01-23 02:10:55', '2015-01-23 02:10:55'),
(17, 'Màu nâu', '#ddd', 1, '2015-01-23 02:11:07', '2015-01-23 02:11:07');

-- --------------------------------------------------------

--
-- Table structure for table `banner`
--

CREATE TABLE IF NOT EXISTS `banner` (
  `banner_id` int(10) NOT NULL AUTO_INCREMENT,
  `banner_name` varchar(50) COLLATE utf8_unicode_ci DEFAULT NULL,
  `banner_image` varchar(50) COLLATE utf8_unicode_ci DEFAULT NULL,
  `banner_url` varchar(200) COLLATE utf8_unicode_ci DEFAULT NULL,
  `sponsor_id` int(10) DEFAULT NULL,
  `banner_flash` text COLLATE utf8_unicode_ci,
  PRIMARY KEY (`banner_id`)
) ENGINE=MyISAM DEFAULT CHARSET=utf8 COLLATE=utf8_unicode_ci AUTO_INCREMENT=1 ;

-- --------------------------------------------------------

--
-- Table structure for table `cart`
--

CREATE TABLE IF NOT EXISTS `cart` (
  `cart_id` int(11) NOT NULL AUTO_INCREMENT,
  `user_id` int(11) DEFAULT NULL,
  `session_id` varchar(50) DEFAULT NULL,
  `quantity` int(5) DEFAULT NULL,
  `product_id` int(11) NOT NULL,
  `dateline` int(11) NOT NULL,
  PRIMARY KEY (`cart_id`)
) ENGINE=InnoDB DEFAULT CHARSET=latin1 AUTO_INCREMENT=1 ;

-- --------------------------------------------------------

--
-- Table structure for table `category`
--

CREATE TABLE IF NOT EXISTS `category` (
  `category_id` int(2) NOT NULL AUTO_INCREMENT,
  `category_name` varchar(100) COLLATE utf8_unicode_ci DEFAULT NULL,
  `category_order` varchar(100) COLLATE utf8_unicode_ci DEFAULT NULL,
  `follow_total` bigint(15) DEFAULT NULL,
  `gender` tinyint(1) DEFAULT NULL COMMENT '0 = female, 1 = male',
  `parent` int(2) DEFAULT NULL,
  `meta_description` varchar(100) COLLATE utf8_unicode_ci DEFAULT NULL,
  `meta_keyword` varchar(100) COLLATE utf8_unicode_ci DEFAULT NULL,
  `meta_title` varchar(100) COLLATE utf8_unicode_ci DEFAULT NULL,
  `rewrite_url` varchar(100) COLLATE utf8_unicode_ci DEFAULT NULL,
  `level` tinyint(1) DEFAULT NULL,
  `category_intro` text COLLATE utf8_unicode_ci NOT NULL,
  `identity` varchar(255) COLLATE utf8_unicode_ci DEFAULT NULL,
  `created_at` timestamp NOT NULL DEFAULT '0000-00-00 00:00:00',
  `updated_at` timestamp NOT NULL DEFAULT '0000-00-00 00:00:00',
  PRIMARY KEY (`category_id`),
  UNIQUE KEY `category_identity_unique` (`identity`)
) ENGINE=MyISAM  DEFAULT CHARSET=utf8 COLLATE=utf8_unicode_ci AUTO_INCREMENT=141 ;

--
-- Dumping data for table `category`
--

INSERT INTO `category` (`category_id`, `category_name`, `category_order`, `follow_total`, `gender`, `parent`, `meta_description`, `meta_keyword`, `meta_title`, `rewrite_url`, `level`, `category_intro`, `identity`, `created_at`, `updated_at`) VALUES
(1, 'Thời trang', '1', NULL, 1, NULL, '', NULL, '', NULL, 1, '<p><strong>Test</strong></p>\r\n', 'thoi-trang1', '0000-00-00 00:00:00', '0000-00-00 00:00:00'),
(2, 'Giày dép', '2', NULL, 1, NULL, '', NULL, 'Bán sỉ giày dép - giày dép giá sỉ', NULL, 1, '', 'giay-dep1', '0000-00-00 00:00:00', '0000-00-00 00:00:00'),
(3, 'Phụ kiện', '3', NULL, 1, NULL, '', NULL, NULL, NULL, 1, '', 'phu-kien1', '0000-00-00 00:00:00', '0000-00-00 00:00:00'),
(4, 'Gia dụng', '4', NULL, 1, NULL, '																						', NULL, 'Buôn sỉ, bán sỉ đồ gia dụng: các đồ dùng trong gia đình giá sỉ', NULL, 1, '', 'gia-dung1', '0000-00-00 00:00:00', '0000-00-00 00:00:00'),
(5, 'Hitech', '5', NULL, 1, NULL, 'Buôn sỉ, bán sỉ các sản phẩm công nghệ (hitech) như: điện thoại, máy tính, máy ảnh, tivi, loa ...', NULL, 'Đồ Hitech (công nghệ) giá sỉ, buôn bán sỉ đồ hitech', NULL, 1, '', 'hitech1', '0000-00-00 00:00:00', '0000-00-00 00:00:00'),
(85, 'Áo sơ mi', NULL, NULL, 1, 93, '', NULL, NULL, NULL, 3, '', 'ao-so-mi1', '0000-00-00 00:00:00', '0000-00-00 00:00:00'),
(7, 'Trẻ em', '7', NULL, 1, NULL, 'Các sản phẩm dành cho trẻ em giá sỉ, buôn sỉ đồ dùng trẻ em như đồ chơi, quần áo...', NULL, 'Các sản phẩm dành cho trẻ em giá sỉ, buôn sỉ đồ dùng trẻ em', NULL, 1, '', 'tre-em1', '0000-00-00 00:00:00', '0000-00-00 00:00:00'),
(8, 'Giày thời trang', NULL, NULL, 1, 95, '', NULL, NULL, NULL, 3, '', 'giay-thoi-trang1', '0000-00-00 00:00:00', '0000-00-00 00:00:00'),
(9, 'Áo cặp', NULL, NULL, 1, 93, '', NULL, NULL, NULL, 3, '', 'ao-cap', '0000-00-00 00:00:00', '0000-00-00 00:00:00'),
(10, 'Áo thun', NULL, NULL, 1, 93, '', NULL, NULL, NULL, 3, '', 'ao-thun', '0000-00-00 00:00:00', '0000-00-00 00:00:00'),
(11, 'Áo khoác - Vest', NULL, NULL, 1, 93, '', NULL, NULL, NULL, 3, '', 'ao-khoac-vest1', '0000-00-00 00:00:00', '0000-00-00 00:00:00'),
(12, 'Quần short', NULL, NULL, 1, 93, '', NULL, NULL, NULL, 3, '', 'quan-short', '0000-00-00 00:00:00', '0000-00-00 00:00:00'),
(13, 'Quần dài', NULL, NULL, 1, 93, '', NULL, NULL, NULL, 3, '', 'quan-dai', '0000-00-00 00:00:00', '0000-00-00 00:00:00'),
(14, 'Đồ lót - Đồ bơi', NULL, NULL, 1, 93, '', NULL, NULL, NULL, 3, '', 'do-lot-do-boi', '0000-00-00 00:00:00', '0000-00-00 00:00:00'),
(15, 'Quần áo thể thao', NULL, NULL, 1, 93, '', NULL, NULL, NULL, 3, '', 'quan-ao-the-thao', '0000-00-00 00:00:00', '0000-00-00 00:00:00'),
(16, 'Áo cặp', NULL, NULL, 0, 94, '', NULL, NULL, NULL, 3, '', 'ao-cap1', '0000-00-00 00:00:00', '0000-00-00 00:00:00'),
(17, 'Áo thun', NULL, NULL, 0, 94, '', NULL, NULL, NULL, 3, '', 'ao-thun1', '0000-00-00 00:00:00', '0000-00-00 00:00:00'),
(18, 'Áo sơ mi - Voan', NULL, NULL, 0, 94, '', NULL, NULL, NULL, 3, '', 'ao-so-mi-voan1', '0000-00-00 00:00:00', '0000-00-00 00:00:00'),
(19, 'Áo khoác - Áo vest', NULL, NULL, 0, 94, '', NULL, NULL, NULL, 3, '', 'ao-khoac-ao-vest1', '0000-00-00 00:00:00', '0000-00-00 00:00:00'),
(20, 'Váy - Đầm', NULL, NULL, 0, 94, '', NULL, NULL, NULL, 3, '', 'vay-dam1', '0000-00-00 00:00:00', '0000-00-00 00:00:00'),
(21, 'Quần short', NULL, NULL, 0, 94, '', NULL, NULL, NULL, 3, '', 'quan-short1', '0000-00-00 00:00:00', '0000-00-00 00:00:00'),
(22, 'Quần lửng', NULL, NULL, 0, 94, '', NULL, NULL, NULL, 3, '', 'quan-lung1', '0000-00-00 00:00:00', '0000-00-00 00:00:00'),
(23, 'Quần dài', NULL, NULL, 0, 94, '', NULL, NULL, NULL, 3, '', 'quan-dai1', '0000-00-00 00:00:00', '0000-00-00 00:00:00'),
(24, 'Đồ bộ - Jumpsuit', NULL, NULL, 0, 94, '', NULL, NULL, NULL, 3, '', 'do-bo-jumpsuit1', '0000-00-00 00:00:00', '0000-00-00 00:00:00'),
(25, 'Quần áo thể thao', NULL, NULL, 0, 94, '', NULL, NULL, NULL, 3, '', 'quan-ao-the-thao1', '0000-00-00 00:00:00', '0000-00-00 00:00:00'),
(26, 'Đồ lót - Đồ bơi', NULL, NULL, 0, 94, '', NULL, NULL, NULL, 3, '', 'do-lot-do-boi1', '0000-00-00 00:00:00', '0000-00-00 00:00:00'),
(27, 'Đồ ngủ', NULL, NULL, 0, 94, '', NULL, NULL, NULL, 3, '', 'do-ngu1', '0000-00-00 00:00:00', '0000-00-00 00:00:00'),
(28, 'Giày bệt - Giày mọi', NULL, NULL, 1, 95, '', NULL, NULL, NULL, 3, '', 'giay-bet-giay-moi', '0000-00-00 00:00:00', '0000-00-00 00:00:00'),
(29, 'Giày tăng chiều cao', NULL, NULL, 1, 95, '', NULL, NULL, NULL, 3, '', 'giay-tang-chieu-cao1', '0000-00-00 00:00:00', '0000-00-00 00:00:00'),
(30, 'Giày thể thao', NULL, NULL, 1, 95, '', NULL, NULL, NULL, 3, '', 'giay-the-thao', '0000-00-00 00:00:00', '0000-00-00 00:00:00'),
(31, 'Giày công sở', NULL, NULL, 1, 95, '', NULL, NULL, NULL, 3, '', 'giay-cong-so1', '0000-00-00 00:00:00', '0000-00-00 00:00:00'),
(32, 'Sandal', NULL, NULL, 1, 95, '', NULL, NULL, NULL, 3, '', 'sandal', '0000-00-00 00:00:00', '0000-00-00 00:00:00'),
(33, 'Dép', NULL, NULL, 1, 95, '', NULL, NULL, NULL, 3, '', 'dep1', '0000-00-00 00:00:00', '0000-00-00 00:00:00'),
(34, 'Phụ kiện giày nam', NULL, NULL, 1, 95, '', NULL, NULL, NULL, 3, '', 'phu-kien-giay-nam1', '0000-00-00 00:00:00', '0000-00-00 00:00:00'),
(35, 'Giày cao gót', NULL, NULL, 0, 96, '', NULL, NULL, NULL, 3, '', 'giay-cao-got1', '0000-00-00 00:00:00', '0000-00-00 00:00:00'),
(36, 'Giày búp bê', NULL, NULL, 0, 96, '', NULL, NULL, NULL, 3, '', 'giay-bup-be1', '0000-00-00 00:00:00', '0000-00-00 00:00:00'),
(37, 'Giày bệt - Giày mọi', NULL, NULL, 0, 96, '', NULL, NULL, NULL, 3, '', 'giay-bet-giay-moi1', '0000-00-00 00:00:00', '0000-00-00 00:00:00'),
(38, 'Sandal', NULL, NULL, 0, 96, '', NULL, NULL, NULL, 3, '', 'sandal1', '0000-00-00 00:00:00', '0000-00-00 00:00:00'),
(39, 'Giày Boot', NULL, NULL, 0, 96, '', NULL, NULL, NULL, 3, '', 'giay-boot1', '0000-00-00 00:00:00', '0000-00-00 00:00:00'),
(40, 'Giày thể thao', NULL, NULL, 0, 96, '', NULL, NULL, NULL, 3, '', 'giay-the-thao1', '0000-00-00 00:00:00', '0000-00-00 00:00:00'),
(41, 'Dép - Guốc', NULL, NULL, 0, 96, '', NULL, NULL, NULL, 3, '', 'dep-guoc1', '0000-00-00 00:00:00', '0000-00-00 00:00:00'),
(42, 'Phụ kiện giày nữ', NULL, NULL, 0, 96, '', NULL, NULL, NULL, 3, '', 'phu-kien-giay-nu1', '0000-00-00 00:00:00', '0000-00-00 00:00:00'),
(43, 'Mũ - Nón', NULL, NULL, 1, 97, '', NULL, NULL, NULL, 3, '', 'mu-non1', '0000-00-00 00:00:00', '0000-00-00 00:00:00'),
(44, 'Mắt kính Nam', NULL, NULL, 1, 97, '', NULL, NULL, NULL, 3, '', 'mat-kinh-nam1', '0000-00-00 00:00:00', '0000-00-00 00:00:00'),
(45, 'Đồng hồ Nam', NULL, NULL, 1, 97, '', NULL, NULL, NULL, 3, '', 'dong-ho-nam1', '0000-00-00 00:00:00', '0000-00-00 00:00:00'),
(46, 'Vòng tay', NULL, NULL, 1, 97, '', NULL, NULL, NULL, 3, '', 'vong-tay1', '0000-00-00 00:00:00', '0000-00-00 00:00:00'),
(47, 'Thắt lưng', NULL, NULL, 1, 97, '', NULL, NULL, NULL, 3, '', 'that-lung', '0000-00-00 00:00:00', '0000-00-00 00:00:00'),
(48, 'Balo', NULL, NULL, 1, 97, '', NULL, NULL, NULL, 3, '', 'balo', '0000-00-00 00:00:00', '0000-00-00 00:00:00'),
(49, 'Túi đeo', NULL, NULL, 1, 97, '', NULL, NULL, NULL, 3, '', 'tui-deo', '0000-00-00 00:00:00', '0000-00-00 00:00:00'),
(50, 'Ví thời trang', NULL, NULL, 1, 97, '', NULL, NULL, NULL, 3, '', 'vi-thoi-trang', '0000-00-00 00:00:00', '0000-00-00 00:00:00'),
(51, 'Nước hoa - mỹ phẩm', NULL, NULL, 1, 97, '', NULL, NULL, NULL, 3, '', 'nuoc-hoa-my-pham', '0000-00-00 00:00:00', '0000-00-00 00:00:00'),
(52, 'Phụ kiện khác', NULL, NULL, 1, 97, '', NULL, NULL, NULL, 3, '', 'phu-kien-khac3', '0000-00-00 00:00:00', '0000-00-00 00:00:00'),
(53, 'Mũ - Nón - Cài tóc', NULL, NULL, 0, 98, '', NULL, NULL, NULL, 3, '', 'mu-non-cai-toc1', '0000-00-00 00:00:00', '0000-00-00 00:00:00'),
(54, 'Mắt kính - Áp tròng', NULL, NULL, 0, 98, '', NULL, NULL, NULL, 3, '', 'mat-kinh-ap-trong1', '0000-00-00 00:00:00', '0000-00-00 00:00:00'),
(55, 'Bông tai', NULL, NULL, 0, 98, '', NULL, NULL, NULL, 3, '', 'bong-tai1', '0000-00-00 00:00:00', '0000-00-00 00:00:00'),
(56, 'Dây chuyền', NULL, NULL, 0, 98, '', NULL, NULL, NULL, 3, '', 'day-chuyen1', '0000-00-00 00:00:00', '0000-00-00 00:00:00'),
(57, 'Đồng hồ Nữ', NULL, NULL, 0, 98, '', NULL, NULL, NULL, 3, '', 'dong-ho-nu1', '0000-00-00 00:00:00', '0000-00-00 00:00:00'),
(58, 'Vòng - Lắc tay', NULL, NULL, 0, 98, '', NULL, NULL, NULL, 3, '', 'vong-lac-tay1', '0000-00-00 00:00:00', '0000-00-00 00:00:00'),
(59, 'Thắt lưng', NULL, NULL, 0, 98, '', NULL, NULL, NULL, 3, '', 'that-lung1', '0000-00-00 00:00:00', '0000-00-00 00:00:00'),
(60, 'Balo', NULL, NULL, 0, 98, '', NULL, NULL, NULL, 3, '', 'balo1', '0000-00-00 00:00:00', '0000-00-00 00:00:00'),
(61, 'Túi đeo', NULL, NULL, 0, 98, '', NULL, NULL, NULL, 3, '', 'tui-deo1', '0000-00-00 00:00:00', '0000-00-00 00:00:00'),
(62, 'Ví thời trang', NULL, NULL, 0, 98, '', NULL, NULL, NULL, 3, '', 'vi-thoi-trang1', '0000-00-00 00:00:00', '0000-00-00 00:00:00'),
(63, 'Nước hoa - mỹ phẩm', NULL, NULL, 0, 98, '', NULL, NULL, NULL, 3, '', 'nuoc-hoa-my-pham1', '0000-00-00 00:00:00', '0000-00-00 00:00:00'),
(64, 'Phụ kiện khác', NULL, NULL, 0, 98, '', NULL, NULL, NULL, 3, '', 'phu-kien-khac4', '0000-00-00 00:00:00', '0000-00-00 00:00:00'),
(65, 'Máy nghe nhạc', NULL, NULL, 1, 114, '', NULL, NULL, NULL, 3, '', 'may-nghe-nhac', '0000-00-00 00:00:00', '0000-00-00 00:00:00'),
(66, 'Headphone', NULL, NULL, 1, 114, '', NULL, NULL, NULL, 3, '', 'headphone', '0000-00-00 00:00:00', '0000-00-00 00:00:00'),
(67, 'Mouse - Keyboard', NULL, NULL, 1, 112, '', NULL, NULL, NULL, 3, '', 'mouse-keyboard1', '0000-00-00 00:00:00', '0000-00-00 00:00:00'),
(68, 'Speaker', NULL, NULL, 1, 114, '', NULL, NULL, NULL, 3, '', 'speaker', '0000-00-00 00:00:00', '0000-00-00 00:00:00'),
(69, 'Ôp lưng - Case', NULL, NULL, 1, 116, '', NULL, NULL, NULL, 3, '', 'op-lung-case1', '0000-00-00 00:00:00', '0000-00-00 00:00:00'),
(117, 'Bé Trai', NULL, NULL, NULL, 7, '', NULL, NULL, NULL, 2, '', 'be-trai1', '0000-00-00 00:00:00', '0000-00-00 00:00:00'),
(71, 'Máy nghe nhạc', NULL, NULL, 0, 114, '', NULL, NULL, NULL, 3, '', 'may-nghe-nhac1', '0000-00-00 00:00:00', '0000-00-00 00:00:00'),
(72, 'Headphone', NULL, NULL, 0, 114, '', NULL, NULL, NULL, 3, '', 'headphone1', '0000-00-00 00:00:00', '0000-00-00 00:00:00'),
(118, 'Bé Gái', NULL, NULL, NULL, 7, '', NULL, NULL, NULL, 2, '', 'be-gai1', '0000-00-00 00:00:00', '0000-00-00 00:00:00'),
(74, 'Speaker', NULL, NULL, 0, 114, '', NULL, NULL, NULL, 3, '', 'speaker1', '0000-00-00 00:00:00', '0000-00-00 00:00:00'),
(116, 'Điện thoại & phụ kiện', NULL, NULL, NULL, 5, '', NULL, NULL, NULL, 2, '', 'dien-thoai-phu-kien1', '0000-00-00 00:00:00', '0000-00-00 00:00:00'),
(79, 'Thời trang bé trai', NULL, NULL, 1, 117, '', NULL, NULL, NULL, 3, '', 'thoi-trang-be-trai1', '0000-00-00 00:00:00', '0000-00-00 00:00:00'),
(80, 'Đồ chơi bé trai', NULL, NULL, 1, 117, '', NULL, NULL, NULL, 3, '', 'do-choi-be-trai1', '0000-00-00 00:00:00', '0000-00-00 00:00:00'),
(81, 'Sản phẩm khác', NULL, NULL, 1, 117, '', NULL, NULL, NULL, 3, '', 'san-pham-khac', '0000-00-00 00:00:00', '0000-00-00 00:00:00'),
(82, 'Thời trang bé gái', NULL, NULL, 0, 118, '', NULL, NULL, NULL, 3, '', 'thoi-trang-be-gai1', '0000-00-00 00:00:00', '0000-00-00 00:00:00'),
(83, 'Đồ chơi bé gái', NULL, NULL, 0, 118, '', NULL, NULL, NULL, 3, '', 'do-choi-be-gai1', '0000-00-00 00:00:00', '0000-00-00 00:00:00'),
(84, 'Sản phẩm khác', NULL, NULL, 0, 118, '', NULL, NULL, NULL, 3, '', 'san-pham-khac1', '0000-00-00 00:00:00', '0000-00-00 00:00:00'),
(86, 'Áo len', NULL, NULL, 1, 93, '', NULL, NULL, NULL, 3, '', 'ao-len', '0000-00-00 00:00:00', '0000-00-00 00:00:00'),
(87, 'Áo len', NULL, NULL, 0, 94, '', NULL, NULL, NULL, 3, '', 'ao-len1', '0000-00-00 00:00:00', '0000-00-00 00:00:00'),
(88, 'Túi xách Nam', NULL, NULL, 1, 97, '', NULL, NULL, NULL, 3, '', 'tui-xach-nam1', '0000-00-00 00:00:00', '0000-00-00 00:00:00'),
(89, 'Túi xách Nữ', NULL, NULL, 0, 98, '', NULL, NULL, NULL, 3, '', 'tui-xach-nu1', '0000-00-00 00:00:00', '0000-00-00 00:00:00'),
(90, 'Nhẫn Nam', NULL, NULL, 1, 97, '', NULL, NULL, NULL, 3, '', 'nhan-nam1', '0000-00-00 00:00:00', '0000-00-00 00:00:00'),
(91, 'Nhẫn Nữ', NULL, NULL, 0, 98, '', NULL, NULL, NULL, 3, '', 'nhan-nu1', '0000-00-00 00:00:00', '0000-00-00 00:00:00'),
(92, 'Test', NULL, NULL, NULL, NULL, 'test', NULL, NULL, NULL, NULL, '', 'test1', '0000-00-00 00:00:00', '0000-00-00 00:00:00'),
(93, 'Nam', NULL, NULL, NULL, 1, '', NULL, NULL, NULL, 2, '', 'nam1', '0000-00-00 00:00:00', '0000-00-00 00:00:00'),
(94, 'Nữ', NULL, NULL, NULL, 1, '', NULL, NULL, NULL, 2, '', 'nu1', '0000-00-00 00:00:00', '0000-00-00 00:00:00'),
(95, 'Giày Nam', NULL, NULL, NULL, 2, '', NULL, NULL, NULL, 2, '', 'giay-nam1', '0000-00-00 00:00:00', '0000-00-00 00:00:00'),
(96, 'Giày Nữ', NULL, NULL, NULL, 2, '', NULL, NULL, NULL, 2, '', 'giay-nu1', '0000-00-00 00:00:00', '0000-00-00 00:00:00'),
(97, 'Phụ kiện cho Nam', NULL, NULL, NULL, 3, '', NULL, NULL, NULL, 2, '', 'phu-kien-cho-nam1', '0000-00-00 00:00:00', '0000-00-00 00:00:00'),
(98, 'Phụ kiện cho Nữ', NULL, NULL, NULL, 3, '', NULL, NULL, NULL, 2, '', 'phu-kien-cho-nu1', '0000-00-00 00:00:00', '0000-00-00 00:00:00'),
(120, 'Quạt', NULL, NULL, NULL, 119, '', NULL, NULL, NULL, 3, '', 'quat1', '0000-00-00 00:00:00', '0000-00-00 00:00:00'),
(119, 'Quạt & Máy nóng lạnh', NULL, NULL, NULL, 4, '', NULL, NULL, NULL, 2, '', 'quat-may-nong-lanh1', '0000-00-00 00:00:00', '0000-00-00 00:00:00'),
(99, 'Nhà bếp', NULL, NULL, NULL, 4, '', NULL, NULL, NULL, 2, '', 'nha-bep1', '0000-00-00 00:00:00', '0000-00-00 00:00:00'),
(100, 'Ấm siêu tốc & bình thủy điện', NULL, NULL, NULL, 99, '', NULL, NULL, NULL, 3, '', 'am-sieu-toc-binh-thuy-dien1', '0000-00-00 00:00:00', '0000-00-00 00:00:00'),
(101, 'Bếp điện, bếp từ & bếp ga', NULL, NULL, NULL, 99, '', NULL, NULL, NULL, 3, '', 'bep-dien-bep-tu-bep-ga1', '0000-00-00 00:00:00', '0000-00-00 00:00:00'),
(102, 'Bình lọc nước', NULL, NULL, NULL, 99, '', NULL, NULL, NULL, 3, '', 'binh-loc-nuoc1', '0000-00-00 00:00:00', '0000-00-00 00:00:00'),
(103, 'Nồi điện', NULL, NULL, NULL, 99, '', NULL, NULL, NULL, 3, '', 'noi-dien1', '0000-00-00 00:00:00', '0000-00-00 00:00:00'),
(104, 'Cây nước nóng lạnh', NULL, NULL, NULL, 99, '', NULL, NULL, NULL, 3, '', 'cay-nuoc-nong-lanh1', '0000-00-00 00:00:00', '0000-00-00 00:00:00'),
(105, 'Chảo điện & máy chiên', NULL, NULL, NULL, 99, '', NULL, NULL, NULL, 3, '', 'chao-dien-may-chien1', '0000-00-00 00:00:00', '0000-00-00 00:00:00'),
(106, 'Dụng cụ & máy làm bánh', NULL, NULL, NULL, 99, '', NULL, NULL, NULL, 3, '', 'dung-cu-may-lam-banh1', '0000-00-00 00:00:00', '0000-00-00 00:00:00'),
(107, 'Lò vi sóng & lò nướng', NULL, NULL, NULL, 99, '', NULL, NULL, NULL, 3, '', 'lo-vi-song-lo-nuong1', '0000-00-00 00:00:00', '0000-00-00 00:00:00'),
(108, 'Máy làm sữa chua & kem', NULL, NULL, NULL, 99, '', NULL, NULL, NULL, 3, '', 'may-lam-sua-chua-kem1', '0000-00-00 00:00:00', '0000-00-00 00:00:00'),
(109, 'Máy nướng bánh mì & sandwich', NULL, NULL, NULL, 99, '', NULL, NULL, NULL, 3, '', 'may-nuong-banh-mi-sandwich1', '0000-00-00 00:00:00', '0000-00-00 00:00:00'),
(110, 'Máy pha cà phê & phụ kiện', NULL, NULL, NULL, 99, '', NULL, NULL, NULL, 3, '', 'may-pha-ca-phe-phu-kien1', '0000-00-00 00:00:00', '0000-00-00 00:00:00'),
(111, 'Máy xay sinh tố', NULL, NULL, NULL, 99, '', NULL, NULL, NULL, 3, '', 'may-xay-sinh-to1', '0000-00-00 00:00:00', '0000-00-00 00:00:00'),
(112, 'Máy vi tính & laptop', NULL, NULL, NULL, 5, '', NULL, NULL, NULL, 2, '', 'may-vi-tinh-laptop1', '0000-00-00 00:00:00', '0000-00-00 00:00:00'),
(113, 'Máy ảnh & máy quay phim', NULL, NULL, NULL, 5, '', NULL, NULL, NULL, 2, '', 'may-anh-may-quay-phim1', '0000-00-00 00:00:00', '0000-00-00 00:00:00'),
(114, 'TV, Video & âm thanh', NULL, NULL, NULL, 5, '', NULL, NULL, NULL, 2, '', 'tv-video-am-thanh1', '0000-00-00 00:00:00', '0000-00-00 00:00:00'),
(115, 'Quạt tản nhiệt', NULL, NULL, NULL, 112, '', NULL, NULL, NULL, 3, '', 'quat-tan-nhiet1', '0000-00-00 00:00:00', '0000-00-00 00:00:00'),
(121, 'Máy lạnh', NULL, NULL, NULL, 119, '', NULL, NULL, NULL, 3, '', 'may-lanh1', '0000-00-00 00:00:00', '0000-00-00 00:00:00'),
(122, 'Máy sưởi ấm', NULL, NULL, NULL, 119, '', NULL, NULL, NULL, 3, '', 'may-suoi-am1', '0000-00-00 00:00:00', '0000-00-00 00:00:00'),
(123, 'Máy nước nóng', NULL, NULL, NULL, 119, '', NULL, NULL, NULL, 3, '', 'may-nuoc-nong1', '0000-00-00 00:00:00', '0000-00-00 00:00:00'),
(124, 'Máy lọc khí, máy hút ẩm & máy tạo độ ẩm', NULL, NULL, NULL, 119, '', NULL, NULL, NULL, 3, '', 'may-loc-khi-may-hut-am-may-tao-do-am1', '0000-00-00 00:00:00', '0000-00-00 00:00:00'),
(125, 'Dụng cụ & thiết bị gia đình', NULL, NULL, NULL, 4, '', NULL, NULL, NULL, 2, '', 'dung-cu-thiet-bi-gia-dinh1', '0000-00-00 00:00:00', '0000-00-00 00:00:00'),
(126, 'Máy hút bụi', NULL, NULL, NULL, 125, '', NULL, NULL, NULL, 3, '', 'may-hut-bui1', '0000-00-00 00:00:00', '0000-00-00 00:00:00'),
(127, 'Chổi & cây lau sàn', NULL, NULL, NULL, 125, '', NULL, NULL, NULL, 3, '', 'choi-cay-lau-san1', '0000-00-00 00:00:00', '0000-00-00 00:00:00'),
(128, 'Dụng cụ lau chùi kiếng', NULL, NULL, NULL, 125, '', NULL, NULL, NULL, 3, '', 'dung-cu-lau-chui-kieng1', '0000-00-00 00:00:00', '0000-00-00 00:00:00'),
(129, 'Pin điện thoại', NULL, NULL, NULL, 116, '', NULL, NULL, NULL, 3, '', 'pin-dien-thoai1', '0000-00-00 00:00:00', '0000-00-00 00:00:00'),
(130, 'Phụ kiện khác', NULL, NULL, NULL, 116, '', NULL, NULL, NULL, 3, '', 'phu-kien-khac5', '0000-00-00 00:00:00', '0000-00-00 00:00:00'),
(131, 'Túi chống sốc', NULL, NULL, NULL, 112, '', NULL, NULL, NULL, 3, '', 'tui-chong-soc1', '0000-00-00 00:00:00', '0000-00-00 00:00:00'),
(132, 'Sạc Laptop (Adapter)', NULL, NULL, NULL, 112, '', NULL, NULL, NULL, 3, '', 'sac-laptop-adapter1', '0000-00-00 00:00:00', '0000-00-00 00:00:00'),
(133, 'Pin laptop', NULL, NULL, NULL, 112, '', NULL, NULL, NULL, 3, '', 'pin-laptop1', '0000-00-00 00:00:00', '0000-00-00 00:00:00'),
(134, 'Phụ kiện khác', NULL, NULL, NULL, 112, '', NULL, NULL, NULL, 3, '', 'phu-kien-khac', '0000-00-00 00:00:00', '0000-00-00 00:00:00'),
(135, 'Máy ảnh chuyên dụng (DSLR)', NULL, NULL, NULL, 113, '', NULL, NULL, NULL, 3, '', 'may-anh-chuyen-dung-dslr1', '0000-00-00 00:00:00', '0000-00-00 00:00:00'),
(136, 'Máy ảnh số', NULL, NULL, NULL, 113, '', NULL, NULL, NULL, 3, '', 'may-anh-so1', '0000-00-00 00:00:00', '0000-00-00 00:00:00'),
(137, 'Máy quay chuyên dụng', NULL, NULL, NULL, 113, '', NULL, NULL, NULL, 3, '', 'may-quay-chuyen-dung1', '0000-00-00 00:00:00', '0000-00-00 00:00:00'),
(138, 'Máy quay handycam', NULL, NULL, NULL, 113, '', NULL, NULL, NULL, 3, '', 'may-quay-handycam1', '0000-00-00 00:00:00', '0000-00-00 00:00:00'),
(139, 'Ống kính (lens)', NULL, NULL, NULL, 113, '', NULL, NULL, NULL, 3, '', 'ong-kinh-lens1', '0000-00-00 00:00:00', '0000-00-00 00:00:00'),
(140, 'Phụ kiện khác', NULL, NULL, NULL, 113, '', NULL, NULL, NULL, 3, '', 'phu-kien-khac1', '0000-00-00 00:00:00', '0000-00-00 00:00:00');

-- --------------------------------------------------------

--
-- Table structure for table `category_attr`
--

CREATE TABLE IF NOT EXISTS `category_attr` (
  `category_attr_id` int(10) unsigned NOT NULL AUTO_INCREMENT,
  `category_id` int(11) NOT NULL,
  `attribute_id` int(11) NOT NULL,
  `required` tinyint(1) NOT NULL,
  `created_at` timestamp NOT NULL DEFAULT '0000-00-00 00:00:00',
  `updated_at` timestamp NOT NULL DEFAULT '0000-00-00 00:00:00',
  PRIMARY KEY (`category_attr_id`)
) ENGINE=InnoDB  DEFAULT CHARSET=utf8 COLLATE=utf8_unicode_ci AUTO_INCREMENT=5 ;

--
-- Dumping data for table `category_attr`
--

INSERT INTO `category_attr` (`category_attr_id`, `category_id`, `attribute_id`, `required`, `created_at`, `updated_at`) VALUES
(1, 94, 1, 1, '0000-00-00 00:00:00', '0000-00-00 00:00:00'),
(2, 94, 2, 1, '0000-00-00 00:00:00', '0000-00-00 00:00:00'),
(3, 94, 3, 0, '0000-00-00 00:00:00', '0000-00-00 00:00:00'),
(4, 94, 4, 0, '0000-00-00 00:00:00', '0000-00-00 00:00:00');

-- --------------------------------------------------------

--
-- Table structure for table `category_keyword`
--

CREATE TABLE IF NOT EXISTS `category_keyword` (
  `id` int(11) NOT NULL AUTO_INCREMENT,
  `category_id` int(5) NOT NULL,
  `category_keyword` varchar(100) NOT NULL,
  `totalitem` int(11) DEFAULT NULL,
  PRIMARY KEY (`id`)
) ENGINE=InnoDB  DEFAULT CHARSET=utf8 AUTO_INCREMENT=14 ;

--
-- Dumping data for table `category_keyword`
--

INSERT INTO `category_keyword` (`id`, `category_id`, `category_keyword`, `totalitem`) VALUES
(4, 1, 'quần áo', 110),
(5, 1, 'Thảo cute', NULL),
(6, 1, 'đồ lót', NULL),
(7, 1, 'đầm thun body', NULL),
(8, 1, 'đầm thun body 1', NULL),
(9, 1, 'đầm thun body 2', NULL),
(10, 1, 'đầm thun body 3', NULL),
(11, 1, 'đầm thun body 4', NULL),
(12, 1, 'đầm thun body 5', NULL),
(13, 1, 'đầm thun body 6', NULL);

-- --------------------------------------------------------

--
-- Table structure for table `category_old`
--

CREATE TABLE IF NOT EXISTS `category_old` (
  `category_id` int(2) NOT NULL AUTO_INCREMENT,
  `category_name` varchar(100) COLLATE utf8_unicode_ci DEFAULT NULL,
  `category_order` varchar(100) COLLATE utf8_unicode_ci DEFAULT NULL,
  `follow_total` bigint(15) DEFAULT NULL,
  `gender` tinyint(1) DEFAULT NULL COMMENT '0 = female, 1 = male',
  `parent` int(2) DEFAULT NULL,
  `level` tinyint(1) DEFAULT NULL,
  `meta_description` varchar(100) COLLATE utf8_unicode_ci DEFAULT NULL,
  `meta_keyword` varchar(100) COLLATE utf8_unicode_ci DEFAULT NULL,
  `meta_title` varchar(100) COLLATE utf8_unicode_ci DEFAULT NULL,
  `rewrite_url` varchar(100) COLLATE utf8_unicode_ci DEFAULT NULL,
  `category_intro` text COLLATE utf8_unicode_ci NOT NULL,
  PRIMARY KEY (`category_id`)
) ENGINE=MyISAM  DEFAULT CHARSET=utf8 COLLATE=utf8_unicode_ci AUTO_INCREMENT=88 ;

--
-- Dumping data for table `category_old`
--

INSERT INTO `category_old` (`category_id`, `category_name`, `category_order`, `follow_total`, `gender`, `parent`, `level`, `meta_description`, `meta_keyword`, `meta_title`, `rewrite_url`, `category_intro`) VALUES
(1, 'Thời trang', '1', NULL, 1, NULL, 1, '', NULL, '', NULL, '<p><strong>Test</strong></p>\r\n'),
(2, 'Giày dép', '2', NULL, 1, NULL, 1, '', NULL, NULL, NULL, ''),
(3, 'Phụ kiện', '3', NULL, 1, NULL, 1, '', NULL, NULL, NULL, ''),
(4, 'Gia dụng', '4', NULL, 1, NULL, 1, '', NULL, NULL, NULL, ''),
(5, 'Hitech', '5', NULL, 1, NULL, 1, '', NULL, NULL, NULL, ''),
(7, 'Trẻ em', '7', NULL, 1, NULL, 1, '', NULL, NULL, NULL, ''),
(8, 'Giày thời trang', NULL, NULL, 1, 2, 2, '', NULL, NULL, NULL, ''),
(9, 'Áo cặp', NULL, NULL, 1, 86, 3, '', NULL, NULL, NULL, ''),
(10, 'Áo thun', NULL, NULL, 1, 86, 3, '', NULL, NULL, NULL, ''),
(11, 'Áo khoác - Vest', NULL, NULL, 1, 86, 3, '', NULL, NULL, NULL, ''),
(12, 'Quần short', NULL, NULL, 1, 86, 3, '', NULL, NULL, NULL, ''),
(13, 'Quần dài', NULL, NULL, 1, 86, 3, '', NULL, NULL, NULL, ''),
(14, 'Đồ lót - Đồ bơi', NULL, NULL, 1, 86, 3, '', NULL, NULL, NULL, ''),
(15, 'Quần áo thể thao', NULL, NULL, 1, 86, 3, '', NULL, NULL, NULL, ''),
(16, 'Áo cặp', NULL, NULL, 0, 87, 3, '', NULL, NULL, NULL, ''),
(17, 'Áo thun', NULL, NULL, 0, 87, 3, '', NULL, NULL, NULL, ''),
(18, 'Áo sơ mi - Voan', NULL, NULL, 0, 87, 3, '', NULL, NULL, NULL, ''),
(19, 'Áo khoác - Áo vest', NULL, NULL, 0, 87, 3, '', NULL, NULL, NULL, ''),
(20, 'Váy - Đầm', NULL, NULL, 0, 87, 3, '', NULL, NULL, NULL, ''),
(21, 'Quần short', NULL, NULL, 0, 87, 3, '', NULL, NULL, NULL, ''),
(22, 'Quần lửng', NULL, NULL, 0, 87, 3, '', NULL, NULL, NULL, ''),
(23, 'Quần dài', NULL, NULL, 0, 87, 3, '', NULL, NULL, NULL, ''),
(24, 'Đồ bộ - Jumpsuit', NULL, NULL, 0, 87, 3, '', NULL, NULL, NULL, ''),
(25, 'Quần áo thể thao', NULL, NULL, 0, 87, 3, '', NULL, NULL, NULL, ''),
(26, 'Đồ lót - Đồ bơi', NULL, NULL, 0, 87, 3, '', NULL, NULL, NULL, ''),
(27, 'Đồ ngủ', NULL, NULL, 0, 87, 3, '', NULL, NULL, NULL, ''),
(28, 'Giày bệt - Giày mọi', NULL, NULL, 1, 2, 2, '', NULL, NULL, NULL, ''),
(29, 'Giày tăng chiều cao', NULL, NULL, 1, 2, 2, '', NULL, NULL, NULL, ''),
(30, 'Giày thể thao', NULL, NULL, 1, 2, 2, '', NULL, NULL, NULL, ''),
(31, 'Giày công sở', NULL, NULL, 1, 2, 2, '', NULL, NULL, NULL, ''),
(32, 'Sandal', NULL, NULL, 1, 2, 2, '', NULL, NULL, NULL, ''),
(33, 'Dép', NULL, NULL, 1, 2, 2, '', NULL, NULL, NULL, ''),
(34, 'Phụ kiện giày', NULL, NULL, 1, 2, 2, '', NULL, NULL, NULL, ''),
(35, 'Giày cao gót', NULL, NULL, 0, 2, 2, '', NULL, NULL, NULL, ''),
(36, 'Giày búp bê', NULL, NULL, 0, 2, 2, '', NULL, NULL, NULL, ''),
(37, 'Giày bệt - Giày mọi', NULL, NULL, 0, 2, 2, '', NULL, NULL, NULL, ''),
(38, 'Sandal', NULL, NULL, 0, 2, 2, '', NULL, NULL, NULL, ''),
(39, 'Giày Boot', NULL, NULL, 0, 2, 2, '', NULL, NULL, NULL, ''),
(40, 'Giày thể thao', NULL, NULL, 0, 2, 2, '', NULL, NULL, NULL, ''),
(41, 'Dép - Guốc', NULL, NULL, 0, 2, 2, '', NULL, NULL, NULL, ''),
(42, 'Phụ kiện giày', NULL, NULL, 0, 2, 2, '', NULL, NULL, NULL, ''),
(43, 'Mũ - Nón', NULL, NULL, 1, 3, 2, '', NULL, NULL, NULL, ''),
(44, 'Mắt kính', NULL, NULL, 1, 3, 2, '', NULL, NULL, NULL, ''),
(45, 'Đồng hồ', NULL, NULL, 1, 3, 2, '', NULL, NULL, NULL, ''),
(46, 'Vòng tay', NULL, NULL, 1, 3, 2, '', NULL, NULL, NULL, ''),
(47, 'Thắt lưng', NULL, NULL, 1, 3, 2, '', NULL, NULL, NULL, ''),
(48, 'Balo', NULL, NULL, 1, 3, 2, '', NULL, NULL, NULL, ''),
(49, 'Túi đeo', NULL, NULL, 1, 3, 2, '', NULL, NULL, NULL, ''),
(50, 'Ví thời trang', NULL, NULL, 1, 3, 2, '', NULL, NULL, NULL, ''),
(51, 'Nước hoa - mỹ phẩm', NULL, NULL, 1, 3, 2, '', NULL, NULL, NULL, ''),
(52, 'Phụ kiện khác', NULL, NULL, 1, 3, 2, '', NULL, NULL, NULL, ''),
(53, 'Mũ - Nón - Cài tóc', NULL, NULL, 0, 3, 2, '', NULL, NULL, NULL, ''),
(54, 'Mắt kính - Áp tròng', NULL, NULL, 0, 3, 2, '', NULL, NULL, NULL, ''),
(55, 'Bông tai', NULL, NULL, 0, 3, 2, '', NULL, NULL, NULL, ''),
(56, 'Dây chuyền', NULL, NULL, 0, 3, 2, '', NULL, NULL, NULL, ''),
(57, 'Đồng hồ', NULL, NULL, 0, 3, 2, '', NULL, NULL, NULL, ''),
(58, 'Vòng - Lắc tay', NULL, NULL, 0, 3, 2, '', NULL, NULL, NULL, ''),
(59, 'Thắt lưng', NULL, NULL, 0, 3, 2, '', NULL, NULL, NULL, ''),
(60, 'Balo', NULL, NULL, 0, 3, 2, '', NULL, NULL, NULL, ''),
(61, 'Túi đeo', NULL, NULL, 0, 3, 2, '', NULL, NULL, NULL, ''),
(62, 'Ví thời trang', NULL, NULL, 0, 3, 2, '', NULL, NULL, NULL, ''),
(63, 'Nước hoa - mỹ phẩm', NULL, NULL, 0, 3, 2, '', NULL, NULL, NULL, ''),
(64, 'Phụ kiện khác', NULL, NULL, 0, 3, 2, '', NULL, NULL, NULL, ''),
(65, 'Máy nghe nhạc', NULL, NULL, 1, 5, 2, '', NULL, NULL, NULL, ''),
(66, 'Headphone', NULL, NULL, 1, 5, 2, '', NULL, NULL, NULL, ''),
(67, 'Mouse - Keyboard', NULL, NULL, 1, 5, 2, '', NULL, NULL, NULL, ''),
(68, 'Speaker', NULL, NULL, 1, 5, 2, '', NULL, NULL, NULL, ''),
(69, 'Ôp lưng - Case', NULL, NULL, 1, 5, 2, '', NULL, NULL, NULL, ''),
(70, 'Phụ kiện khác', NULL, NULL, 1, 5, 2, '', NULL, NULL, NULL, ''),
(71, 'Máy nghe nhạc', NULL, NULL, 0, 5, 2, '', NULL, NULL, NULL, ''),
(72, 'Headphone', NULL, NULL, 0, 5, 2, '', NULL, NULL, NULL, ''),
(73, 'Mouse - Keyboard', NULL, NULL, 0, 5, 2, '', NULL, NULL, NULL, ''),
(74, 'Speaker', NULL, NULL, 0, 5, 2, '', NULL, NULL, NULL, ''),
(75, 'Ôp lưng - Case', NULL, NULL, 0, 5, 2, '', NULL, NULL, NULL, ''),
(76, 'Phụ kiện khác', NULL, NULL, 0, 5, 2, '', NULL, NULL, NULL, ''),
(77, 'Xem tất cả', NULL, NULL, 1, 4, 2, '', NULL, NULL, NULL, ''),
(78, 'Xem tất cả', NULL, NULL, 0, 4, 2, '', NULL, NULL, NULL, ''),
(79, 'Thời trang bé trai', NULL, NULL, 1, 7, 2, '', NULL, NULL, NULL, ''),
(80, 'Đồ chơi bé trai', NULL, NULL, 1, 7, 2, '', NULL, NULL, NULL, ''),
(81, 'Sản phẩm khác', NULL, NULL, 1, 7, 2, '', NULL, NULL, NULL, ''),
(82, 'Thời trang bé gái', NULL, NULL, 0, 7, 2, '', NULL, NULL, NULL, ''),
(83, 'Đồ chơi bé gái', NULL, NULL, 0, 7, 2, '', NULL, NULL, NULL, ''),
(84, 'Sản phẩm khác', NULL, NULL, 0, 7, 2, '', NULL, NULL, NULL, ''),
(85, 'Test áo cặp', NULL, NULL, NULL, 9, 3, '', NULL, NULL, NULL, ''),
(86, 'Nam', NULL, NULL, NULL, 1, 2, '', NULL, NULL, NULL, ''),
(87, 'Nữ', NULL, NULL, NULL, 1, 2, '', NULL, NULL, NULL, '');

-- --------------------------------------------------------

--
-- Table structure for table `censorship`
--

CREATE TABLE IF NOT EXISTS `censorship` (
  `censorship_id` int(10) NOT NULL AUTO_INCREMENT,
  `shop_id` tinyint(4) DEFAULT NULL,
  `product_name` varchar(50) NOT NULL DEFAULT '0',
  `category` int(2) NOT NULL DEFAULT '0',
  `product_img` char(40) DEFAULT NULL,
  `gender` tinyint(1) NOT NULL DEFAULT '0',
  `price` int(11) NOT NULL DEFAULT '0',
  `price_wili` int(11) NOT NULL DEFAULT '0',
  `province` tinyint(2) NOT NULL DEFAULT '0',
  `product_info` text,
  `status` tinyint(1) DEFAULT NULL COMMENT '0 = chua duyet, 1= da lien he, 2 huy, 3 oke',
  `status_product` tinyint(1) DEFAULT NULL COMMENT '0= het hang, 1 =con hang',
  `note` varchar(50) DEFAULT NULL,
  `time` int(11) DEFAULT NULL,
  PRIMARY KEY (`censorship_id`)
) ENGINE=MyISAM DEFAULT CHARSET=utf8 ROW_FORMAT=DYNAMIC AUTO_INCREMENT=1 ;

-- --------------------------------------------------------

--
-- Table structure for table `censorship_gift`
--

CREATE TABLE IF NOT EXISTS `censorship_gift` (
  `id` int(10) NOT NULL AUTO_INCREMENT,
  `SponsorId` tinyint(4) DEFAULT NULL,
  `ProductName` varchar(50) NOT NULL DEFAULT '0',
  `Category` int(2) NOT NULL DEFAULT '0',
  `ProductImg` char(40) DEFAULT NULL,
  `Gender` tinyint(1) NOT NULL DEFAULT '0',
  `Price` int(11) NOT NULL DEFAULT '0',
  `Province` tinyint(2) NOT NULL DEFAULT '0',
  `StartTime` datetime DEFAULT NULL,
  `EndTime` datetime DEFAULT NULL,
  `Quantum` tinyint(2) NOT NULL DEFAULT '0',
  `ProductInfo` text,
  `Status` tinyint(1) DEFAULT NULL COMMENT '0 = chua duyet, 1= da lien he, 2 huy',
  `Note` varchar(50) DEFAULT NULL,
  PRIMARY KEY (`id`)
) ENGINE=MyISAM DEFAULT CHARSET=utf8 ROW_FORMAT=DYNAMIC AUTO_INCREMENT=1 ;

-- --------------------------------------------------------

--
-- Table structure for table `censorship_image`
--

CREATE TABLE IF NOT EXISTS `censorship_image` (
  `id` int(10) NOT NULL AUTO_INCREMENT,
  `censorship_id` int(10) DEFAULT NULL,
  `image` int(10) DEFAULT NULL,
  PRIMARY KEY (`id`)
) ENGINE=MyISAM DEFAULT CHARSET=utf8 ROW_FORMAT=FIXED COMMENT='bo anh product' AUTO_INCREMENT=1 ;

-- --------------------------------------------------------

--
-- Table structure for table `closet`
--

CREATE TABLE IF NOT EXISTS `closet` (
  `closet_id` bigint(15) NOT NULL AUTO_INCREMENT,
  `closet_name` varchar(100) COLLATE utf8_unicode_ci NOT NULL DEFAULT '0',
  `closet_description` varchar(255) COLLATE utf8_unicode_ci NOT NULL DEFAULT '0',
  `closet_icon` tinyint(1) NOT NULL DEFAULT '0',
  `user_id` bigint(15) NOT NULL DEFAULT '0',
  `follower_total` int(11) NOT NULL DEFAULT '0',
  `product_total` int(11) NOT NULL DEFAULT '0',
  `category_id` int(2) NOT NULL DEFAULT '0',
  `theme_id` tinyint(1) NOT NULL DEFAULT '0',
  `dateline` int(11) NOT NULL DEFAULT '0',
  `closet_type` tinyint(1) DEFAULT '0' COMMENT '1 = free',
  PRIMARY KEY (`closet_id`)
) ENGINE=MyISAM  DEFAULT CHARSET=utf8 COLLATE=utf8_unicode_ci AUTO_INCREMENT=65 ;

--
-- Dumping data for table `closet`
--

INSERT INTO `closet` (`closet_id`, `closet_name`, `closet_description`, `closet_icon`, `user_id`, `follower_total`, `product_total`, `category_id`, `theme_id`, `dateline`, `closet_type`) VALUES
(1, 'Tủ đồ của tôi', '', 0, 4, 0, 1, 0, 0, 1386752389, 0),
(2, 'Yêu thích', '', 0, 4, 0, 1, 0, 0, 1386752389, 1),
(3, 'Tủ đồ của tôi', '', 0, 5, 0, 1, 0, 0, 1386752467, 0),
(4, 'Yêu thích', '', 0, 5, 0, 1, 0, 0, 1386752467, 1),
(5, 'Tủ đồ của tôi', '', 0, 6, 0, 1, 0, 0, 1386753080, 0),
(6, 'Yêu thích', '', 0, 6, 0, 1, 0, 0, 1386753080, 1),
(7, 'Tủ đồ của tôi', '', 0, 7, 0, 1, 0, 0, 1386753189, 0),
(8, 'Yêu thích', '', 0, 7, 0, 1, 0, 0, 1386753189, 1),
(9, 'Tủ đồ của tôi', '', 0, 8, 0, 1, 0, 0, 1386753357, 0),
(10, 'Yêu thích', '', 0, 8, 0, 1, 0, 0, 1386753357, 1),
(11, 'Tủ đồ của tôi', '', 0, 9, 0, 1, 0, 0, 1386754600, 0),
(12, 'Yêu thích', '', 0, 9, 0, 1, 0, 0, 1386754600, 1),
(13, 'Tủ đồ của tôi', '', 0, 10, 0, 1, 0, 0, 1386754810, 0),
(14, 'Yêu thích', '', 0, 10, 0, 1, 0, 0, 1386754810, 1),
(15, 'Tủ đồ của tôi', '', 0, 11, 0, 1, 0, 0, 1386754853, 0),
(16, 'Yêu thích', '', 0, 11, 0, 1, 0, 0, 1386754853, 1),
(17, 'Tủ đồ của tôi', '', 0, 12, 0, 1, 0, 0, 1386755030, 0),
(18, 'Yêu thích', '', 0, 12, 0, 1, 0, 0, 1386755030, 1),
(19, 'Tủ đồ của tôi', '', 0, 13, 0, 1, 0, 0, 1386755054, 0),
(20, 'Yêu thích', '', 0, 13, 0, 1, 0, 0, 1386755054, 1),
(21, 'Tủ đồ của tôi', '', 0, 14, 0, 1, 0, 0, 1387214335, 0),
(22, 'Yêu thích', '', 0, 14, 0, 1, 0, 0, 1387214335, 1),
(23, 'Tủ đồ của tôi', '', 0, 15, 0, 1, 0, 0, 1387269421, 0),
(24, 'Yêu thích', '', 0, 15, 0, 1, 0, 0, 1387269421, 1),
(25, 'Tủ đồ của tôi', '', 0, 16, 0, 1, 0, 0, 1387269521, 0),
(26, 'Yêu thích', '', 0, 16, 0, 1, 0, 0, 1387269521, 1),
(27, 'Tủ đồ của tôi', '', 0, 17, 0, 1, 0, 0, 1387269628, 0),
(28, 'Yêu thích', '', 0, 17, 0, 1, 0, 0, 1387269628, 1),
(29, 'Tủ đồ của tôi', '', 0, 18, 0, 1, 0, 0, 1387269872, 0),
(30, 'Yêu thích', '', 0, 18, 0, 1, 0, 0, 1387269872, 1),
(31, 'Tủ đồ của tôi', '', 0, 19, 0, 1, 0, 0, 1387269919, 0),
(32, 'Yêu thích', '', 0, 19, 0, 1, 0, 0, 1387269919, 1),
(33, 'Tủ đồ của tôi', '', 0, 20, 0, 1, 0, 0, 1387269947, 0),
(34, 'Yêu thích', '', 0, 20, 0, 1, 0, 0, 1387269947, 1),
(35, 'Tủ đồ của tôi', '', 0, 21, 0, 1, 0, 0, 1387272956, 0),
(36, 'Yêu thích', '', 0, 21, 0, 1, 0, 0, 1387272956, 1),
(37, 'Tủ đồ của tôi', '', 0, 22, 0, 1, 0, 0, 1387273023, 0),
(38, 'Yêu thích', '', 0, 22, 0, 1, 0, 0, 1387273023, 1),
(39, 'Tủ đồ của tôi', '', 0, 23, 0, 1, 0, 0, 1387273216, 0),
(40, 'Yêu thích', '', 0, 23, 0, 1, 0, 0, 1387273216, 1),
(41, 'Tủ đồ của tôi', '', 0, 24, 0, 1, 0, 0, 1387274122, 0),
(42, 'Yêu thích', '', 0, 24, 0, 1, 0, 0, 1387274122, 1),
(43, 'Tủ đồ của tôi', '', 0, 25, 0, 1, 0, 0, 1389599204, 0),
(44, 'Yêu thích', '', 0, 25, 0, 1, 0, 0, 1389599204, 1),
(45, 'Tủ đồ của tôi', '', 0, 26, 0, 1, 0, 0, 1396119265, 0),
(46, 'Yêu thích', '', 0, 26, 0, 1, 0, 0, 1396119265, 1),
(47, 'Tủ đồ của tôi', '', 0, 27, 0, 1, 0, 0, 1396421486, 0),
(48, 'Yêu thích', '', 0, 27, 0, 1, 0, 0, 1396421486, 1),
(49, 'Tủ đồ của tôi', '', 0, 28, 0, 1, 0, 0, 1396451802, 0),
(50, 'Yêu thích', '', 0, 28, 0, 1, 0, 0, 1396451802, 1),
(51, 'Tủ đồ của tôi', '', 0, 29, 0, 1, 0, 0, 1396769558, 0),
(52, 'Yêu thích', '', 0, 29, 0, 1, 0, 0, 1396769558, 1),
(53, 'Tủ đồ của tôi', '', 0, 30, 0, 1, 0, 0, 1396770396, 0),
(54, 'Yêu thích', '', 0, 30, 0, 1, 0, 0, 1396770396, 1),
(55, 'Tủ đồ của tôi', '', 0, 34, 0, 1, 0, 0, 1398676897, 0),
(56, 'Yêu thích', '', 0, 34, 0, 1, 0, 0, 1398676897, 1),
(57, 'Tủ đồ của tôi', '', 0, 35, 0, 1, 0, 0, 1399484612, 0),
(58, 'Yêu thích', '', 0, 35, 0, 1, 0, 0, 1399484612, 1),
(59, 'Tủ đồ của tôi', '', 0, 36, 0, 1, 0, 0, 1399484683, 0),
(60, 'Yêu thích', '', 0, 36, 0, 1, 0, 0, 1399484683, 1),
(61, 'Tủ đồ của tôi', '', 0, 37, 0, 1, 0, 0, 1399484742, 0),
(62, 'Yêu thích', '', 0, 37, 0, 1, 0, 0, 1399484742, 1),
(63, 'Tủ đồ của tôi', '', 0, 46, 0, 1, 0, 0, 1403322571, 0),
(64, 'Yêu thích', '', 0, 46, 0, 1, 0, 0, 1403322571, 1);

-- --------------------------------------------------------

--
-- Table structure for table `comment`
--

CREATE TABLE IF NOT EXISTS `comment` (
  `comment_id` bigint(15) NOT NULL AUTO_INCREMENT,
  `comment_content` text COLLATE utf8_unicode_ci,
  `user_id` bigint(15) DEFAULT NULL,
  `dateline` int(11) DEFAULT NULL,
  `product_id` bigint(15) DEFAULT NULL,
  `parent_id` bigint(15) DEFAULT NULL,
  `hasChildren` tinyint(1) DEFAULT '0',
  PRIMARY KEY (`comment_id`)
) ENGINE=MyISAM DEFAULT CHARSET=utf8 COLLATE=utf8_unicode_ci AUTO_INCREMENT=1 ;

-- --------------------------------------------------------

--
-- Table structure for table `contact`
--

CREATE TABLE IF NOT EXISTS `contact` (
  `id` int(11) NOT NULL AUTO_INCREMENT,
  `messageType` enum('product','store') NOT NULL,
  `fromId` int(11) NOT NULL,
  `toId` int(11) NOT NULL,
  `refId` int(11) NOT NULL,
  `dateline` int(11) NOT NULL,
  `isRead` tinyint(1) NOT NULL DEFAULT '0',
  `toType` enum('suplier','retailer') NOT NULL,
  `messageContent` text NOT NULL,
  PRIMARY KEY (`id`)
) ENGINE=InnoDB  DEFAULT CHARSET=utf8 AUTO_INCREMENT=4 ;

--
-- Dumping data for table `contact`
--

INSERT INTO `contact` (`id`, `messageType`, `fromId`, `toId`, `refId`, `dateline`, `isRead`, `toType`, `messageContent`) VALUES
(1, 'product', 1, 23, 43, 1393226001, 0, 'suplier', 'Liên hệ phát nào'),
(2, 'product', 1, 23, 43, 1393226189, 0, 'suplier', 'Liên hệ phát nào'),
(3, 'product', 1, 23, 43, 1393226474, 0, 'suplier', 'Test');

-- --------------------------------------------------------

--
-- Table structure for table `email_container`
--

CREATE TABLE IF NOT EXISTS `email_container` (
  `email_id` int(11) NOT NULL AUTO_INCREMENT,
  `email_from` varchar(200) NOT NULL,
  `email_to` varchar(200) NOT NULL,
  `email_content` text NOT NULL,
  `email_subject` varchar(200) NOT NULL,
  PRIMARY KEY (`email_id`)
) ENGINE=InnoDB  DEFAULT CHARSET=utf8 AUTO_INCREMENT=48 ;

--
-- Dumping data for table `email_container`
--

INSERT INTO `email_container` (`email_id`, `email_from`, `email_to`, `email_content`, `email_subject`) VALUES
(1, 'test@thitruongsi.com', 'lequivn@gmail.com', 'test content', 'test'),
(2, 'test@thitruongsi.com', 'lequivn@gmail.com', 'test content', 'ttest'),
(3, 'test@thitruongsi.com', 'lequivn@gmail.com', 'test content', 'test'),
(4, 'test@thitruongsi.com', 'lequivn@gmail.com', 'test content', 'sdfsd'),
(5, 'test@thitruongsi.com', 'lequivn@gmail.com', 'test content', 'dfasdf'),
(6, 'test@thitruongsi.com', 'lequivn@gmail.com', 'test content', 'asdf'),
(7, 'test@thitruongsi.com', 'lequivn@gmail.com', 'test content', 'asdfa'),
(8, 'test@thitruongsi.com', 'lequivn@gmail.com', 'test content', 'asdfasdf'),
(9, 'test@thitruongsi.com', 'lequivn@gmail.com', 'test content', 'fasdf'),
(10, 'test@thitruongsi.com', 'lequivn@gmail.com', 'test content', 'adfa'),
(11, 'test@thitruongsi.com', 'lequivn@gmail.com', 'test content', 'afdasf'),
(12, 'test@thitruongsi.com', 'lequivn@gmail.com', 'test content', 'adfasdf'),
(13, 'test@thitruongsi.com', 'lequivn@gmail.com', 'test content', 'fdasfa'),
(14, 'test@thitruongsi.com', 'lequivn@gmail.com', 'test content', 'adf'),
(15, 'test@thitruongsi.com', 'lequivn@gmail.com', 'test content', 'afdsf'),
(16, 'test@thitruongsi.com', 'lequivn@gmail.com', 'test content', 'asdfasdfafsd'),
(17, 'test@thitruongsi.com', 'lequivn@gmail.com', 'test content', 'test'),
(18, 'test@thitruongsi.com', 'lequivn@gmail.com', 'test content', 'test'),
(19, 'test@thitruongsi.com', 'lequivn@gmail.com', 'test content', 'test'),
(20, 'test@thitruongsi.com', 'lequivn@gmail.com', 'test content', 'test'),
(21, 'test@thitruongsi.com', 'lequivn@gmail.com', 'test content', 'test'),
(22, 'test@thitruongsi.com', 'lequivn@gmail.com', 'test content', 'test'),
(23, 'test@thitruongsi.com', 'lequivn@gmail.com', 'test content', 'test'),
(24, 'test@thitruongsi.com', 'lequivn@gmail.com', 'test content', 'test'),
(25, 'test@thitruongsi.com', 'lequivn@gmail.com', 'test content', 'test'),
(26, 'test@thitruongsi.com', 'lequivn@gmail.com', 'test content', 'test'),
(27, 'test@thitruongsi.com', 'lequivn@gmail.com', 'test content', 'test'),
(28, 'test@thitruongsi.com', 'lequivn@gmail.com', 'test content', 'test'),
(29, 'test@thitruongsi.com', 'lequivn@gmail.com', 'test content', 'test'),
(30, 'test@thitruongsi.com', 'lequivn@gmail.com', 'test content', 'test'),
(31, 'test@thitruongsi.com', 'lequivn@gmail.com', 'test content', 'test'),
(32, 'test@thitruongsi.com', 'lequivn@gmail.com', 'test content', 'test'),
(33, 'test@thitruongsi.com', 'lequivn@gmail.com', 'test content', 'test'),
(34, 'test@thitruongsi.com', 'lequivn@gmail.com', 'test content', 'test'),
(35, 'test@thitruongsi.com', 'lequivn@gmail.com', 'test content', 'test'),
(36, 'support@thitruongsi.com', 'nhattieu@gmail.com', 'Chào bạn,<br />\n		Tài khoản nhà cung cấp của bạn trên Thị Trường Sỉ đã được duyệt trước đó.<br />\n		Hãy xem các bài viết trong mục hỗ trợ để sử dụng Thị Trường Sỉ tốt hơn:\n		- Hướng dẫn cách đăng sản phẩm<br />\n		- Hướng dẫn cách quản lý sản phẩm đã đăng<br />\n		- Thay đổi thông tin nhà cung cấp<br />\n		- Hướng dẫn thay đổi màu sắc, giao diện trang nhà cung cấp<br />\n		Nếu bạn gặp khó khăn trong việc sử dụng hoặc muốn đóng góp ý kiến, xin đừng ngần ngại email cho chúng tôi qua: <a href="mailto:support@thitruongsi.com">support@thitruongsi.com</a> hoặc trả lời email này.<br />\n		\n		Cám ơn bạn đã tham gia Thị Trường Sỉ và chúc bạn thành công!<br /><br />\n		ThiTruongSi.Com\n		', 'Bạn đã sử dụng Thị Trường Sỉ chưa?'),
(37, 'support@thitruongsi.com', 'lequivn@gmail.com', 'Chào bạn,<br />\n		Tài khoản nhà cung cấp của bạn trên Thị Trường Sỉ đã được duyệt trước đó.<br />\n		Hãy xem các bài viết trong mục hỗ trợ để sử dụng Thị Trường Sỉ tốt hơn:\n		- Hướng dẫn cách đăng sản phẩm<br />\n		- Hướng dẫn cách quản lý sản phẩm đã đăng<br />\n		- Thay đổi thông tin nhà cung cấp<br />\n		- Hướng dẫn thay đổi màu sắc, giao diện trang nhà cung cấp<br />\n		Nếu bạn gặp khó khăn trong việc sử dụng hoặc muốn đóng góp ý kiến, xin đừng ngần ngại email cho chúng tôi qua: <a href="mailto:support@thitruongsi.com">support@thitruongsi.com</a> hoặc trả lời email này.<br />\n		\n		Cám ơn bạn đã tham gia Thị Trường Sỉ và chúc bạn thành công!<br /><br />\n		ThiTruongSi.Com\n		', 'Bạn đã sử dụng Thị Trường Sỉ chưa?'),
(38, 'support@thitruongsi.com', 'lequiasdf@gmail.com', '<html><body><table cellpadding="0" cellspacing="0" style="width: 500px;">\n        <tr>\n        <td style="background: #333;height: 20px;color: #FFF; padding: 8px"><strong>Thị Trường Sỉ</strong></td>\n        </tr>\n        <tr>\n        <td style="padding:10px">Chào nhà cung cấp <strong>Test</strong>,<br />\n                            Đã 121 ngày rồi từ lúc đăng ký tài khoản trên Thị Trường Sỉ bạn chưa đăng sản phẩm nào.<br />\n                            Nếu bạn gặp khó khăn trong việc đăng sản phẩm, vui lòng liên hệ ngay email support@thitruongsi.com hoặc trả lời lại email này để được hỗ trợ nhé.<br />\n                            Rất mong sự hợp tác từ bạn.\n                            </td>\n        </tr>\n        <tr>\n        <td style="height: 25px;color: #999; padding: 10px;font-size: 9pt">\n        Gửi đến lequiasdf@gmail.com từ Thị Trường Sỉ.<br />\n        </td>\n        </tr>\n        </table></body>', 'V/v đăng sản phẩm lên Thị Trường Sỉ'),
(39, 'support@thitruongsi.com', 'lequivn@adsfasd.com', '<html><body><table cellpadding="0" cellspacing="0" style="width: 500px;">\n        <tr>\n        <td style="background: #333;height: 20px;color: #FFF; padding: 8px"><strong>Thị Trường Sỉ</strong></td>\n        </tr>\n        <tr>\n        <td style="padding:10px">Chào nhà cung cấp <strong>Le Quy</strong>,<br />\n                            Đã 121 ngày rồi từ lúc đăng ký tài khoản trên Thị Trường Sỉ bạn chưa đăng sản phẩm nào.<br />\n                            Nếu bạn gặp khó khăn trong việc đăng sản phẩm, vui lòng liên hệ ngay email support@thitruongsi.com hoặc trả lời lại email này để được hỗ trợ nhé.<br />\n                            Rất mong sự hợp tác từ bạn.\n                            </td>\n        </tr>\n        <tr>\n        <td style="height: 25px;color: #999; padding: 10px;font-size: 9pt">\n        Gửi đến lequivn@adsfasd.com từ Thị Trường Sỉ.<br />\n        </td>\n        </tr>\n        </table></body>', 'V/v đăng sản phẩm lên Thị Trường Sỉ'),
(40, 'support@thitruongsi.com', 'nhattieu3xcvzx@gmail.com', '<html><body><table cellpadding="0" cellspacing="0" style="width: 500px;">\n        <tr>\n        <td style="background: #333;height: 20px;color: #FFF; padding: 8px"><strong>Thị Trường Sỉ</strong></td>\n        </tr>\n        <tr>\n        <td style="padding:10px">Chào nhà cung cấp <strong>Le Quy</strong>,<br />\n                            Đã 115 ngày rồi từ lúc đăng ký tài khoản trên Thị Trường Sỉ bạn chưa đăng sản phẩm nào.<br />\n                            Nếu bạn gặp khó khăn trong việc đăng sản phẩm, vui lòng liên hệ ngay email support@thitruongsi.com hoặc trả lời lại email này để được hỗ trợ nhé.<br />\n                            Rất mong sự hợp tác từ bạn.\n                            </td>\n        </tr>\n        <tr>\n        <td style="height: 25px;color: #999; padding: 10px;font-size: 9pt">\n        Gửi đến nhattieu3xcvzx@gmail.com từ Thị Trường Sỉ.<br />\n        </td>\n        </tr>\n        </table></body>', 'V/v đăng sản phẩm lên Thị Trường Sỉ'),
(41, 'support@thitruongsi.com', 'jasdfjkasldf@gmail.com', '<html><body><table cellpadding="0" cellspacing="0" style="width: 500px;">\n        <tr>\n        <td style="background: #333;height: 20px;color: #FFF; padding: 8px"><strong>Thị Trường Sỉ</strong></td>\n        </tr>\n        <tr>\n        <td style="padding:10px">Chào nhà cung cấp <strong>asdjfkalsdjflk</strong>,<br />\n                            Đã 115 ngày rồi từ lúc đăng ký tài khoản trên Thị Trường Sỉ bạn chưa đăng sản phẩm nào.<br />\n                            Nếu bạn gặp khó khăn trong việc đăng sản phẩm, vui lòng liên hệ ngay email support@thitruongsi.com hoặc trả lời lại email này để được hỗ trợ nhé.<br />\n                            Rất mong sự hợp tác từ bạn.\n                            </td>\n        </tr>\n        <tr>\n        <td style="height: 25px;color: #999; padding: 10px;font-size: 9pt">\n        Gửi đến jasdfjkasldf@gmail.com từ Thị Trường Sỉ.<br />\n        </td>\n        </tr>\n        </table></body>', 'V/v đăng sản phẩm lên Thị Trường Sỉ'),
(42, 'support@thitruongsi.com', 'asdfasdf@gmail.com', '<html><body><table cellpadding="0" cellspacing="0" style="width: 500px;">\n        <tr>\n        <td style="background: #333;height: 20px;color: #FFF; padding: 8px"><strong>Thị Trường Sỉ</strong></td>\n        </tr>\n        <tr>\n        <td style="padding:10px">Chào nhà cung cấp <strong>Leasdf</strong>,<br />\n                            Đã 9 ngày rồi từ lúc đăng ký tài khoản trên Thị Trường Sỉ bạn chưa đăng sản phẩm nào.<br />\n                            Nếu bạn gặp khó khăn trong việc đăng sản phẩm, vui lòng liên hệ ngay email support@thitruongsi.com hoặc trả lời lại email này để được hỗ trợ nhé.<br />\n                            Rất mong sự hợp tác từ bạn.\n                            </td>\n        </tr>\n        <tr>\n        <td style="height: 25px;color: #999; padding: 10px;font-size: 9pt">\n        Gửi đến asdfasdf@gmail.com từ Thị Trường Sỉ.<br />\n        </td>\n        </tr>\n        </table></body>', 'V/v đăng sản phẩm lên Thị Trường Sỉ'),
(43, 'support@thitruongsi.com', 'nhattieu@gmail.com', 'Chào bạn,<br />\n		Tài khoản nhà bán sỉ của bạn trên Thị Trường Sỉ đã được duyệt trước đó.<br />\n		Hãy xem các bài viết trong mục hỗ trợ để sử dụng Thị Trường Sỉ tốt hơn: <a href="http://trogiup.thitruongsi.com?utm_medium=email&utm_source=email&utm_campaign=email-support">http://trogiup.thitruongsi.com/</a>\n		Nếu bạn gặp khó khăn trong việc sử dụng hoặc muốn đóng góp ý kiến, xin đừng ngần ngại email cho chúng tôi qua: <a href="mailto:support@thitruongsi.com">support@thitruongsi.com</a> hoặc trả lời email này.<br />\n		\n		Cám ơn bạn đã tham gia Thị Trường Sỉ và chúc bạn thành công!<br /><br />\n		ThiTruongSi.Com\n		', 'Bạn đã sử dụng Thị Trường Sỉ chưa?'),
(44, 'support@thitruongsi.com', 'nhattieu@gmail.com', 'Chào bạn,<br />\n		Tài khoản nhà bán sỉ của bạn trên Thị Trường Sỉ đã được duyệt trước đó.<br />\n		Hãy xem các bài viết trong mục hỗ trợ để sử dụng Thị Trường Sỉ tốt hơn: <a href="http://trogiup.thitruongsi.com?utm_medium=email&utm_source=email&utm_campaign=email-support">http://trogiup.thitruongsi.com/</a>\n		Nếu bạn gặp khó khăn trong việc sử dụng hoặc muốn đóng góp ý kiến, xin đừng ngần ngại email cho chúng tôi qua: <a href="mailto:support@thitruongsi.com">support@thitruongsi.com</a> hoặc trả lời email này.<br />\n		\n		Cám ơn bạn đã tham gia Thị Trường Sỉ và chúc bạn thành công!<br /><br />\n		ThiTruongSi.Com\n		', 'Bạn đã sử dụng Thị Trường Sỉ chưa?'),
(45, 'support@thitruongsi.com', 'nhattieu@gmail.com', 'Chào bạn,<br />\n		Tài khoản nhà bán sỉ của bạn trên Thị Trường Sỉ đã được duyệt trước đó.<br />\n		Hãy xem các bài viết trong mục hỗ trợ để sử dụng Thị Trường Sỉ tốt hơn: <a href="http://trogiup.thitruongsi.com?utm_medium=email&utm_source=email&utm_campaign=email-support">http://trogiup.thitruongsi.com/</a>\n		Nếu bạn gặp khó khăn trong việc sử dụng hoặc muốn đóng góp ý kiến, xin đừng ngần ngại email cho chúng tôi qua: <a href="mailto:support@thitruongsi.com">support@thitruongsi.com</a> hoặc trả lời email này.<br />\n		\n		Cám ơn bạn đã tham gia Thị Trường Sỉ và chúc bạn thành công!<br /><br />\n		ThiTruongSi.Com\n		', 'Bạn đã sử dụng Thị Trường Sỉ chưa?'),
(46, 'support@thitruongsi.com', 'nhattieu@gmail.com', 'Chào bạn,<br />\n		Tài khoản nhà bán sỉ của bạn trên Thị Trường Sỉ đã được duyệt trước đó.<br />\n		Hãy xem các bài viết trong mục hỗ trợ để sử dụng Thị Trường Sỉ tốt hơn: <a href="http://trogiup.thitruongsi.com?utm_medium=email&utm_source=email&utm_campaign=email-support">http://trogiup.thitruongsi.com/</a>\n		Nếu bạn gặp khó khăn trong việc sử dụng hoặc muốn đóng góp ý kiến, xin đừng ngần ngại email cho chúng tôi qua: <a href="mailto:support@thitruongsi.com">support@thitruongsi.com</a> hoặc trả lời email này.<br />\n		\n		Cám ơn bạn đã tham gia Thị Trường Sỉ và chúc bạn thành công!<br /><br />\n		ThiTruongSi.Com\n		', 'Bạn đã sử dụng Thị Trường Sỉ chưa?'),
(47, 'support@thitruongsi.com', 'lequivn@gmail.com', 'Chào bạn,<br />\n		Tài khoản nhà bán sỉ của bạn trên Thị Trường Sỉ đã được duyệt trước đó.<br />\n		Hãy xem các bài viết trong mục hỗ trợ để sử dụng Thị Trường Sỉ tốt hơn: <a href="http://trogiup.thitruongsi.com?utm_medium=email&utm_source=email&utm_campaign=email-support">http://trogiup.thitruongsi.com/</a>\n		Nếu bạn gặp khó khăn trong việc sử dụng hoặc muốn đóng góp ý kiến, xin đừng ngần ngại email cho chúng tôi qua: <a href="mailto:support@thitruongsi.com">support@thitruongsi.com</a> hoặc trả lời email này.<br />\n		\n		Cám ơn bạn đã tham gia Thị Trường Sỉ và chúc bạn thành công!<br /><br />\n		ThiTruongSi.Com\n		', 'Bạn đã sử dụng Thị Trường Sỉ chưa?');

-- --------------------------------------------------------

--
-- Table structure for table `email_scheduler`
--

CREATE TABLE IF NOT EXISTS `email_scheduler` (
  `id` int(11) NOT NULL AUTO_INCREMENT,
  `email_id` int(11) NOT NULL,
  `time` int(11) NOT NULL,
  `status` tinyint(1) NOT NULL DEFAULT '0',
  `send_time` int(11) DEFAULT NULL,
  PRIMARY KEY (`id`),
  KEY `email_id` (`email_id`)
) ENGINE=InnoDB  DEFAULT CHARSET=utf8 AUTO_INCREMENT=47 ;

--
-- Dumping data for table `email_scheduler`
--

INSERT INTO `email_scheduler` (`id`, `email_id`, `time`, `status`, `send_time`) VALUES
(1, 2, 1394177931, 1, 1394184197),
(2, 3, 1394177932, 1, 1394184197),
(3, 4, 1394177933, 1, 1394184197),
(4, 5, 1394177934, 1, 1394184197),
(5, 6, 1394177976, 1, 1394184197),
(6, 7, 1394178098, 0, NULL),
(7, 8, 1394178103, 0, NULL),
(8, 9, 1394178106, 0, NULL),
(9, 10, 1394178132, 0, NULL),
(10, 11, 1394178135, 0, NULL),
(11, 12, 1394178138, 0, NULL),
(12, 13, 1394178158, 0, NULL),
(13, 14, 1394178197, 0, NULL),
(14, 15, 1394178199, 0, NULL),
(15, 16, 1394178202, 0, NULL),
(16, 17, 1394092586, 1, 1394092586),
(17, 18, 1394092589, 1, 1394092634),
(18, 19, 1394092592, 1, 1394092634),
(19, 20, 1394092598, 1, 1394092634),
(20, 21, 1394092610, 1, 1394092634),
(21, 22, 1394092749, 1, 1394092774),
(22, 23, 1394092753, 1, 1394092774),
(23, 24, 1394092755, 1, 1394092774),
(24, 25, 1394092757, 1, 1394092774),
(25, 26, 1394092760, 1, 1394092774),
(26, 27, 1394092971, 1, 1394094467),
(27, 28, 1394092971, 1, 1394094467),
(28, 29, 1394092973, 1, 1394094467),
(29, 30, 1394094679, 0, NULL),
(30, 31, 1394095553, 0, NULL),
(31, 32, 1394095553, 0, NULL),
(32, 33, 1394095554, 0, NULL),
(33, 34, 1394095554, 0, NULL),
(34, 35, 1394184386, 0, NULL),
(35, 36, 1394272669, 0, NULL),
(36, 37, 1394696092, 0, NULL),
(37, 38, 1397190348, 0, NULL),
(38, 39, 1397190348, 0, NULL),
(39, 40, 1397190348, 0, NULL),
(40, 41, 1397190348, 0, NULL),
(41, 42, 1397190348, 0, NULL),
(42, 43, 1410705066, 0, NULL),
(43, 44, 1410705083, 0, NULL),
(44, 45, 1410705184, 0, NULL),
(45, 46, 1410705420, 0, NULL),
(46, 47, 1411126146, 0, NULL);

-- --------------------------------------------------------

--
-- Table structure for table `facebook_friend`
--

CREATE TABLE IF NOT EXISTS `facebook_friend` (
  `id` bigint(15) NOT NULL AUTO_INCREMENT,
  `facebook_userid` bigint(15) NOT NULL DEFAULT '0',
  `facebook_friendid` bigint(15) NOT NULL DEFAULT '0',
  PRIMARY KEY (`id`)
) ENGINE=MyISAM DEFAULT CHARSET=utf8 COLLATE=utf8_unicode_ci AUTO_INCREMENT=1 ;

-- --------------------------------------------------------

--
-- Table structure for table `facebook_user`
--

CREATE TABLE IF NOT EXISTS `facebook_user` (
  `id` bigint(15) NOT NULL AUTO_INCREMENT,
  `facebook_userid` bigint(15) DEFAULT NULL,
  `facebook_username` varchar(100) COLLATE utf8_unicode_ci DEFAULT NULL,
  `facebook_email` varchar(255) COLLATE utf8_unicode_ci DEFAULT NULL,
  `facebook_name` varchar(100) COLLATE utf8_unicode_ci DEFAULT NULL,
  PRIMARY KEY (`id`)
) ENGINE=MyISAM DEFAULT CHARSET=utf8 COLLATE=utf8_unicode_ci AUTO_INCREMENT=1 ;

-- --------------------------------------------------------

--
-- Table structure for table `follow`
--

CREATE TABLE IF NOT EXISTS `follow` (
  `follow_id` bigint(15) NOT NULL AUTO_INCREMENT,
  `user_id` int(10) DEFAULT NULL,
  `follow_type` tinyint(1) DEFAULT NULL COMMENT '1 = shop, 2 = user',
  `follow_toid` bigint(15) DEFAULT NULL,
  `dateline` int(11) DEFAULT NULL,
  PRIMARY KEY (`follow_id`)
) ENGINE=MyISAM  DEFAULT CHARSET=utf8 COLLATE=utf8_unicode_ci AUTO_INCREMENT=176 ;

--
-- Dumping data for table `follow`
--

INSERT INTO `follow` (`follow_id`, `user_id`, `follow_type`, `follow_toid`, `dateline`) VALUES
(124, 1, 2, 23, 1403070469),
(83, 25, 3, 2, 1400569696),
(14, 25, 2, 22, 1395919700),
(126, 33, 3, 1, 1403324234),
(87, 25, 2, 24, 1401174150),
(173, 1, 2, 31, 1408097471),
(37, 1, 3, 2, 1398332167),
(38, 1, 3, 3, 1398332348),
(39, 1, 3, 4, 1398332451),
(33, 1, 3, 5, 1398068781),
(40, 2, 3, 1, 1398357097),
(41, 2, 3, 2, 1398357109),
(42, 34, 3, 1, 1399006099),
(43, 25, 3, 1, 1399006180),
(44, 37, 3, 1, 1399529078),
(81, 25, 4, 31, 1400316357),
(84, 25, 3, 3, 1400569698),
(88, 25, 4, 24, 1401174151),
(167, 1, 4, 31, 1408097401),
(127, 39, 3, 7, 1403324354),
(128, 46, 3, 7, 1403324397),
(132, 2, 4, 22, 1403346607),
(148, 1, 5, 72, 1404222900),
(149, 33, 3, 3, 1404294088),
(172, 1, 2, 24, 1408097455),
(155, 1, 2, 22, 1404547930),
(170, 1, 3, 7, 1408097419),
(171, 1, 2, 32, 1408097444),
(174, 32, 3, 2, 1410361729),
(175, 23, 3, 1, 1410953394);

-- --------------------------------------------------------

--
-- Table structure for table `gcm_data`
--

CREATE TABLE IF NOT EXISTS `gcm_data` (
  `id` int(11) NOT NULL AUTO_INCREMENT,
  `regid` varchar(200) NOT NULL,
  `dateline` int(11) NOT NULL,
  PRIMARY KEY (`id`)
) ENGINE=InnoDB DEFAULT CHARSET=utf8 AUTO_INCREMENT=1 ;

-- --------------------------------------------------------

--
-- Table structure for table `hashtag`
--

CREATE TABLE IF NOT EXISTS `hashtag` (
  `hashtag_id` bigint(15) NOT NULL AUTO_INCREMENT,
  `user_id` bigint(15) NOT NULL DEFAULT '0',
  `hashtag_content` varchar(100) COLLATE utf8_unicode_ci DEFAULT NULL,
  `hashtag_total` int(11) DEFAULT NULL,
  `hashtag_follower_total` int(11) DEFAULT NULL,
  `dateline` int(11) DEFAULT NULL,
  PRIMARY KEY (`hashtag_id`)
) ENGINE=MyISAM DEFAULT CHARSET=utf8 COLLATE=utf8_unicode_ci AUTO_INCREMENT=1 ;

-- --------------------------------------------------------

--
-- Table structure for table `hashtag_meta`
--

CREATE TABLE IF NOT EXISTS `hashtag_meta` (
  `hashtagmeta_id` bigint(15) NOT NULL AUTO_INCREMENT,
  `hashtag_id` bigint(15) DEFAULT NULL,
  `product_id` int(11) DEFAULT NULL,
  PRIMARY KEY (`hashtagmeta_id`)
) ENGINE=MyISAM DEFAULT CHARSET=utf8 COLLATE=utf8_unicode_ci AUTO_INCREMENT=1 ;

-- --------------------------------------------------------

--
-- Table structure for table `load_product_request`
--

CREATE TABLE IF NOT EXISTS `load_product_request` (
  `load_product_request_id` int(10) unsigned NOT NULL AUTO_INCREMENT,
  `sku` varchar(255) COLLATE utf8_unicode_ci NOT NULL,
  `user_request_id` int(11) NOT NULL,
  `shop_id` int(11) NOT NULL,
  `status_id` int(11) NOT NULL,
  `created_at` timestamp NOT NULL DEFAULT '0000-00-00 00:00:00',
  `updated_at` timestamp NOT NULL DEFAULT '0000-00-00 00:00:00',
  `is_user_filled` tinyint(1) NOT NULL DEFAULT '0',
  `is_filled_enough` tinyint(1) NOT NULL DEFAULT '0',
  `is_confirmed_after_user_filled` tinyint(1) NOT NULL DEFAULT '0',
  PRIMARY KEY (`load_product_request_id`)
) ENGINE=InnoDB  DEFAULT CHARSET=utf8 COLLATE=utf8_unicode_ci AUTO_INCREMENT=13 ;

--
-- Dumping data for table `load_product_request`
--

INSERT INTO `load_product_request` (`load_product_request_id`, `sku`, `user_request_id`, `shop_id`, `status_id`, `created_at`, `updated_at`, `is_user_filled`, `is_filled_enough`, `is_confirmed_after_user_filled`) VALUES
(6, 'prdrq_phimnhanh1_6', 1, 22, 6, '2015-01-26 01:44:35', '2015-01-29 18:19:14', 1, 0, 1),
(10, 'prdrq_phimnhanh1_10', 1, 22, 4, '2015-01-26 02:00:50', '2015-01-29 16:09:12', 1, 0, 0),
(11, 'prdrq_phimnhanh1_11', 1, 22, 2, '2015-01-27 01:32:16', '2015-01-29 18:06:26', 1, 1, 1),
(12, 'prdrq_phimnhanh1_12', 1, 22, 1, '2015-02-02 01:29:53', '2015-02-02 01:29:53', 0, 0, 0);

-- --------------------------------------------------------

--
-- Table structure for table `load_product_request_product`
--

CREATE TABLE IF NOT EXISTS `load_product_request_product` (
  `load_product_request_product_id` int(10) unsigned NOT NULL AUTO_INCREMENT,
  `load_product_request_id` int(11) NOT NULL,
  `product_id` int(11) NOT NULL,
  `quantity_request` int(11) NOT NULL,
  `created_at` timestamp NOT NULL DEFAULT '0000-00-00 00:00:00',
  `updated_at` timestamp NOT NULL DEFAULT '0000-00-00 00:00:00',
  `quantity_user_send` int(11) DEFAULT NULL,
  PRIMARY KEY (`load_product_request_product_id`)
) ENGINE=InnoDB  DEFAULT CHARSET=utf8 COLLATE=utf8_unicode_ci AUTO_INCREMENT=14 ;

--
-- Dumping data for table `load_product_request_product`
--

INSERT INTO `load_product_request_product` (`load_product_request_product_id`, `load_product_request_id`, `product_id`, `quantity_request`, `created_at`, `updated_at`, `quantity_user_send`) VALUES
(5, 6, 229, 12, '2015-01-26 01:44:35', '2015-01-28 17:11:51', 12),
(9, 10, 229, 16, '2015-01-26 02:00:50', '2015-01-29 16:08:53', 3),
(10, 11, 222, 12, '2015-01-27 01:32:16', '2015-01-29 18:06:26', 12),
(11, 6, 224, 17, '2015-01-27 18:19:16', '2015-01-29 11:42:17', 15),
(12, 12, 224, 12, '2015-02-02 01:29:53', '2015-02-02 01:29:53', NULL),
(13, 12, 229, 34, '2015-02-02 01:29:53', '2015-02-02 01:29:53', NULL);

-- --------------------------------------------------------

--
-- Table structure for table `load_product_request_status`
--

CREATE TABLE IF NOT EXISTS `load_product_request_status` (
  `load_product_request_status_id` int(10) unsigned NOT NULL AUTO_INCREMENT,
  `admin_status_text` varchar(255) COLLATE utf8_unicode_ci NOT NULL,
  `admin_action_text` varchar(255) COLLATE utf8_unicode_ci NOT NULL,
  `user_status_text` varchar(255) COLLATE utf8_unicode_ci NOT NULL,
  `user_action_text` varchar(255) COLLATE utf8_unicode_ci NOT NULL,
  `identity` varchar(255) COLLATE utf8_unicode_ci NOT NULL,
  `is_show_for_user` tinyint(1) NOT NULL DEFAULT '0',
  `created_at` timestamp NOT NULL DEFAULT '0000-00-00 00:00:00',
  `updated_at` timestamp NOT NULL DEFAULT '0000-00-00 00:00:00',
  `is_in_progress` tinyint(1) NOT NULL DEFAULT '0',
  `editable` tinyint(1) NOT NULL DEFAULT '0',
  `is_user_fillable` tinyint(1) NOT NULL DEFAULT '0',
  PRIMARY KEY (`load_product_request_status_id`)
) ENGINE=InnoDB  DEFAULT CHARSET=utf8 COLLATE=utf8_unicode_ci AUTO_INCREMENT=7 ;

--
-- Dumping data for table `load_product_request_status`
--

INSERT INTO `load_product_request_status` (`load_product_request_status_id`, `admin_status_text`, `admin_action_text`, `user_status_text`, `user_action_text`, `identity`, `is_show_for_user`, `created_at`, `updated_at`, `is_in_progress`, `editable`, `is_user_fillable`) VALUES
(1, 'Chưa yêu cầu', 'Chưa yêu cầu', 'Chưa yêu cầu', 'Chưa yêu cầu', 'chua-yeu-cau', 0, '2015-01-23 16:19:51', '2015-01-26 13:33:40', 1, 1, 0),
(2, 'Đã yêu cầu', 'Gửi yêu cầu', 'TSS yêu cầu hàng', 'Gửi yêu cầu', 'da-yeu-cau', 1, '2015-01-23 16:35:57', '2015-01-29 16:20:00', 0, 1, 1),
(3, 'Tạm dừng', 'Tạm dừng', 'Tạm dừng', 'Tạm dừng', 'tam-dung', 1, '2015-01-23 16:36:49', '2015-01-26 13:33:58', 1, 1, 0),
(4, 'Đã hủy', 'Hủy yêu cầu', 'TTS hủy yêu cầu', 'Hủy yêu cầu', 'da-huy', 1, '2015-01-23 16:37:38', '2015-01-23 16:37:38', 0, 0, 0),
(5, 'NCC đang gửi hàng', 'Gửi hàng', 'Đang gửi hàng', 'Gửi hàng', 'ncc-dang-gui-hang', 1, '2015-01-23 16:38:25', '2015-01-23 16:38:25', 0, 0, 0),
(6, 'Thành công', 'Xác nhận đã thành công', 'Thành công', 'Thành công', 'thanh-cong', 1, '2015-01-23 16:39:57', '2015-01-23 16:39:57', 0, 0, 0);

-- --------------------------------------------------------

--
-- Table structure for table `load_product_request_status_changeable_accept`
--

CREATE TABLE IF NOT EXISTS `load_product_request_status_changeable_accept` (
  `changeable_accept_id` int(10) unsigned NOT NULL AUTO_INCREMENT,
  `status_id` int(11) NOT NULL,
  `accept_id` int(11) NOT NULL,
  `message_required` tinyint(1) NOT NULL DEFAULT '0',
  `created_at` timestamp NOT NULL DEFAULT '0000-00-00 00:00:00',
  `updated_at` timestamp NOT NULL DEFAULT '0000-00-00 00:00:00',
  `is_admin_show` tinyint(1) NOT NULL DEFAULT '0',
  `is_user_show` tinyint(1) NOT NULL DEFAULT '0',
  PRIMARY KEY (`changeable_accept_id`)
) ENGINE=InnoDB  DEFAULT CHARSET=utf8 COLLATE=utf8_unicode_ci AUTO_INCREMENT=11 ;

--
-- Dumping data for table `load_product_request_status_changeable_accept`
--

INSERT INTO `load_product_request_status_changeable_accept` (`changeable_accept_id`, `status_id`, `accept_id`, `message_required`, `created_at`, `updated_at`, `is_admin_show`, `is_user_show`) VALUES
(2, 1, 2, 0, '0000-00-00 00:00:00', '0000-00-00 00:00:00', 1, 0),
(3, 2, 3, 1, '0000-00-00 00:00:00', '0000-00-00 00:00:00', 1, 0),
(4, 2, 4, 1, '0000-00-00 00:00:00', '0000-00-00 00:00:00', 1, 0),
(6, 2, 5, 0, '0000-00-00 00:00:00', '0000-00-00 00:00:00', 0, 1),
(8, 3, 2, 0, '0000-00-00 00:00:00', '0000-00-00 00:00:00', 1, 0),
(9, 5, 6, 0, '0000-00-00 00:00:00', '0000-00-00 00:00:00', 1, 0),
(10, 1, 3, 0, '0000-00-00 00:00:00', '0000-00-00 00:00:00', 0, 0);

-- --------------------------------------------------------

--
-- Table structure for table `load_product_request_status_history`
--

CREATE TABLE IF NOT EXISTS `load_product_request_status_history` (
  `load_product_request_status_history_id` int(10) unsigned NOT NULL AUTO_INCREMENT,
  `load_product_request_id` int(11) NOT NULL,
  `status_id` int(11) NOT NULL,
  `message` text COLLATE utf8_unicode_ci,
  `created_at` timestamp NOT NULL DEFAULT '0000-00-00 00:00:00',
  `updated_at` timestamp NOT NULL DEFAULT '0000-00-00 00:00:00',
  PRIMARY KEY (`load_product_request_status_history_id`)
) ENGINE=InnoDB  DEFAULT CHARSET=utf8 COLLATE=utf8_unicode_ci AUTO_INCREMENT=17 ;

--
-- Dumping data for table `load_product_request_status_history`
--

INSERT INTO `load_product_request_status_history` (`load_product_request_status_history_id`, `load_product_request_id`, `status_id`, `message`, `created_at`, `updated_at`) VALUES
(1, 6, 2, '', '2015-01-26 14:50:29', '2015-01-26 14:50:29'),
(2, 10, 2, '', '2015-01-26 14:50:41', '2015-01-26 14:50:41'),
(3, 10, 3, 'ko có gì cả', '2015-01-26 14:51:13', '2015-01-26 14:51:13'),
(4, 10, 2, '', '2015-01-26 14:51:18', '2015-01-26 14:51:18'),
(5, 10, 3, '', '2015-01-26 14:51:36', '2015-01-26 14:51:36'),
(6, 6, 3, '', '2015-01-26 17:51:39', '2015-01-26 17:51:39'),
(7, 6, 2, '', '2015-01-27 23:58:58', '2015-01-27 23:58:58'),
(8, 10, 2, '', '2015-01-29 13:54:55', '2015-01-29 13:54:55'),
(9, 10, 4, '', '2015-01-29 16:09:12', '2015-01-29 16:09:12'),
(10, 6, 3, '', '2015-01-29 16:28:09', '2015-01-29 16:28:09'),
(11, 6, 2, '', '2015-01-29 16:28:23', '2015-01-29 16:28:23'),
(12, 6, 3, '', '2015-01-29 16:28:41', '2015-01-29 16:28:41'),
(13, 6, 2, '', '2015-01-29 16:28:51', '2015-01-29 16:28:51'),
(14, 11, 2, '', '2015-01-29 17:50:16', '2015-01-29 17:50:16'),
(15, 6, 5, '', '2015-01-29 18:08:58', '2015-01-29 18:08:58'),
(16, 6, 6, '', '2015-01-29 18:19:14', '2015-01-29 18:19:14');

-- --------------------------------------------------------

--
-- Table structure for table `load_product_request_variant`
--

CREATE TABLE IF NOT EXISTS `load_product_request_variant` (
  `load_product_request_variant_id` int(10) unsigned NOT NULL AUTO_INCREMENT,
  `load_product_request_product_id` int(11) NOT NULL,
  `variant_id` int(11) NOT NULL,
  `quantity_request` int(11) NOT NULL,
  `created_at` timestamp NOT NULL DEFAULT '0000-00-00 00:00:00',
  `updated_at` timestamp NOT NULL DEFAULT '0000-00-00 00:00:00',
  `quantity_user_send` int(11) DEFAULT NULL,
  PRIMARY KEY (`load_product_request_variant_id`)
) ENGINE=InnoDB  DEFAULT CHARSET=utf8 COLLATE=utf8_unicode_ci AUTO_INCREMENT=24 ;

--
-- Dumping data for table `load_product_request_variant`
--

INSERT INTO `load_product_request_variant` (`load_product_request_variant_id`, `load_product_request_product_id`, `variant_id`, `quantity_request`, `created_at`, `updated_at`, `quantity_user_send`) VALUES
(9, 5, 44, 12, '2015-01-26 01:44:35', '2015-01-28 17:11:51', 12),
(17, 9, 45, 4, '2015-01-26 02:00:50', '2015-01-29 16:08:53', 1),
(18, 9, 44, 12, '2015-01-26 10:55:33', '2015-01-29 16:08:53', 2),
(19, 10, 222, 12, '2015-01-27 01:32:16', '2015-01-27 01:32:16', NULL),
(20, 11, 35, 14, '2015-01-27 18:19:16', '2015-01-29 11:42:17', 12),
(21, 11, 36, 3, '2015-01-27 18:19:16', '2015-01-29 11:25:27', 3),
(22, 12, 35, 12, '2015-02-02 01:29:53', '2015-02-02 01:29:53', NULL),
(23, 13, 45, 34, '2015-02-02 01:29:53', '2015-02-02 01:29:53', NULL);

-- --------------------------------------------------------

--
-- Table structure for table `message`
--

CREATE TABLE IF NOT EXISTS `message` (
  `id` bigint(15) NOT NULL AUTO_INCREMENT,
  `to_userid` bigint(15) NOT NULL DEFAULT '0',
  `from_userid` bigint(15) NOT NULL DEFAULT '0',
  `message` varchar(500) NOT NULL,
  `time` int(10) NOT NULL DEFAULT '0',
  `unread` tinyint(1) NOT NULL DEFAULT '1',
  PRIMARY KEY (`id`)
) ENGINE=MyISAM DEFAULT CHARSET=utf8 AUTO_INCREMENT=1 ;

-- --------------------------------------------------------

--
-- Table structure for table `migrations`
--

CREATE TABLE IF NOT EXISTS `migrations` (
  `migration` varchar(255) COLLATE utf8_unicode_ci NOT NULL,
  `batch` int(11) NOT NULL
) ENGINE=InnoDB DEFAULT CHARSET=utf8 COLLATE=utf8_unicode_ci;

--
-- Dumping data for table `migrations`
--

INSERT INTO `migrations` (`migration`, `batch`) VALUES
('2014_11_21_145225_entrust_setup_tables', 1),
('2014_12_09_122609_create_product_attributes', 2),
('2014_12_12_180941_create_product_prices', 3),
('2014_12_12_181121_create_product_variants', 3),
('2014_12_22_165914_add_product_attribute', 4),
('2015_01_07_133456_add_web_config', 5),
('2015_01_09_120025_add_enable_colum_product_variant', 5),
('2015_01_09_170256_add_system_notify', 5),
('2015_01_09_181511_add_product_status', 5),
('2015_01_10_102831_add_shop_status', 5),
('2015_01_13_162335_create_product_warranty_status', 6),
('2015_01_16_094841_update_product_status_and_warranty_status', 6),
('2015_01_16_153707_add_product_sku_and_content_filled_checking', 6),
('2015_01_17_094702_add_cat_shop_key', 6),
('2015_01_17_103401_add_admin_actiontest_for_shop_status', 6),
('2015_01_17_115747_change_cat_shop_key', 6),
('2015_01_17_121303_adadd_variable_for_checking_update_shop', 6),
('2015_01_17_180826_add_shop_changed_history', 6),
('2015_01_22_083522_add_product_quantity', 7),
('2015_01_22_182522_add_sku_for_variant', 8),
('2015_01_23_102235_create_product_stock_request', 9),
('2015_01_23_164231_update_product_stock_request_status', 10),
('2015_01_23_180215_add_is_in_progress_for_load_product_r', 11),
('2015_01_26_131249_add_editable_load_product_request_status', 12),
('2015_01_28_144220_update_load_load_product_request_v2', 13),
('2015_01_28_163203_update_load_load_product_request_v3', 14),
('2015_01_30_173421_create_stock_in_and_return_products', 15);

-- --------------------------------------------------------

--
-- Table structure for table `notification`
--

CREATE TABLE IF NOT EXISTS `notification` (
  `notification_id` bigint(15) NOT NULL AUTO_INCREMENT,
  `user_id` bigint(15) NOT NULL DEFAULT '0',
  `from_id` int(15) NOT NULL DEFAULT '0',
  `from_type` tinyint(1) NOT NULL DEFAULT '0' COMMENT '//0 = cho so, 1 = co ban join, 2 = trung so, 3 = vua co ket qua',
  `status` tinyint(1) NOT NULL DEFAULT '0',
  `dateline` int(11) NOT NULL DEFAULT '0',
  `thirdparty_id` int(10) DEFAULT NULL,
  PRIMARY KEY (`notification_id`)
) ENGINE=MyISAM DEFAULT CHARSET=utf8 COLLATE=utf8_unicode_ci AUTO_INCREMENT=1 ;

-- --------------------------------------------------------

--
-- Table structure for table `number_gift`
--

CREATE TABLE IF NOT EXISTS `number_gift` (
  `num_id` bigint(20) NOT NULL AUTO_INCREMENT,
  `user_id_received` bigint(15) NOT NULL DEFAULT '0',
  `user_id_give` bigint(15) NOT NULL DEFAULT '0',
  `product_id` int(11) NOT NULL DEFAULT '0',
  `code` char(7) COLLATE utf8_unicode_ci NOT NULL DEFAULT '0',
  `time` int(11) DEFAULT NULL,
  PRIMARY KEY (`num_id`)
) ENGINE=MyISAM DEFAULT CHARSET=utf8 COLLATE=utf8_unicode_ci AUTO_INCREMENT=1 ;

-- --------------------------------------------------------

--
-- Table structure for table `orders`
--

CREATE TABLE IF NOT EXISTS `orders` (
  `order_id` int(11) NOT NULL AUTO_INCREMENT,
  `customer_id` int(11) NOT NULL,
  `shipping_name` varchar(100) COLLATE utf8_unicode_ci NOT NULL,
  `shipping_address` varchar(128) COLLATE utf8_unicode_ci NOT NULL,
  `shipping_phone` varchar(128) COLLATE utf8_unicode_ci NOT NULL,
  `shipping_province` varchar(128) COLLATE utf8_unicode_ci NOT NULL,
  `shipping_email` varchar(128) COLLATE utf8_unicode_ci NOT NULL,
  `comment` text COLLATE utf8_unicode_ci NOT NULL,
  `order_status_id` text COLLATE utf8_unicode_ci NOT NULL,
  `ip` varchar(50) COLLATE utf8_unicode_ci NOT NULL,
  `date_added` datetime NOT NULL,
  `date_modified` datetime NOT NULL,
  PRIMARY KEY (`order_id`)
) ENGINE=InnoDB DEFAULT CHARSET=utf8 COLLATE=utf8_unicode_ci AUTO_INCREMENT=1 ;

-- --------------------------------------------------------

--
-- Table structure for table `orders_old`
--

CREATE TABLE IF NOT EXISTS `orders_old` (
  `order_id` int(11) NOT NULL AUTO_INCREMENT,
  `user_id` int(11) NOT NULL DEFAULT '0',
  `shop_id` int(11) NOT NULL DEFAULT '0',
  `product_id` int(11) NOT NULL DEFAULT '0',
  `order_code` char(10) NOT NULL DEFAULT '0',
  `customer_name` varchar(50) NOT NULL DEFAULT '0',
  `customer_phone` char(12) NOT NULL DEFAULT '0',
  `customer_address` varchar(70) NOT NULL DEFAULT '0',
  `customer_province` tinyint(4) NOT NULL DEFAULT '0',
  `customer_district` tinyint(4) NOT NULL DEFAULT '0',
  `customer_email` char(50) NOT NULL DEFAULT '0',
  `status` tinyint(4) NOT NULL DEFAULT '0' COMMENT '0=wait 1=duyet 2 huy',
  `note` varchar(50) DEFAULT NULL,
  `quantity` tinyint(4) NOT NULL DEFAULT '0',
  `dateline` int(11) NOT NULL DEFAULT '0',
  PRIMARY KEY (`order_id`)
) ENGINE=InnoDB DEFAULT CHARSET=utf8 AUTO_INCREMENT=1 ;

-- --------------------------------------------------------

--
-- Table structure for table `order_history`
--

CREATE TABLE IF NOT EXISTS `order_history` (
  `order_history_id` int(11) NOT NULL AUTO_INCREMENT,
  `order_id` int(11) DEFAULT NULL,
  `order_status_id` int(5) DEFAULT NULL,
  `date_added` datetime DEFAULT NULL,
  PRIMARY KEY (`order_history_id`)
) ENGINE=InnoDB DEFAULT CHARSET=latin1 AUTO_INCREMENT=1 ;

-- --------------------------------------------------------

--
-- Table structure for table `order_product`
--

CREATE TABLE IF NOT EXISTS `order_product` (
  `order_product_id` int(11) NOT NULL AUTO_INCREMENT,
  `order_id` int(11) NOT NULL,
  `product_id` int(11) NOT NULL,
  `quantity` int(4) NOT NULL,
  PRIMARY KEY (`order_product_id`)
) ENGINE=InnoDB DEFAULT CHARSET=utf8 COLLATE=utf8_unicode_ci AUTO_INCREMENT=1 ;

-- --------------------------------------------------------

--
-- Table structure for table `order_status`
--

CREATE TABLE IF NOT EXISTS `order_status` (
  `order_status_id` int(11) NOT NULL AUTO_INCREMENT,
  `name` varchar(50) NOT NULL DEFAULT '0',
  PRIMARY KEY (`order_status_id`)
) ENGINE=InnoDB DEFAULT CHARSET=latin1 AUTO_INCREMENT=1 ;

-- --------------------------------------------------------

--
-- Table structure for table `permissions`
--

CREATE TABLE IF NOT EXISTS `permissions` (
  `id` int(10) unsigned NOT NULL AUTO_INCREMENT,
  `name` varchar(255) COLLATE utf8_unicode_ci NOT NULL,
  `display_name` varchar(255) COLLATE utf8_unicode_ci NOT NULL,
  `created_at` timestamp NOT NULL DEFAULT '0000-00-00 00:00:00',
  `updated_at` timestamp NOT NULL DEFAULT '0000-00-00 00:00:00',
  PRIMARY KEY (`id`),
  UNIQUE KEY `permissions_name_unique` (`name`)
) ENGINE=MyISAM DEFAULT CHARSET=utf8 COLLATE=utf8_unicode_ci AUTO_INCREMENT=1 ;

-- --------------------------------------------------------

--
-- Table structure for table `permission_role`
--

CREATE TABLE IF NOT EXISTS `permission_role` (
  `id` int(10) unsigned NOT NULL AUTO_INCREMENT,
  `permission_id` int(10) unsigned NOT NULL,
  `role_id` int(10) unsigned NOT NULL,
  PRIMARY KEY (`id`),
  KEY `permission_role_permission_id_foreign` (`permission_id`),
  KEY `permission_role_role_id_foreign` (`role_id`)
) ENGINE=MyISAM DEFAULT CHARSET=utf8 COLLATE=utf8_unicode_ci AUTO_INCREMENT=1 ;

-- --------------------------------------------------------

--
-- Table structure for table `pre_common_district`
--

CREATE TABLE IF NOT EXISTS `pre_common_district` (
  `id` mediumint(8) unsigned NOT NULL AUTO_INCREMENT,
  `name` varchar(255) NOT NULL DEFAULT '',
  `level` tinyint(4) unsigned NOT NULL DEFAULT '0',
  `usetype` tinyint(1) unsigned NOT NULL DEFAULT '0',
  `upid` mediumint(8) unsigned NOT NULL DEFAULT '0',
  `displayorder` smallint(6) NOT NULL DEFAULT '0',
  `code` varchar(50) NOT NULL,
  PRIMARY KEY (`id`),
  KEY `upid` (`upid`,`displayorder`)
) ENGINE=MyISAM  DEFAULT CHARSET=utf8 AUTO_INCREMENT=1000 ;

--
-- Dumping data for table `pre_common_district`
--

INSERT INTO `pre_common_district` (`id`, `name`, `level`, `usetype`, `upid`, `displayorder`, `code`) VALUES
(1, 'TP Cần Thơ', 1, 3, 0, 1, 'tp-can-tho'),
(2, 'TP Đà Nẵng', 1, 3, 0, 1, 'tp-da-nang'),
(3, 'TP Hà Nội', 1, 3, 0, 1, 'tp-ha-noi'),
(4, 'TP Hải Phòng', 1, 3, 0, 1, 'tp-hai-phong'),
(5, 'TP Hồ Chí Minh', 1, 3, 0, 0, 'tp-ho-chi-minh'),
(6, 'An Giang', 1, 3, 0, 1, 'an-giang'),
(7, 'Bà Rịa - Vũng Tàu', 1, 3, 0, 1, 'ba-ria-vung-tau'),
(8, 'Bắc Giang', 1, 3, 0, 1, 'bac-giang'),
(9, 'Bắc Kạn', 1, 3, 0, 1, 'bac-kan'),
(10, 'Bạc Liêu', 1, 3, 0, 1, 'bac-lieu'),
(11, 'Bắc Ninh', 1, 3, 0, 1, 'bac-ninh'),
(12, 'Bến Tre', 1, 3, 0, 1, 'ben-tre'),
(13, 'Bình Định', 1, 3, 0, 1, 'binh-dinh'),
(14, 'Bình Dương', 1, 3, 0, 1, 'binh-duong'),
(15, 'Bình Phước', 1, 3, 0, 1, 'binh-phuoc'),
(16, 'Bình Thuận', 1, 3, 0, 1, 'binh-thuan'),
(17, 'Cà Mau', 1, 3, 0, 1, 'ca-mau'),
(18, 'Cao Bằng', 1, 3, 0, 1, 'cao-bang'),
(19, 'Đắk Lắk', 1, 3, 0, 1, 'dak-lak'),
(20, 'Đắk Nông', 1, 3, 0, 1, 'dak-nong'),
(21, 'Điện Biên', 1, 3, 0, 1, 'dien-bien'),
(22, 'Đồng Nai', 1, 3, 0, 1, 'dong-nai'),
(23, 'Đồng Tháp', 1, 3, 0, 1, 'dong-thap'),
(24, 'Gia Lai', 1, 3, 0, 1, 'gia-lai'),
(25, 'Hà Giang', 1, 3, 0, 1, 'ha-giang'),
(26, 'Hà Nam', 1, 3, 0, 1, 'ha-nam'),
(27, 'Hà Tĩnh', 1, 3, 0, 1, 'ha-tinh'),
(28, 'Hải Dương', 1, 3, 0, 1, 'hai-duong'),
(29, 'Hậu Giang', 1, 3, 0, 1, 'hau-giang'),
(30, 'Hòa Bình', 1, 3, 0, 1, 'hoa-binh'),
(31, 'Hưng Yên', 1, 3, 0, 1, 'hung-yen'),
(32, 'Khánh Hòa', 1, 3, 0, 1, 'khanh-hoa'),
(33, 'Kiên Giang', 1, 3, 0, 1, 'kien-giang'),
(34, 'Kon Tum', 1, 3, 0, 1, 'kon-tum'),
(35, 'Lai Châu', 1, 3, 0, 1, 'lai-chau'),
(36, 'Lâm Đồng', 1, 3, 0, 1, 'lam-dong'),
(37, 'Lạng Sơn', 1, 3, 0, 1, 'lang-son'),
(38, 'Lào Cai', 1, 3, 0, 1, 'lao-cai'),
(39, 'Long An', 1, 3, 0, 1, 'long-an'),
(40, 'Nam Định', 1, 3, 0, 1, 'nam-dinh'),
(41, 'Nghệ An', 1, 3, 0, 1, 'nghe-an'),
(42, 'Ninh Bình', 1, 3, 0, 1, 'ninh-binh'),
(43, 'Ninh Thuận', 1, 3, 0, 1, 'ninh-thuan'),
(44, 'Phú Thọ', 1, 3, 0, 1, 'phu-tho'),
(45, 'Phú Yên', 1, 3, 0, 1, 'phu-yen'),
(46, 'Quảng Bình', 1, 3, 0, 1, 'quang-binh'),
(47, 'Quảng Nam', 1, 3, 0, 1, 'quang-nam'),
(48, 'Quảng Ngãi', 1, 3, 0, 1, 'quang-ngai'),
(49, 'Quảng Ninh', 1, 3, 0, 1, 'quang-ninh'),
(50, 'Quảng Trị', 1, 3, 0, 1, 'quang-tri'),
(51, 'Sóc Trăng', 1, 3, 0, 1, 'soc-trang'),
(52, 'Sơn La', 1, 3, 0, 1, 'son-la'),
(53, 'Tây Ninh', 1, 3, 0, 1, 'tay-ninh'),
(54, 'Thái Bình', 1, 3, 0, 1, 'thai-binh'),
(55, 'Thái Nguyên', 1, 3, 0, 1, 'thai-nguyen'),
(56, 'Thanh Hóa', 1, 3, 0, 1, 'thanh-hoa'),
(57, 'Thừa Thiên Huế', 1, 3, 0, 1, 'thua-thien-hue'),
(58, 'Tiền Giang', 1, 3, 0, 1, 'tien-giang'),
(59, 'Trà Vinh', 1, 3, 0, 1, 'tra-vinh'),
(60, 'Tuyên Quang', 1, 3, 0, 1, 'tuyen-quang'),
(61, 'Vĩnh Long', 1, 3, 0, 1, 'vinh-long'),
(62, 'Vĩnh Phúc', 1, 3, 0, 1, 'vinh-phuc'),
(63, 'Yên Bái', 1, 3, 0, 1, 'yen-bai'),
(66, 'H. Cờ Đỏ', 2, 0, 1, 1, 'h-co-do'),
(67, 'H. Phong Điền', 2, 0, 1, 1, 'h-phong-dien'),
(68, 'H. Thới Lai', 2, 0, 1, 1, 'h-thoi-lai'),
(69, 'H. Vĩnh Thạnh', 2, 0, 1, 1, 'h-vinh-thanh'),
(70, 'Q. Bình Thủy', 2, 0, 1, 1, 'q-binh-thuy'),
(71, 'Q. Cái Răng', 2, 0, 1, 1, 'q-cai-rang'),
(72, 'Q. Ninh Kiều', 2, 0, 1, 1, 'q-ninh-kieu'),
(73, 'Q. Ô Môn', 2, 0, 1, 1, 'q-o-mon'),
(74, 'Q. Thốt Nốt', 2, 0, 1, 1, 'q-thot-not'),
(76, 'H. Hòa Vang', 2, 0, 2, 1, 'h-hoa-vang'),
(77, 'H. Hoàng Sa', 2, 0, 2, 1, 'h-hoang-sa'),
(78, 'Q. Cẩm Lệ', 2, 0, 2, 1, 'q-cam-le'),
(79, 'Q. Hải Châu', 2, 0, 2, 1, 'q-hai-chau'),
(80, 'Q. Liên Chiểu', 2, 0, 2, 1, 'q-lien-chieu'),
(81, 'Q. Ngũ Hành Sơn', 2, 0, 2, 1, 'q-ngu-hanh-son'),
(82, 'Q. Sơn Trà', 2, 0, 2, 1, 'q-son-tra'),
(83, 'Q. Thanh Khê', 2, 0, 2, 1, 'q-thanh-khe'),
(85, 'H. Ba Vì', 2, 0, 3, 1, 'h-ba-vi'),
(86, 'H. Chương Mỹ', 2, 0, 3, 1, 'h-chuong-my'),
(87, 'H. Đang Phượng', 2, 0, 3, 1, 'h-dang-phuong'),
(88, 'H. Đông Anh', 2, 0, 3, 1, 'h-dong-anh'),
(89, 'H. Gia Lâm', 2, 0, 3, 1, 'h-gia-lam'),
(90, 'H. Hoài Đức', 2, 0, 3, 1, 'h-hoai-duc'),
(91, 'H. Mê Linh', 2, 0, 3, 1, 'h-me-linh'),
(92, 'H. Mỹ Đức', 2, 0, 3, 1, 'h-my-duc'),
(93, 'H. Phú Xuyên', 2, 0, 3, 1, 'h-phu-xuyen'),
(94, 'H. Phúc Thọ', 2, 0, 3, 1, 'h-phuc-tho'),
(95, 'H. Quốc Oai', 2, 0, 3, 1, 'h-quoc-oai'),
(96, 'H. Sóc Sơn', 2, 0, 3, 1, 'h-soc-son'),
(97, 'H. Thạch Thất', 2, 0, 3, 1, 'h-thach-that'),
(98, 'H. Thanh Oai', 2, 0, 3, 1, 'h-thanh-oai'),
(100, 'H. Thanh Trì', 2, 0, 3, 1, 'h-thanh-tri'),
(101, 'H. Thưởng Tín', 2, 0, 3, 1, 'h-thuong-tin'),
(102, 'H. Tử Liêm', 2, 0, 3, 1, 'h-tu-liem'),
(103, 'H. Ứng Hòa', 2, 0, 3, 1, 'h-ung-hoa'),
(104, 'Q. Ba Đình', 2, 0, 3, 1, 'q-ba-dinh'),
(105, 'Q. Cầu Giấy', 2, 0, 3, 1, 'q-cau-giay'),
(106, 'Q. Đống Đa', 2, 0, 3, 1, 'q-dong-da'),
(107, 'Q. Hà Đông', 2, 0, 3, 1, 'q-ha-dong'),
(108, 'Q. Hai Bà Trưng', 2, 0, 3, 1, 'q-hai-ba-trung'),
(109, 'Q. Hoàn Kiếm', 2, 0, 3, 1, 'q-hoan-kiem'),
(110, 'Q. Hoàng Mai', 2, 0, 3, 1, 'q-hoang-mai'),
(111, 'Q. Long Biên', 2, 0, 3, 1, 'q-long-bien'),
(112, 'Q. Tây Hồ', 2, 0, 3, 1, 'q-tay-ho'),
(113, 'Q. Thanh Xuân', 2, 0, 3, 1, 'q-thanh-xuan'),
(114, 'TX. Sơn Tây', 2, 0, 3, 1, 'tx-son-tay'),
(116, 'H. An Dương', 2, 0, 4, 1, 'h-an-duong'),
(117, 'H. An Lão', 2, 0, 4, 1, 'h-an-lao'),
(118, 'H. Bạch Long Vĩ', 2, 0, 4, 1, 'h-bach-long-vi'),
(119, 'H. Cát Hải', 2, 0, 4, 1, 'h-cat-hai'),
(120, 'H. Kiến Thụy', 2, 0, 4, 1, 'h-kien-thuy'),
(121, 'H. Thủy Nguyên', 2, 0, 4, 1, 'h-thuy-nguyen'),
(122, 'H. Tiên Lãng', 2, 0, 4, 1, 'h-tien-lang'),
(123, 'H. Vĩnh Bảo', 2, 0, 4, 1, 'h-vinh-bao'),
(124, 'Q. Đồ Sơn', 2, 0, 4, 1, 'q-do-son'),
(125, 'Q. Dương Kinh', 2, 0, 4, 1, 'q-duong-kinh'),
(126, 'Q. Hải An', 2, 0, 4, 1, 'q-hai-an'),
(127, 'Q. Hồng Bàng', 2, 0, 4, 1, 'q-hong-bang'),
(128, 'Q. Kiến An', 2, 0, 4, 1, 'q-kien-an'),
(129, 'Q. Lê Chân', 2, 0, 4, 1, 'q-le-chan'),
(130, 'Q. Ngô Quyền', 2, 0, 4, 1, 'q-ngo-quyen'),
(132, 'H. Bình Chánh', 2, 0, 5, 1, 'h-binh-chanh'),
(133, 'H. Cần Giờ', 2, 0, 5, 1, 'h-can-gio'),
(134, 'H. Củ Chi', 2, 0, 5, 1, 'h-cu-chi'),
(135, 'H. Hóc Môn', 2, 0, 5, 1, 'h-hoc-mon'),
(136, 'H. Nhà Bè', 2, 0, 5, 1, 'h-nha-be'),
(137, 'Q. 1', 2, 0, 5, 1, 'q-1'),
(138, 'Q. 2', 2, 0, 5, 1, 'q-2'),
(139, 'Q. 3', 2, 0, 5, 1, 'q-3'),
(140, 'Q. 4', 2, 0, 5, 1, 'q-4'),
(141, 'Q. 5', 2, 0, 5, 1, 'q-5'),
(142, 'Q. 6', 2, 0, 5, 1, 'q-6'),
(143, 'Q. 7', 2, 0, 5, 1, 'q-7'),
(144, 'Q. 8', 2, 0, 5, 1, 'q-8'),
(145, 'Q. 9', 2, 0, 5, 1, 'q-9'),
(146, 'Q. 10', 2, 0, 5, 1, 'q-10'),
(147, 'Q. 11', 2, 0, 5, 1, 'q-11'),
(148, 'Q. 12', 2, 0, 5, 1, 'q-12'),
(149, 'Q. Bình Tân', 2, 0, 5, 1, 'q-binh-tan'),
(150, 'Q. Bình Thạnh', 2, 0, 5, 1, 'q-binh-thanh'),
(151, 'Q. Gò Vấp', 2, 0, 10, 1, 'q-go-vap'),
(152, 'Q. Phú Nhuận', 2, 0, 5, 1, 'q-phu-nhuan'),
(153, 'Q. Tân Bình', 2, 0, 5, 1, 'q-tan-binh'),
(154, 'Q. Tân Phú', 2, 0, 5, 1, 'q-tan-phu'),
(155, 'Q. Thủ Đức', 2, 0, 5, 1, 'q-thu-duc'),
(156, 'H. An Phú', 2, 0, 6, 1, 'h-an-phu'),
(157, 'H. Châu Phú', 2, 0, 6, 1, 'h-chau-phu'),
(158, 'H. Châu Thành', 2, 0, 6, 1, 'h-chau-thanh'),
(159, 'H. Chợ Mới', 2, 0, 6, 1, 'h-cho-moi'),
(160, 'H. Phú Tân', 2, 0, 6, 1, 'h-phu-tan'),
(161, 'H. Thoại Sơn', 2, 0, 6, 1, 'h-thoai-son'),
(162, 'H. Tịnh Biên', 2, 0, 6, 1, 'h-tinh-bien'),
(163, 'H. Tri Tôn', 2, 0, 6, 1, 'h-tri-ton'),
(164, 'TP. Long Xuyên', 2, 0, 6, 1, 'tp-long-xuyen'),
(165, 'TX. Châu Đốc', 2, 0, 6, 1, 'tx-chau-doc'),
(166, 'TX. Tân Châu', 2, 0, 6, 1, 'tx-tan-chau'),
(167, 'H. Châu Đức', 2, 0, 7, 1, 'h-chau-duc'),
(168, 'H. Côn Đảo', 2, 0, 7, 1, 'h-con-dao'),
(169, 'H. Đất Đỏ', 2, 0, 7, 1, 'h-dat-do'),
(170, 'H. Long Điền', 2, 0, 7, 1, 'h-long-dien'),
(171, 'H. Tân Thành', 2, 0, 7, 1, 'h-tan-thanh'),
(172, 'H. Xuyên Mộc', 2, 0, 7, 1, 'h-xuyen-moc'),
(173, 'TP. Vũng Tàu', 2, 0, 7, 1, 'tp-vung-tau'),
(174, 'TX. Bà Rịa', 2, 0, 7, 1, 'tx-ba-ria'),
(175, 'H. Hiệp Hòa', 2, 0, 8, 1, 'h-hiep-hoa'),
(176, 'H. Lạng Giang', 2, 0, 8, 1, 'h-lang-giang'),
(177, 'H. Lục Nam', 2, 0, 8, 1, 'h-luc-nam'),
(178, 'H. Lục Ngạn', 2, 0, 8, 1, 'h-luc-ngan'),
(179, 'H. Sơn Động', 2, 0, 8, 1, 'h-son-dong'),
(180, 'H. Tân Yên', 2, 0, 8, 1, 'h-tan-yen'),
(181, 'H. Việt Yên', 2, 0, 8, 1, 'h-viet-yen'),
(182, 'H. Yên Dũng', 2, 0, 8, 1, 'h-yen-dung'),
(183, 'H. Yên Thế', 2, 0, 8, 1, 'h-yen-the'),
(184, 'TP. Bắc Giang', 2, 0, 8, 1, 'tp-bac-giang'),
(185, 'H. Ba Bể', 2, 0, 9, 1, 'h-ba-be'),
(186, 'H. Bạch Thông', 2, 0, 9, 1, 'h-bach-thong'),
(187, 'H. Chợ Đồn', 2, 0, 9, 1, 'h-cho-don'),
(188, 'H. Chợ Mới', 2, 0, 9, 1, 'h-cho-moi'),
(189, 'H. Na Rì', 2, 0, 9, 1, 'h-na-ri'),
(190, 'H. Ngân Sơn', 2, 0, 9, 1, 'h-ngan-son'),
(191, 'H. Pác Nặm', 2, 0, 9, 1, 'h-pac-nam'),
(192, 'TX. Bắc Kạn', 2, 0, 9, 1, 'tx-bac-kan'),
(193, 'H. Đông Hải', 2, 0, 10, 1, 'h-dong-hai'),
(194, 'H. Giá Rai', 2, 0, 10, 1, 'h-gia-rai'),
(195, 'H. Hòa Bình', 2, 0, 10, 1, 'h-hoa-binh'),
(196, 'H. Hồng Dân', 2, 0, 10, 1, 'h-hong-dan'),
(197, 'H. Phước Long', 2, 0, 10, 1, 'h-phuoc-long'),
(198, 'H. Vĩnh Lợi', 2, 0, 10, 1, 'h-vinh-loi'),
(199, 'TP. Bạc Liêu', 2, 0, 10, 1, 'tp-bac-lieu'),
(200, 'H. Gia Bình', 2, 0, 11, 1, 'h-gia-binh'),
(201, 'H. Lương Tài', 2, 0, 11, 1, 'h-luong-tai'),
(202, 'H. Quế Võ', 2, 0, 11, 1, 'h-que-vo'),
(203, 'H. Thuận Thành', 2, 0, 11, 1, 'h-thuan-thanh'),
(204, 'H. Tiên Du', 2, 0, 11, 1, 'h-tien-du'),
(205, 'H. Yên Phong', 2, 0, 11, 1, 'h-yen-phong'),
(206, 'TP. Bắc Ninh', 2, 0, 11, 1, 'tp-bac-ninh'),
(207, 'TX. Từ Sơn', 2, 0, 11, 1, 'tx-tu-son'),
(208, 'H. Ba Tri', 2, 0, 12, 1, 'h-ba-tri'),
(209, 'H. Bình Đại', 2, 0, 12, 1, 'h-binh-dai'),
(210, 'H. Châu Thành', 2, 0, 12, 1, 'h-chau-thanh'),
(211, 'H. Chợ Lách', 2, 0, 12, 1, 'h-cho-lach'),
(212, 'H. Giồng Trôm', 2, 0, 12, 1, 'h-giong-trom'),
(213, 'H. Mỏ Cày Bắc', 2, 0, 12, 1, 'h-mo-cay-bac'),
(214, 'H. Mỏ Cày Nam', 2, 0, 12, 1, 'h-mo-cay-nam'),
(215, 'H. Thạnh Phú', 2, 0, 12, 1, 'h-thanh-phu'),
(216, 'TP. Bến Tre', 2, 0, 12, 1, 'tp-ben-tre'),
(217, 'H. An Lão', 2, 0, 13, 1, 'h-an-la-o'),
(218, 'H. An Nhơn', 2, 0, 13, 1, 'h-an-nhon'),
(219, 'H. Hoài Ân', 2, 0, 13, 1, 'h-hoa-i-an'),
(220, 'H. Hoài Nhơn', 2, 0, 13, 1, 'h-hoa-i-nhon'),
(221, 'H. Phù Mỹ', 2, 0, 13, 1, 'h-phu-my'),
(222, 'H. Phù Cát', 2, 0, 13, 1, 'h-phu-ca-t'),
(223, 'H. Tây Sơn', 2, 0, 13, 1, 'h-tay-son'),
(224, 'H. Tuy Phước', 2, 0, 13, 1, 'h-tuy-phuo-c'),
(225, 'H. Vân Canh', 2, 0, 13, 1, 'h-van-canh'),
(226, 'H. Vĩnh Thạnh', 2, 0, 13, 1, 'h-vi-nh-tha-nh'),
(227, 'TP. Quy Nhơn', 2, 0, 13, 1, 'tp-quy-nhon'),
(228, 'H. Bến Cát', 2, 0, 14, 1, 'h-be-n-ca-t'),
(229, 'H. Dầu Tiếng', 2, 0, 14, 1, 'h-da-u-tie-ng'),
(230, 'H. Dĩ An', 2, 0, 14, 1, 'h-di-an'),
(231, 'H. Phú Giáo', 2, 0, 14, 1, 'h-phu-gia-o'),
(233, 'H. Tân Uyên', 2, 0, 14, 1, 'h-tan-uyen'),
(234, 'H. Thuận An', 2, 0, 14, 1, 'h-thua-n-an'),
(235, 'TX. Thủ Dầu Một', 2, 0, 14, 1, 'tx-thu-da-u-mo-t'),
(236, 'H. Bù Đăng', 2, 0, 15, 1, 'h-bu-dang'),
(237, 'H. Bù Đốp', 2, 0, 15, 1, 'h-bu-do-p'),
(238, 'H. Bù Gia Mập', 2, 0, 15, 1, 'h-bu-gia-ma-p'),
(239, 'H. Chơn Thành', 2, 0, 15, 1, 'h-chon-tha-nh'),
(240, 'H. Đồng Phú', 2, 0, 15, 1, 'h-do-ng-phu'),
(241, 'H. Hớn Quản', 2, 0, 15, 1, 'h-ho-n-qua-n'),
(242, 'H. Lộc Ninh', 2, 0, 15, 1, 'h-lo-c-ninh'),
(243, 'TX. Bình Long', 2, 0, 15, 1, 'tx-bi-nh-long'),
(244, 'TX. Đồng Xoài', 2, 0, 15, 1, 'tx-do-ng-xoa-i'),
(245, 'TX. Phước Long', 2, 0, 15, 1, 'tx-phuo-c-long'),
(246, 'H. Đức Linh', 2, 0, 16, 1, 'h-du-c-linh'),
(247, 'H. Bắc Bình', 2, 0, 16, 1, 'h-ba-c-bi-nh'),
(248, 'H. Hàm Tân', 2, 0, 16, 1, 'h-ha-m-tan'),
(249, 'H. Hàm Thuận Bắc', 2, 0, 16, 1, 'h-ha-m-thua-n-ba-c'),
(250, 'H. Hàm Thuận Nam', 2, 0, 16, 1, 'h-ha-m-thua-n-nam'),
(251, 'H. Phú Quí', 2, 0, 16, 1, 'h-phu-qui'),
(252, 'H. Tánh Linh', 2, 0, 16, 1, 'h-ta-nh-linh'),
(253, 'H. Tuy Phong', 2, 0, 16, 1, 'h-tuy-phong'),
(254, 'TP. Phan Thiết', 2, 0, 16, 1, 'tp-phan-thie-t'),
(255, 'TX. La Gi', 2, 0, 16, 1, 'tx-la-gi'),
(256, 'H. Cái Nước', 2, 0, 17, 1, 'h-ca-i-nuo-c'),
(257, 'H. Đầm Dơi', 2, 0, 17, 1, 'h-da-m-doi'),
(258, 'H. Năm Căn', 2, 0, 17, 1, 'h-nam-can'),
(259, 'H. Ngọc Hiển', 2, 0, 17, 1, 'h-ngo-c-hie-n'),
(260, 'H. Phú Tân', 2, 0, 17, 1, 'h-phu-tan'),
(261, 'H. Thới Bình', 2, 0, 17, 1, 'h-tho-i-bi-nh'),
(262, 'H. Trần Văn Thời', 2, 0, 17, 1, 'h-tra-n-van-tho-i'),
(263, 'H. U Minh', 2, 0, 17, 1, 'h-u-minh'),
(264, 'TP. Cà Mau', 2, 0, 17, 1, 'tp-ca-mau'),
(265, 'H. Bảo Lạc', 2, 0, 18, 1, 'h-ba-o-la-c'),
(266, 'H. Bảo Lâm', 2, 0, 18, 1, 'h-ba-o-lam'),
(267, 'H. Hạ Lang', 2, 0, 18, 1, 'h-ha-lang'),
(268, 'H. Hà Quảng', 2, 0, 18, 1, 'h-ha-qua-ng'),
(269, 'H. Hòa An', 2, 0, 18, 1, 'h-ho-a-an'),
(270, 'H. Nguyên Bình', 2, 0, 18, 1, 'h-nguyen-bi-nh'),
(271, 'H. Phục Hòa', 2, 0, 18, 1, 'h-phu-c-ho-a'),
(272, 'H. Quảng Uyên', 2, 0, 18, 1, 'h-qua-ng-uyen'),
(273, 'H. Thạch An', 2, 0, 18, 1, 'h-tha-ch-an'),
(274, 'H. Thông Nông', 2, 0, 18, 1, 'h-thong-nong'),
(275, 'H. Trà Lĩnh', 2, 0, 18, 1, 'h-tra-li-nh'),
(276, 'H. Trùng Khánh', 2, 0, 18, 1, 'h-tru-ng-kha-nh'),
(277, 'TX. Cao Bằng', 2, 0, 18, 1, 'tx-cao-ba-ng'),
(278, 'H. Buôn Đôn', 2, 0, 19, 1, 'h-buon-don'),
(279, 'H. Cư Kuin', 2, 0, 19, 1, 'h-cu-kuin'),
(280, 'H. Cư MGar', 2, 0, 19, 1, 'h-cu-mgar'),
(281, 'H. Ea Kar', 2, 0, 19, 1, 'h-ea-kar'),
(282, 'H. Ea Súp', 2, 0, 19, 1, 'h-ea-su-p'),
(283, 'H. EaHLeo', 2, 0, 19, 1, 'h-eahleo'),
(284, 'H. Krông Ana', 2, 0, 19, 1, 'h-krong-ana'),
(285, 'H. Krông Bông', 2, 0, 19, 1, 'h-krong-bong'),
(286, 'H. Krông Búk', 2, 0, 19, 1, 'h-krong-bu-k'),
(287, 'H. Krông Năng', 2, 0, 19, 1, 'h-krong-nang'),
(288, 'H. Krông Pắc', 2, 0, 19, 1, 'h-krong-pa-c'),
(289, 'H. Lắk', 2, 0, 19, 1, 'h-la-k'),
(290, 'H. MDrắk', 2, 0, 19, 1, 'h-mdra-k'),
(291, 'TP. Buôn Ma Thuột', 2, 0, 19, 1, 'tp-buon-ma-thuo-t'),
(292, 'TX. Buôn Hồ', 2, 0, 19, 1, 'tx-buon-ho'),
(293, 'H. Cư Jút', 2, 0, 20, 1, 'h-cu-ju-t'),
(294, 'H. Đắk GLong', 2, 0, 20, 1, 'h-da-k-glong'),
(295, 'H. Đắk Mil', 2, 0, 20, 1, 'h-da-k-mil'),
(296, 'H. Đắk RLấp', 2, 0, 20, 1, 'h-da-k-rla-p'),
(297, 'H. Đắk Song', 2, 0, 20, 1, 'h-da-k-song'),
(298, 'H. Krông Nô', 2, 0, 20, 1, 'h-krong-no'),
(299, 'H. Tuy Đức', 2, 0, 20, 1, 'h-tuy-du-c'),
(300, 'TX. Gia Nghĩa', 2, 0, 20, 1, 'tx-gia-nghi-a'),
(301, 'H. Điện Biên', 2, 0, 21, 1, 'h-die-n-bien'),
(302, 'H. Điện Biên Đông', 2, 0, 21, 1, 'h-die-n-bien-dong'),
(303, 'H. Mường Chà', 2, 0, 21, 1, 'h-muo-ng-cha'),
(304, 'H. Mương Nhé', 2, 0, 21, 1, 'h-muong-nhe'),
(305, 'H. Mường Ảng', 2, 0, 21, 1, 'h-muo-ng-a-ng'),
(306, 'H. Tủa Chùa', 2, 0, 21, 1, 'h-tu-a-chu-a'),
(307, 'H. Tuần Giáo', 2, 0, 21, 1, 'h-tua-n-gia-o'),
(308, 'TP. Điện Biên Phủ', 2, 0, 21, 1, 'tp-die-n-bien-phu'),
(309, 'TX. Mường Lay', 2, 0, 21, 1, 'tx-muo-ng-lay'),
(310, 'H. Cẩm Mỹ', 2, 0, 22, 1, 'h-ca-m-my'),
(311, 'H. Định Quán', 2, 0, 22, 1, 'h-di-nh-qua-n'),
(312, 'H. Long Thành', 2, 0, 22, 1, 'h-long-tha-nh'),
(313, 'H. Nhơn Trạch', 2, 0, 22, 1, 'h-nhon-tra-ch'),
(314, 'H. Tân Phú', 2, 0, 22, 1, 'h-tan-phu'),
(315, 'H. Thống Nhất', 2, 0, 21, 1, 'h-tho-ng-nha-t'),
(316, 'H. Vĩnh Cửu', 2, 0, 22, 1, 'h-vi-nh-cu-u'),
(317, 'H. Xuân Lộc', 2, 0, 22, 1, 'h-xuan-lo-c'),
(318, 'TP. Biên Hòa', 2, 0, 22, 1, 'tp-bien-ho-a'),
(319, 'TX. Long Khánh', 2, 0, 22, 1, 'tx-long-kha-nh'),
(320, 'H. Cao Lãnh', 2, 0, 23, 1, 'h-cao-la-nh'),
(321, 'H. Châu Thành', 2, 0, 23, 1, 'h-chau-tha-nh'),
(322, 'H. Hồng Ngự', 2, 0, 23, 1, 'h-ho-ng-ngu'),
(323, 'H. Lai Vung', 2, 0, 23, 1, 'h-lai-vung'),
(324, 'H. Lấp Vò', 2, 0, 23, 1, 'h-la-p-vo'),
(325, 'H. Tâm Nông', 2, 0, 23, 1, 'h-tam-nong'),
(326, 'H. Tân Hồng', 2, 0, 23, 1, 'h-tan-ho-ng'),
(327, 'H. Thanh Bình', 2, 0, 23, 1, 'h-thanh-bi-nh'),
(328, 'H. Tháp Mười', 2, 0, 23, 1, 'h-tha-p-muo-i'),
(329, 'TP. Cao Lãnh', 2, 0, 23, 1, 'tp-cao-la-nh'),
(330, 'TX. Hồng Ngự', 2, 0, 23, 1, 'tx-ho-ng-ngu'),
(331, 'TX. Sa Đéc', 2, 0, 23, 1, 'tx-sa-de-c'),
(333, 'H. Chư Păh', 2, 0, 24, 1, 'h-chu-pah'),
(334, 'H. Chư Pưh', 2, 0, 24, 1, 'h-chu-puh'),
(335, 'H. Chư Sê', 2, 0, 24, 1, 'h-chu-se'),
(336, 'H. ChưPrông', 2, 0, 24, 1, 'h-chuprong'),
(337, 'H. Đăk Đoa', 2, 0, 24, 1, 'h-dak-doa'),
(338, 'H. Đăk Pơ', 2, 0, 24, 1, 'h-dak-po'),
(339, 'H. Đức Cơ', 2, 0, 24, 1, 'h-du-c-co'),
(340, 'H. Ia Grai', 2, 0, 24, 1, 'h-ia-grai'),
(341, 'H. Ia Pa', 2, 0, 24, 1, 'h-ia-pa'),
(342, 'H. KBang', 2, 0, 24, 1, 'h-kbang'),
(343, 'H. Chro', 2, 0, 24, 1, 'h-chro'),
(344, 'H. Krông Pa', 2, 0, 24, 1, 'h-krong-pa'),
(345, 'H. Mang Yang', 2, 0, 24, 1, 'h-mang-yang'),
(346, 'H. Phú Thiện', 2, 0, 24, 1, 'h-phu-thie-n'),
(347, 'TP. Plei Ku', 2, 0, 24, 1, 'tp-plei-ku'),
(348, 'TX. AYun Pa', 2, 0, 24, 1, 'tx-ayun-pa'),
(349, 'TX. An Khê', 2, 0, 24, 1, 'tx-an-khe'),
(350, 'H. Bắc Mê', 2, 0, 25, 1, 'h-ba-c-me'),
(351, 'H. Bắc Quang', 2, 0, 25, 1, 'h-ba-c-quang'),
(352, 'H. Đồng Văn', 2, 0, 25, 1, 'h-do-ng-van'),
(353, 'H. Hoàng Su Phì', 2, 0, 25, 1, 'h-hoa-ng-su-phi'),
(354, 'H. Mèo Vạc', 2, 0, 25, 1, 'h-me-o-va-c'),
(355, 'H. Quản Bạ', 2, 0, 25, 1, 'h-qua-n-ba'),
(356, 'H. Quảng Bình', 2, 0, 25, 1, 'h-qua-ng-bi-nh'),
(357, 'H. Vị Xuyên', 2, 0, 25, 1, 'h-vi-xuyen'),
(358, 'H. Xín Mần', 2, 0, 25, 1, 'h-xi-n-ma-n'),
(359, 'H. Yên Minh', 2, 0, 25, 1, 'h-yen-minh'),
(360, 'TP. Hà Giang', 2, 0, 25, 1, 'tp-ha-giang'),
(361, 'H. Bình Lục', 2, 0, 26, 1, 'h-bi-nh-lu-c'),
(362, 'H. Duy Tiên', 2, 0, 26, 1, 'h-duy-tien'),
(363, 'H. Kim Bảng', 2, 0, 26, 1, 'h-kim-ba-ng'),
(364, 'H. Lý Nhân', 2, 0, 26, 1, 'h-ly-nhan'),
(365, 'H. Thanh Liêm', 2, 0, 26, 1, 'h-thanh-liem'),
(366, 'TP. Phủ Lý', 2, 0, 26, 1, 'tp-phu-ly'),
(367, 'H. Cẩm Xuyên', 2, 0, 27, 1, 'h-cam-xuyen'),
(368, 'H. Can Lộc', 2, 0, 27, 1, 'h-can-loc'),
(369, 'H. Đức Thọ', 2, 0, 27, 1, 'h-duc-tho'),
(370, 'H. Hương Khê', 2, 0, 27, 1, 'h-huong-khe'),
(371, 'H. Hương Sơn', 2, 0, 27, 1, 'h-huong-son'),
(372, 'H. Kỳ Anh', 2, 0, 27, 1, 'h-ky-anh'),
(373, 'H. Lộc Hà', 2, 0, 27, 1, 'h-loc-ha'),
(374, 'H. Nghi Xuân', 2, 0, 27, 1, 'h-nghi-xuan'),
(375, 'H. Thạch Hà', 2, 0, 27, 1, 'h-thach-ha'),
(376, 'H. Vũ Quang', 2, 0, 27, 1, 'h-vu-quang'),
(377, 'TP. Hà Tĩnh', 2, 0, 27, 1, 'tp-ha-tinh'),
(378, 'TX. Hồng Lĩnh', 2, 0, 27, 1, 'tx-hong-linh'),
(379, 'H. Bình Giang', 2, 0, 28, 1, 'h-binh-giang'),
(380, 'H. Cẩm Giàng', 2, 0, 28, 1, 'h-cam-giang'),
(381, 'H. Gia Lộc', 2, 0, 28, 1, 'h-gia-loc'),
(382, 'H. Kim Thành', 2, 0, 28, 1, 'h-kim-thanh'),
(383, 'H. Kinh Môn', 2, 0, 28, 1, 'h-kinh-mon'),
(384, 'H. Nam Sách', 2, 0, 28, 1, 'h-nam-sach'),
(385, 'H. Ninh Giang', 2, 0, 28, 1, 'h-ninh-giang'),
(386, 'H. Thanh Hà', 2, 0, 23, 1, 'h-thanh-ha'),
(387, 'H. Thanh Miện', 2, 0, 28, 1, 'h-thanh-mien'),
(388, 'H. Tứ Kỳ', 2, 0, 23, 1, 'h-tu-ky'),
(389, 'TP. Hải Dương', 2, 0, 28, 1, 'tp-hai-duong'),
(390, 'TX. Chí Linh', 2, 0, 28, 1, 'tx-chi-linh'),
(391, 'H. Châu Thành', 2, 0, 29, 1, 'h-chau-thanh'),
(392, 'H. Châu Thành A', 2, 0, 29, 1, 'h-chau-thanh-a'),
(393, 'H. Long Mỹ', 2, 0, 29, 1, 'h-long-my'),
(394, 'H. Phụng Hiệp', 2, 0, 29, 1, 'h-phung-hiep'),
(395, 'H. Vị Thủy', 2, 0, 29, 1, 'h-vi-thuy'),
(396, 'TP. Vị Thanh', 2, 0, 29, 1, 'tp-vi-thanh'),
(397, 'TX. Ngã Bảy', 2, 0, 29, 1, 'tx-nga-bay'),
(398, 'H. Cao Phong', 2, 0, 30, 1, 'h-cao-phong'),
(399, 'H. Đà Bắc', 2, 0, 30, 1, 'h-da-bac'),
(400, 'H. Kỳ Sơn', 2, 0, 30, 1, 'h-ky-son'),
(401, 'H. Lạc Sơn', 2, 0, 30, 1, 'h-lac-son'),
(402, 'H. Lạc Thủy', 2, 0, 30, 1, 'h-lac-thuy'),
(403, 'H. Lương Sơn', 2, 0, 30, 1, 'h-luong-son'),
(404, 'H. Mai Châu', 2, 0, 30, 1, 'h-mai-chau'),
(405, 'H. Tân Lạc', 2, 0, 30, 1, 'h-tan-lac'),
(406, 'H. Yên Thủy', 2, 0, 30, 1, 'h-yen-thuy'),
(407, 'TP. Hòa Bình', 2, 0, 30, 1, 'tp-hoa-binh'),
(408, 'H. Ân Thi', 2, 0, 31, 1, 'h-an-thi'),
(409, 'H. Khoái Châu', 2, 0, 31, 1, 'h-khoai-chau'),
(410, 'H. Kim Động', 2, 0, 31, 1, 'h-kim-dong'),
(411, 'H. Mỹ Hào', 2, 0, 31, 1, 'h-my-hao'),
(412, 'H. Phù Cử', 2, 0, 31, 1, 'h-phu-cu'),
(413, 'H. Tiên Lữ', 2, 0, 31, 1, 'h-tien-lu'),
(414, 'H. Văn Giang', 2, 0, 31, 1, 'h-van-giang'),
(415, 'H. Văn Lâm', 2, 0, 31, 1, 'h-van-lam'),
(416, 'H. Yên Mỹ', 2, 0, 31, 1, 'h-yen-my'),
(417, 'TP. Hưng Yên', 2, 0, 31, 1, 'tp-hung-yen'),
(418, 'H. Cam Lâm', 2, 0, 32, 1, 'h-cam-lam'),
(419, 'H. Diên Khánh', 2, 0, 32, 1, 'h-dien-khanh'),
(420, 'H. Khánh Sơn', 2, 0, 32, 1, 'h-khanh-son'),
(421, 'H. Khánh Vĩnh', 2, 0, 32, 1, 'h-khanh-vinh'),
(422, 'H. Ninh Hòa', 2, 0, 32, 1, 'h-ninh-hoa'),
(423, 'H. Trường Sa', 2, 0, 32, 1, 'h-truong-sa'),
(424, 'H. Vạn Ninh', 2, 0, 32, 1, 'h-van-ninh'),
(425, 'TP. Nha Trang', 2, 0, 32, 1, 'tp-nha-trang'),
(426, 'TX. Cam Ranh', 2, 0, 32, 1, 'tx-cam-ranh'),
(427, 'H. An Biên', 2, 0, 33, 1, 'h-an-bien'),
(428, 'H. An Minh', 2, 0, 33, 1, 'h-an-minh'),
(429, 'H. Châu Thành', 2, 0, 33, 1, 'h-chau-thanh'),
(430, 'H. Giang Thành', 2, 0, 33, 1, 'h-giang-thanh'),
(431, 'H. Giồng Riềng', 2, 0, 33, 1, 'h-giong-rieng'),
(432, 'H. Gò Quao', 2, 0, 33, 1, 'h-go-quao'),
(433, 'H. Hòn Đất', 2, 0, 33, 1, 'h-hon-dat'),
(434, 'H. Kiên Hải', 2, 0, 33, 1, 'h-kien-hai'),
(435, 'H. Kiên Lương', 2, 0, 33, 1, 'h-kien-luong'),
(436, 'H. Phú Quốc', 2, 0, 33, 1, 'h-phu-quoc'),
(437, 'H. Tân Hiệp', 2, 0, 33, 1, 'h-tan-hiep'),
(438, 'H. U Minh Thượng', 2, 0, 33, 1, 'h-u-minh-thuong'),
(439, 'H. Vĩnh Thuận', 2, 0, 33, 1, 'h-vinh-thuan'),
(440, 'TP. Rạch Giá', 2, 0, 33, 1, 'tp-rach-gia'),
(441, 'TX. Hà Tiên', 2, 0, 33, 1, 'tx-ha-tien'),
(442, 'H. Đắk Glei', 2, 0, 34, 1, 'h-dak-glei'),
(443, 'H. Đắk Hà', 2, 0, 34, 1, 'h-dak-ha'),
(444, 'H. Đắk Tô', 2, 0, 34, 1, 'h-dak-to'),
(445, 'H. Kon Plông', 2, 0, 34, 1, 'h-kon-plong'),
(446, 'H. Kon Rẫy', 2, 0, 34, 1, 'h-kon-ray'),
(447, 'H. Ngọc Hồi', 2, 0, 34, 1, 'h-ngoc-hoi'),
(448, 'H. Sa Thầy', 2, 0, 34, 1, 'h-sa-thay'),
(449, 'H. Tu Mơ Rông', 2, 0, 34, 1, 'h-tu-mo-rong'),
(450, 'TP. Kon Tum', 2, 0, 34, 1, 'tp-kon-tum'),
(451, 'H. Mường Tè', 2, 0, 35, 1, 'h-muong-te'),
(452, 'H. Phong Thổ', 2, 0, 35, 1, 'h-phong-tho'),
(453, 'H. Sìn Hồ', 2, 0, 35, 1, 'h-sin-ho'),
(454, 'H. Tam Đường', 2, 0, 35, 1, 'h-tam-duong'),
(455, 'H. Tân Uyên', 2, 0, 35, 1, 'h-tan-uyen'),
(456, 'H. Than Uyên', 2, 0, 35, 1, 'h-than-uyen'),
(457, 'TX. Lai Châu', 2, 0, 35, 1, 'tx-lai-chau'),
(458, 'H. Bảo Lâm', 2, 0, 36, 1, 'h-bao-lam'),
(459, 'H. Cát Tiên', 2, 0, 36, 1, 'h-cat-tien'),
(460, 'H. Đạ Huoai', 2, 0, 36, 1, 'h-da-huoai'),
(461, 'H. Đạ Tẻh', 2, 0, 36, 1, 'h-da-teh'),
(462, 'H. Đam Rông', 2, 0, 36, 1, 'h-dam-rong'),
(463, 'H. Di Linh', 2, 0, 36, 1, 'h-di-linh'),
(464, 'H. Đơn Dương', 2, 0, 36, 1, 'h-don-duong'),
(465, 'H. Đức Trọng', 2, 0, 36, 1, 'h-duc-trong'),
(466, 'H. Lạc Dương', 2, 0, 36, 1, 'h-lac-duong'),
(467, 'H. Lâm Hà', 2, 0, 36, 1, 'h-lam-ha'),
(468, 'TP. Bảo Lộc', 2, 0, 36, 1, 'tp-bao-loc'),
(469, 'TP. Đà Lạt', 2, 0, 36, 1, 'tp-da-lat'),
(470, 'H. Bắc Sơn', 2, 0, 37, 1, 'h-bac-son'),
(471, 'H. Bình Gia', 2, 0, 37, 1, 'h-binh-gia'),
(472, 'H. Cao Lộc', 2, 0, 37, 1, 'h-cao-loc'),
(473, 'H. Chi Lăng', 2, 0, 37, 1, 'h-chi-lang'),
(474, 'H. Đình Lập', 2, 0, 37, 1, 'h-dinh-lap'),
(475, 'H. Hữu Lũng', 2, 0, 37, 1, 'h-huu-lung'),
(476, 'H. Lộc Bình', 2, 0, 37, 1, 'h-loc-binh'),
(477, 'H. Tràng Định', 2, 0, 37, 1, 'h-trang-dinh'),
(478, 'H. Văn Lãng', 2, 0, 37, 1, 'h-van-lang'),
(479, 'H. Văn Quan', 2, 0, 37, 1, 'h-van-quan'),
(480, 'TP. Lạng Sơn', 2, 0, 37, 1, 'tp-lang-son'),
(481, 'H. Bắc Hà', 2, 0, 38, 1, 'h-bac-ha'),
(482, 'H. Bảo Thắng', 2, 0, 38, 1, 'h-bao-thang'),
(483, 'H. Bao Yên', 2, 0, 38, 1, 'h-bao-yen'),
(484, 'H. Bát Xát', 2, 0, 38, 1, 'h-bat-xat'),
(485, 'H. Mường Khương', 2, 0, 38, 1, 'h-muong-khuong'),
(486, 'H. Sa Pa', 2, 0, 38, 1, 'h-sa-pa'),
(487, 'H. Si Ma Cai', 2, 0, 38, 1, 'h-si-ma-cai'),
(488, 'H. Văn Bàn', 2, 0, 38, 1, 'h-van-ban'),
(489, 'TP. Lào Cai', 2, 0, 38, 1, 'tp-lao-cai'),
(490, 'H. Bến Lức', 2, 0, 39, 1, 'h-ben-luc'),
(491, 'H. Cần Đước', 2, 0, 39, 1, 'h-can-duoc'),
(492, 'H. Cần Giuộc', 2, 0, 39, 1, 'h-can-giuoc'),
(493, 'H. Châu Thành', 2, 0, 39, 1, 'h-chau-thanh'),
(494, 'H. Đức Hòa', 2, 0, 39, 1, 'h-duc-hoa'),
(495, 'H. Đức Huệ', 2, 0, 39, 1, 'h-duc-hue'),
(496, 'H. Mộc Hóa', 2, 0, 39, 1, 'h-moc-hoa'),
(497, 'H. Tân Hưng', 2, 0, 39, 1, 'h-tan-hung'),
(498, 'H. Tân Thạnh', 2, 0, 39, 1, 'h-tan-thanh'),
(499, 'H. Tân Trụ', 2, 0, 39, 1, 'h-tan-tru'),
(500, 'H. Thạnh Hóa', 2, 0, 39, 1, 'h-thanh-hoa'),
(501, 'H. Thủ Thừa', 2, 0, 39, 1, 'h-thu-thua'),
(502, 'H. Vĩnh Hưng', 2, 0, 39, 1, 'h-vinh-hung'),
(503, 'TP. Tân An', 2, 0, 39, 1, 'tp-tan-an'),
(504, 'H. Giao Thủy', 2, 0, 40, 1, 'h-giao-thuy'),
(505, 'H. Hải Hậu', 2, 0, 40, 1, 'h-hai-hau'),
(506, 'H. Mỹ Lộc', 2, 0, 40, 1, 'h-my-loc'),
(507, 'H. Nam Trực', 2, 0, 40, 1, 'h-nam-truc'),
(508, 'H. Nghĩa Hưng', 2, 0, 40, 1, 'h-nghia-hung'),
(509, 'H. Trực Ninh', 2, 0, 40, 1, 'h-truc-ninh'),
(510, 'H. Vụ Bản', 2, 0, 40, 1, 'h-vu-ban'),
(511, 'H. Xuân Trưởng', 2, 0, 40, 1, 'h-xuan-truong'),
(512, 'H. Ý Yên', 2, 0, 40, 1, 'h-y-yen'),
(513, 'TP. Nam Định', 2, 0, 40, 1, 'tp-nam-dinh'),
(514, 'H. Anh Sơn', 2, 0, 41, 1, 'h-anh-son'),
(515, 'H. Con Cuông', 2, 0, 41, 1, 'h-con-cuong'),
(516, 'H. Diễn Châu', 2, 0, 41, 1, 'h-dien-chau'),
(517, 'H. Đô Lương', 2, 0, 41, 1, 'h-do-luong'),
(518, 'H. Kỳ Sơn', 2, 0, 41, 1, 'h-ky-son'),
(519, 'H. Nam Đàn', 2, 0, 41, 1, 'h-nam-dan'),
(520, 'H. Nghi Lộc', 2, 0, 41, 1, 'h-nghi-loc'),
(521, 'H. Nghĩa Đàn', 2, 0, 41, 1, 'h-nghia-dan'),
(522, 'H. Quế Phong', 2, 0, 41, 1, 'h-que-phong'),
(523, 'H. Quỳ Châu', 2, 0, 41, 1, 'h-quy-chau'),
(524, 'H. Quỳ Hợp', 2, 0, 41, 1, 'h-quy-hop'),
(525, 'H. Quỳnh Lưu', 2, 0, 41, 1, 'h-quynh-luu'),
(526, 'H. Tân Kỳ', 2, 0, 41, 1, 'h-tan-ky'),
(527, 'H. Thanh Chương', 2, 0, 41, 1, 'h-thanh-chuong'),
(528, 'H. Yên Thành', 2, 0, 41, 1, 'h-yen-thanh'),
(529, 'TP. Vinh', 2, 0, 41, 1, 'tp-vinh'),
(530, 'TX. Cửa Lò', 2, 0, 41, 1, 'tx-cua-lo'),
(531, 'TX. Thái Hòa', 2, 0, 41, 1, 'tx-thai-hoa'),
(532, 'H. Gia Viễn', 2, 0, 42, 1, 'h-gia-vien'),
(533, 'H. Hoa Lư', 2, 0, 42, 1, 'h-hoa-lu'),
(534, 'H. Kim Sơn', 2, 0, 42, 1, 'h-kim-son'),
(535, 'H. Nho Quan', 2, 0, 42, 1, 'h-nho-quan'),
(536, 'H. Yên Khánh', 2, 0, 42, 1, 'h-yen-khanh'),
(537, 'H. Yên Mô', 2, 0, 42, 1, 'h-yen-mo'),
(538, 'TP. Ninh Bình', 2, 0, 42, 1, 'tp-ninh-binh'),
(539, 'TX. Tam Hiệp', 2, 0, 42, 1, 'tx-tam-hiep'),
(540, 'H. Bác Ái', 2, 0, 43, 1, 'h-bac-ai'),
(541, 'H. Ninh Hải', 2, 0, 43, 1, 'h-ninh-hai'),
(542, 'H. Ninh Phước', 2, 0, 43, 1, 'h-ninh-phuoc'),
(543, 'H. Ninh Sơn', 2, 0, 43, 1, 'h-ninh-son'),
(544, 'H. Thuận Bắc', 2, 0, 43, 1, 'h-thuan-bac'),
(545, 'H. Thuận Nam', 2, 0, 43, 1, 'h-thuan-nam'),
(546, 'TP. Phan Rang - Tháp Chàm', 2, 0, 43, 1, 'tp-phan-rang-thap-cham'),
(547, 'H. Cẩm Khê', 2, 0, 44, 1, 'h-cam-khe'),
(548, 'H. Đoan Hùng', 2, 0, 44, 1, 'h-doan-hung'),
(549, 'H. Hạ Hòa', 2, 0, 44, 1, 'h-ha-hoa'),
(550, 'H. Lâm Thao', 2, 0, 44, 1, 'h-lam-thao'),
(551, 'H. Phù Ninh', 2, 0, 44, 1, 'h-phu-ninh'),
(552, 'H. Tam Nông', 2, 0, 44, 1, 'h-tam-nong'),
(553, 'H. Tân Sơn', 2, 0, 44, 1, 'h-tan-son'),
(554, 'H. Thanh Ba', 2, 0, 44, 1, 'h-thanh-ba'),
(555, 'H. Thanh Sơn', 2, 0, 44, 1, 'h-thanh-son'),
(556, 'H. Thanh Thủy', 2, 0, 44, 1, 'h-thanh-thuy'),
(557, 'H. Yên Lập', 2, 0, 44, 1, 'h-yen-lap'),
(558, 'TP. Việt Trì', 2, 0, 44, 1, 'tp-viet-tri'),
(559, 'TX. Phú Thọ', 2, 0, 44, 1, 'tx-phu-tho'),
(560, 'H. Đông Hòa', 2, 0, 45, 1, 'h-dong-hoa'),
(561, 'H. Đồng Xuân', 2, 0, 45, 1, 'h-dong-xuan'),
(562, 'H. Phú Hòa', 2, 0, 45, 1, 'h-phu-hoa'),
(563, 'H. Sơn Hòa', 2, 0, 45, 1, 'h-son-hoa'),
(564, 'H. Sông Hinh', 2, 0, 45, 1, 'h-song-hinh'),
(565, 'H. Tây Hòa', 2, 0, 45, 1, 'h-tay-hoa'),
(566, 'H. Tuy An', 2, 0, 45, 1, 'h-tuy-an'),
(567, 'TP. Tuy Hòa', 2, 0, 45, 1, 'tp-tuy-hoa'),
(568, 'TX. Sông Cầu', 2, 0, 45, 1, 'tx-song-cau'),
(569, 'H. Bố Trạch', 2, 0, 46, 1, 'h-bo-trach'),
(570, 'H. Lệ Thủy', 2, 0, 46, 1, 'h-le-thuy'),
(571, 'H. Minh Hóa', 2, 0, 46, 1, 'h-minh-hoa'),
(572, 'H. Quảng Ninh', 2, 0, 46, 1, 'h-quang-ninh'),
(573, 'H. Quảng Trạch', 2, 0, 46, 1, 'h-quang-trach'),
(574, 'H. Tuyên Hóa', 2, 0, 46, 1, 'h-tuyen-hoa'),
(575, 'TP. Đồng Hới', 2, 0, 46, 1, 'tp-dong-hoi'),
(576, 'H. Bắc Trà My', 2, 0, 47, 1, 'h-bac-tra-my'),
(577, 'H. Đại Lộc', 2, 0, 47, 1, 'h-dai-loc'),
(578, 'H. Điện Bàn', 2, 0, 47, 1, 'h-dien-ban'),
(579, 'H. Đông Giang', 2, 0, 47, 1, 'h-dong-giang'),
(580, 'H. Duy Xuyên', 2, 0, 47, 1, 'h-duy-xuyen'),
(581, 'H. Hiệp Đức', 2, 0, 47, 1, 'h-hiep-duc'),
(582, 'H. Nam Giang', 2, 0, 47, 1, 'h-nam-giang'),
(583, 'H. Nam Trà My', 2, 0, 47, 1, 'h-nam-tra-my'),
(584, 'H. Nông Sơn', 2, 0, 47, 1, 'h-nong-son'),
(585, 'H. Núi Thành', 2, 0, 47, 1, 'h-nui-thanh'),
(586, 'H. Phú Ninh', 2, 0, 47, 1, 'h-phu-ninh'),
(587, 'H. Phước Sơn', 2, 0, 47, 1, 'h-phuoc-son'),
(588, 'H. Quế Sơn', 2, 0, 47, 1, 'h-que-son'),
(589, 'H. Tây Giang', 2, 0, 47, 1, 'h-tay-giang'),
(590, 'H. Thăng Bình', 2, 0, 47, 1, 'h-thang-binh'),
(591, 'H. Tiên Phước', 2, 0, 47, 1, 'h-tien-phuoc'),
(592, 'TP. Hội An', 2, 0, 47, 1, 'tp-hoi-an'),
(593, 'TP. Tam Kỳ', 2, 0, 47, 1, 'tp-tam-ky'),
(594, 'H. Ba Tơ', 2, 0, 48, 1, 'h-ba-to'),
(595, 'H. Bình Sơn', 2, 0, 48, 1, 'h-binh-son'),
(596, 'H. Đức Phổ', 2, 0, 48, 1, 'h-duc-pho'),
(597, 'H. Lý Sơn', 2, 0, 48, 1, 'h-ly-son'),
(598, 'H. Minh Long', 2, 0, 48, 1, 'h-minh-long'),
(599, 'H. Mộ Đức', 2, 0, 48, 1, 'h-mo-duc'),
(600, 'H. Nghĩa Hành', 2, 0, 48, 1, 'h-nghia-hanh'),
(601, 'H. Sơn Hà', 2, 0, 48, 1, 'h-son-ha'),
(602, 'H. Sơn Tây', 2, 0, 48, 1, 'h-son-tay'),
(603, 'H. Sơn Tịnh', 2, 0, 48, 1, 'h-son-tinh'),
(604, 'H. Tây Trà', 2, 0, 48, 1, 'h-tay-tra'),
(605, 'H. Trà Bồng', 2, 0, 48, 1, 'h-tra-bong'),
(606, 'H. Tư Nghĩa', 2, 0, 48, 1, 'h-tu-nghia'),
(607, 'TP. Quảng Ngãi', 2, 0, 48, 1, 'tp-quang-ngai'),
(608, 'H. Ba Chẽ', 2, 0, 49, 1, 'h-ba-che'),
(609, 'H. Bình Liêu', 2, 0, 49, 1, 'h-binh-lieu'),
(610, 'H. Cô Tô', 2, 0, 49, 1, 'h-co-to'),
(611, 'H. Đầm Hà', 2, 0, 49, 1, 'h-dam-ha'),
(612, 'H. Đông Triều', 2, 0, 49, 1, 'h-dong-trieu'),
(613, 'H. Hải Hà', 2, 0, 49, 1, 'h-hai-ha'),
(614, 'H. Hoành Bồ', 2, 0, 49, 1, 'h-hoanh-bo'),
(615, 'H. Tiên Yên', 2, 0, 49, 1, 'h-tien-yen'),
(616, 'H. Vân Đồn', 2, 0, 49, 1, 'h-van-don'),
(617, 'H. Yên Hưng', 2, 0, 49, 1, 'h-yen-hung'),
(618, 'TP. Hạ Long', 2, 0, 49, 1, 'tp-ha-long'),
(619, 'TP. Móng Cái', 2, 0, 49, 1, 'tp-mong-cai'),
(620, 'TX. Cẩm Phả', 2, 0, 49, 1, 'tx-cam-pha'),
(621, 'TX. Uông Bí', 2, 0, 49, 1, 'tx-uong-bi'),
(622, 'H. Cam Lộ', 2, 0, 50, 1, 'h-cam-lo'),
(623, 'H. Cồn Cỏ', 2, 0, 50, 1, 'h-con-co'),
(624, 'H. Đa Krông', 2, 0, 50, 1, 'h-da-krong'),
(625, 'H. Gio Linh', 2, 0, 50, 1, 'h-gio-linh'),
(626, 'H. Hải Lăng', 2, 0, 50, 1, 'h-hai-lang'),
(627, 'H. Hướng Hóa', 2, 0, 50, 1, 'h-huong-hoa'),
(628, 'H. Triệu Phong', 2, 0, 50, 1, 'h-trieu-phong'),
(629, 'H. Vinh Linh', 2, 0, 50, 1, 'h-vinh-linh'),
(630, 'TP. Đông Hà', 2, 0, 50, 1, 'tp-dong-ha'),
(631, 'TX. Quảng Trị', 2, 0, 50, 1, 'tx-quang-tri'),
(632, 'H. Châu Thành', 2, 0, 51, 1, 'h-chau-thanh'),
(633, 'H. Cù Lao Dung', 2, 0, 51, 1, 'h-cu-lao-dung'),
(634, 'H. Kế Sách', 2, 0, 51, 1, 'h-ke-sach'),
(635, 'H. Long Phú', 2, 0, 51, 1, 'h-long-phu'),
(636, 'H. Mỹ Tú', 2, 0, 51, 1, 'h-my-tu'),
(637, 'H. Mỹ Xuyên', 2, 0, 51, 1, 'h-my-xuyen'),
(638, 'H. Ngã Năm', 2, 0, 51, 1, 'h-nga-nam'),
(639, 'H. Thạnh Trị', 2, 0, 51, 1, 'h-thanh-tri'),
(640, 'H. Trần Đề', 2, 0, 51, 1, 'h-tran-de'),
(641, 'H. Vĩnh Châu', 2, 0, 51, 1, 'h-vinh-chau'),
(642, 'TP. Sóc Trăng', 2, 0, 51, 1, 'tp-soc-trang'),
(643, 'H. Bắc Yên', 2, 0, 52, 1, 'h-bac-yen'),
(644, 'H. Mai Sơn', 2, 0, 52, 1, 'h-mai-son'),
(645, 'H. Mộc Châu', 2, 0, 52, 1, 'h-moc-chau'),
(646, 'H. Mường La', 2, 0, 52, 1, 'h-muong-la'),
(647, 'H. Phù Yên', 2, 0, 52, 1, 'h-phu-yen'),
(648, 'H. Quỳnh Nhai', 2, 0, 52, 1, 'h-quynh-nhai'),
(649, 'H. Sống Mã', 2, 0, 52, 1, 'h-song-ma'),
(650, 'H. Sốp Cộp', 2, 0, 52, 1, 'h-sop-cop'),
(651, 'H. Thuận Châu', 2, 0, 52, 1, 'h-thuan-chau'),
(652, 'H. Yên Châu', 2, 0, 52, 1, 'h-yen-chau'),
(653, 'TP. Sơn La', 2, 0, 52, 1, 'tp-son-la'),
(654, 'H. Bến Cầu', 2, 0, 53, 1, 'h-ben-cau'),
(655, 'H. Châu Thành', 2, 0, 53, 1, 'h-chau-thanh'),
(656, 'H. Dương Minh Châu', 2, 0, 53, 1, 'h-duong-minh-chau'),
(657, 'H. Gò Dầu', 2, 0, 53, 1, 'h-go-dau'),
(658, 'H. Hòa Thành', 2, 0, 53, 1, 'h-hoa-thanh'),
(659, 'H. Tân Biên', 2, 0, 53, 1, 'h-tan-bien'),
(660, 'H. Tân Châu', 2, 0, 53, 1, 'h-tan-chau'),
(661, 'H. Trảng Bàng', 2, 0, 53, 1, 'h-trang-bang'),
(662, 'TX. Tây Ninh', 2, 0, 53, 1, 'tx-tay-ninh'),
(663, 'H. Đông Hưng', 2, 0, 54, 1, 'h-dong-hung'),
(664, 'H. Hưng Hà', 2, 0, 54, 1, 'h-hung-ha'),
(665, 'H. Kiến Xương', 2, 0, 54, 1, 'h-kien-xuong'),
(666, 'H. Quỳnh Phụ', 2, 0, 54, 1, 'h-quynh-phu'),
(667, 'H. Thái Thụy', 2, 0, 54, 1, 'h-thai-thuy'),
(668, 'H. Tiền Hải', 2, 0, 54, 1, 'h-tien-hai'),
(669, 'H. Vũ Thư', 2, 0, 54, 1, 'h-vu-thu'),
(670, 'TP. Thái Bình', 2, 0, 54, 1, 'tp-thai-binh'),
(671, 'H. Đại Tử', 2, 0, 55, 1, 'h-dai-tu'),
(672, 'H. Định Hóa', 2, 0, 55, 1, 'h-dinh-hoa'),
(673, 'H. Đồng Hỷ', 2, 0, 55, 1, 'h-dong-hy'),
(674, 'H. Phổ Yên', 2, 0, 55, 1, 'h-pho-yen'),
(675, 'H. Phú Bình', 2, 0, 55, 1, 'h-phu-binh'),
(676, 'H. Phú Lương', 2, 0, 55, 1, 'h-phu-luong'),
(677, 'H. Võ Nhai', 2, 0, 55, 1, 'h-vo-nhai'),
(678, 'TP. Thái Nguyên', 2, 0, 55, 1, 'tp-thai-nguyen'),
(679, 'TX. Sông Công', 2, 0, 55, 1, 'tx-song-cong'),
(680, 'H. Bá Thước', 2, 0, 56, 1, 'h-ba-thuoc'),
(681, 'H. Cẩm Thúy', 2, 0, 56, 1, 'h-cam-thuy'),
(682, 'H. Đông Sơn', 2, 0, 56, 1, 'h-dong-son'),
(683, 'H. Hà Trung', 2, 0, 56, 1, 'h-ha-trung'),
(684, 'H. Hậu Lộc', 2, 0, 56, 1, 'h-hau-loc'),
(685, 'H. Hoằng Hóa', 2, 0, 56, 1, 'h-hoang-hoa'),
(686, 'H. Lang Chánh', 2, 0, 56, 1, 'h-lang-chanh'),
(687, 'H. Mường Lát', 2, 0, 56, 1, 'h-muong-lat'),
(688, 'H. Nga Sơn', 2, 0, 56, 1, 'h-nga-son'),
(689, 'H. Ngọc Lặc', 2, 0, 56, 1, 'h-ngoc-lac'),
(690, 'H. Như Thanh', 2, 0, 56, 1, 'h-nhu-thanh'),
(691, 'H. Như Xuân', 2, 0, 56, 1, 'h-nhu-xuan'),
(692, 'H. Nông Cống', 2, 0, 56, 1, 'h-nong-cong'),
(693, 'H. Quan Hóa', 2, 0, 56, 1, 'h-quan-hoa'),
(694, 'H. Quan Sơn', 2, 0, 56, 1, 'h-quan-son'),
(695, 'H. Quảng Xương', 2, 0, 56, 1, 'h-quang-xuong'),
(696, 'H. Thạch Thành', 2, 0, 56, 1, 'h-thach-thanh'),
(697, 'H. Thiệu Hóa', 2, 0, 56, 1, 'h-thieu-hoa'),
(698, 'H. Thọ Xuân', 2, 0, 56, 1, 'h-tho-xuan'),
(699, 'H. Thường Xuân', 2, 0, 56, 1, 'h-thuong-xuan'),
(700, 'H. Tĩnh Gia', 2, 0, 56, 1, 'h-tinh-gia'),
(701, 'H. Triệu Sơn', 2, 0, 56, 1, 'h-trieu-son'),
(702, 'H. Vĩnh Lộc', 2, 0, 56, 1, 'h-vinh-loc'),
(703, 'H. Yên Định', 2, 0, 56, 1, 'h-yen-dinh'),
(704, 'TP. Thanh Hóa', 2, 0, 56, 1, 'tp-thanh-hoa'),
(705, 'TX. Bỉm Sơn', 2, 0, 56, 1, 'tx-bim-son'),
(706, 'TX. Sầm Sơn', 2, 0, 56, 1, 'tx-sam-son'),
(707, 'H. A Lưới', 2, 0, 57, 1, 'h-a-luoi'),
(708, 'H. Hương Trà', 2, 0, 57, 1, 'h-huong-tra'),
(709, 'H. Nam Dông', 2, 0, 57, 1, 'h-nam-dong'),
(710, 'H. Phong Điền', 2, 0, 57, 1, 'h-phong-dien'),
(711, 'H. Phú Lộc', 2, 0, 57, 1, 'h-phu-loc'),
(712, 'H. Phú Vang', 2, 0, 57, 1, 'h-phu-vang'),
(713, 'H. Quang Điền', 2, 0, 57, 1, 'h-quang-dien'),
(714, 'TP. Huế', 2, 0, 57, 1, 'tp-hue'),
(715, 'TX. Hương Thủy', 2, 0, 57, 1, 'tx-huong-thuy'),
(716, 'H. Cái Bè', 2, 0, 58, 1, 'h-cai-be'),
(717, 'H. Cai Lây', 2, 0, 58, 1, 'h-cai-lay'),
(718, 'H. Châu Thành', 3, 0, 58, 1, 'h-chau-thanh'),
(719, 'H. Chợ Gạo', 2, 0, 58, 1, 'h-cho-gao'),
(720, 'H. Gò Công Đông', 2, 0, 58, 1, 'h-go-cong-dong'),
(721, 'H. Gò Công Tây', 2, 0, 58, 1, 'h-go-cong-tay'),
(722, 'H. Tân Phú Đông', 2, 0, 58, 1, 'h-tan-phu-dong'),
(723, 'H. Tân Phước', 2, 0, 58, 1, 'h-tan-phuoc'),
(724, 'TP. Mỹ Tho', 2, 0, 58, 1, 'tp-my-tho'),
(725, 'TX. Gò Công', 2, 0, 58, 1, 'tx-go-cong'),
(726, 'H. Càng Long', 2, 0, 59, 1, 'h-cang-long'),
(727, 'H. Cầu Kè', 2, 0, 59, 1, 'h-cau-ke'),
(728, 'H. Cầu Ngang', 2, 0, 59, 1, 'h-cau-ngang'),
(729, 'H. Châu Thành', 2, 0, 59, 1, 'h-chau-thanh'),
(730, 'H. Duyên Hải', 2, 0, 59, 1, 'h-duyen-hai'),
(731, 'H. Tiểu Cần', 2, 0, 59, 1, 'h-tieu-can'),
(732, 'H. Trà Cú', 2, 0, 59, 1, 'h-tra-cu'),
(733, 'TP. Trà Vinh', 2, 0, 59, 1, 'tp-tra-vinh'),
(734, 'H. Chiêm Hóa', 2, 0, 60, 1, 'h-chiem-hoa'),
(735, 'H. Hàm Yên', 2, 0, 60, 1, 'h-ham-yen'),
(736, 'H. Na Hang', 2, 0, 60, 1, 'h-na-hang'),
(737, 'H. Sơn Dương', 2, 0, 60, 1, 'h-son-duong'),
(738, 'H. Yên Sơn', 2, 0, 60, 1, 'h-yen-son'),
(739, 'TP. Tuyên Quang', 2, 0, 60, 1, 'tp-tuyen-quang'),
(740, 'H. Bình Minh', 2, 0, 61, 1, 'h-binh-minh'),
(741, 'H. Bình Tân', 2, 0, 61, 1, 'h-binh-tan'),
(742, 'H. Long Hồ', 2, 0, 61, 1, 'h-long-ho'),
(743, 'H. Mang Thít', 2, 0, 61, 1, 'h-mang-thit'),
(744, 'H. Tam Bình', 2, 0, 61, 1, 'h-tam-binh'),
(745, 'H. Trà Ôn', 2, 0, 61, 1, 'h-tra-on'),
(746, 'H. Vũng Liêm', 2, 0, 61, 1, 'h-vung-liem'),
(747, 'TP. Vĩnh Long', 2, 0, 61, 1, 'tp-vinh-long'),
(748, 'H. Bình Xuyên', 2, 0, 62, 1, 'h-binh-xuyen'),
(749, 'H. Lập Thạch', 2, 0, 62, 1, 'h-lap-thach'),
(750, 'H. Sông Lô', 2, 0, 62, 1, 'h-song-lo'),
(751, 'H. Tam Đảo', 2, 0, 62, 1, 'h-tam-dao'),
(752, 'H. Tam Dương', 2, 0, 62, 1, 'h-tam-duong'),
(753, 'H. Vĩnh Tường', 2, 0, 62, 1, 'h-vinh-tuong'),
(754, 'H. Yên Lạc', 2, 0, 62, 1, 'h-yen-lac'),
(755, 'TP. Vĩnh Yên', 2, 0, 62, 1, 'tp-vinh-yen'),
(756, 'TX. Phúc Yên', 2, 0, 62, 1, 'tx-phuc-yen'),
(757, 'H. Lục Yên', 2, 0, 63, 1, 'h-luc-yen'),
(758, 'H. Mù Cang Chải', 2, 0, 63, 1, 'h-mu-cang-chai'),
(759, 'H. Trạm Tấu', 2, 0, 63, 1, 'h-tram-tau'),
(760, 'H. Trấn Yên', 2, 0, 63, 1, 'h-tran-yen'),
(761, 'H. Văn Chấn', 2, 0, 63, 1, 'h-van-chan'),
(762, 'H. Văn Yên', 2, 0, 63, 1, 'h-van-yen'),
(763, 'H. Yên Bình', 2, 0, 63, 1, 'h-yen-binh'),
(764, 'TP. Yên Bái', 2, 0, 63, 1, 'tp-yen-bai'),
(765, 'TX. Nghĩa Lộ', 2, 0, 63, 1, 'tx-nghia-lo'),
(766, 'Q. Gò Vấp', 2, 0, 5, 1, 'q-go-vap'),
(999, 'Toàn quốc', 1, 3, 0, -1, 'toan-quoc');

-- --------------------------------------------------------

--
-- Table structure for table `product`
--

CREATE TABLE IF NOT EXISTS `product` (
  `product_id` int(11) NOT NULL AUTO_INCREMENT,
  `shop_id` int(11) NOT NULL DEFAULT '0',
  `product_name` varchar(500) COLLATE utf8_unicode_ci DEFAULT NULL,
  `product_image` varchar(255) COLLATE utf8_unicode_ci DEFAULT NULL,
  `product_price` float DEFAULT NULL,
  `product_unit` tinyint(1) DEFAULT NULL,
  `product_price_root` float DEFAULT NULL,
  `province_id` int(5) NOT NULL DEFAULT '0',
  `product_info` text COLLATE utf8_unicode_ci,
  `status` tinyint(1) NOT NULL DEFAULT '0' COMMENT '0 = waitting 1 = active 2= waitshop 3=hidden 4=edit 5 = block',
  `product_status` tinyint(1) NOT NULL,
  `dateline` int(11) NOT NULL,
  `method` int(1) DEFAULT NULL COMMENT '0: tai shop, 1= online, 2= all',
  `user_id` bigint(15) DEFAULT NULL,
  `wili_total` int(11) NOT NULL DEFAULT '0',
  `views` bigint(20) NOT NULL DEFAULT '0',
  `rewrite_url` varchar(255) COLLATE utf8_unicode_ci DEFAULT NULL,
  `original_image` varchar(50) COLLATE utf8_unicode_ci DEFAULT NULL,
  `product_modify_date` int(10) DEFAULT NULL,
  `instock` enum('Y','N') COLLATE utf8_unicode_ci DEFAULT NULL,
  `hot_score` float DEFAULT NULL,
  `shop_city` int(11) DEFAULT NULL,
  `uptime` int(11) DEFAULT NULL,
  `vip` tinyint(1) DEFAULT NULL,
  `original_status` tinyint(4) DEFAULT NULL,
  `product_availability` tinyint(1) NOT NULL DEFAULT '1',
  `week_views` int(11) NOT NULL,
  `warranty_status_id` int(11) DEFAULT NULL,
  `sku` varchar(255) COLLATE utf8_unicode_ci DEFAULT NULL,
  `is_content_updated` tinyint(1) NOT NULL DEFAULT '0',
  `status_id` tinyint(1) NOT NULL,
  `inventory_quantity` int(11) NOT NULL DEFAULT '0',
  `web_quantity` int(11) NOT NULL DEFAULT '0',
  PRIMARY KEY (`product_id`),
  UNIQUE KEY `product_sku_unique` (`sku`)
) ENGINE=MyISAM  DEFAULT CHARSET=utf8 COLLATE=utf8_unicode_ci AUTO_INCREMENT=230 ;

--
-- Dumping data for table `product`
--

INSERT INTO `product` (`product_id`, `shop_id`, `product_name`, `product_image`, `product_price`, `product_unit`, `product_price_root`, `province_id`, `product_info`, `status`, `product_status`, `dateline`, `method`, `user_id`, `wili_total`, `views`, `rewrite_url`, `original_image`, `product_modify_date`, `instock`, `hot_score`, `shop_city`, `uptime`, `vip`, `original_status`, `product_availability`, `week_views`, `warranty_status_id`, `sku`, `is_content_updated`, `status_id`, `inventory_quantity`, `web_quantity`) VALUES
(43, 23, 'Giày nam Vrada Phong cách -D63- Xanh dương ', '11ba16e8b2729dac04bb18396f4515c6.jpg', 250000, 0, NULL, 5, '', 0, -2, 1386302857, NULL, NULL, 0, 2, NULL, NULL, NULL, NULL, 0, 5, 1386302857, NULL, 1, 1, 0, 9, 'giay-dep1_phimnhanh1_43', 0, 1, 0, 0),
(42, 23, 'Giày thể thao nam cao cấp -D35- BLACK', 'd7dc40ef889100360b1fcb797d5a42ea.jpg', 490000, 0, NULL, 5, '', 0, -2, 1386302576, NULL, NULL, 0, 11, NULL, NULL, NULL, NULL, 0, 1, 1386302576, NULL, 1, 1, 0, 9, 'giay-dep1_phimnhanh1_42', 0, 1, 0, 0),
(41, 23, 'Giày da nam thời trang -D4- Nâu', '13ec1f97377eaa56d65de822f4b9b47c.jpg', 350000, 0, NULL, 5, '', 0, -2, 1386302439, NULL, NULL, 0, 8, NULL, NULL, NULL, NULL, 0, 2, 1386302439, NULL, 1, 1, 0, 9, 'giay-dep1_phimnhanh1_41', 0, 1, 0, 0),
(40, 23, 'Giày nam JIM thể thao -D2- Trắng', '78201e7a153d093e0175ce730440ca66.jpg', 350000, 0, NULL, 5, '', 0, -2, 1386302285, NULL, NULL, 0, 0, NULL, NULL, NULL, NULL, 0, 3, 1386302285, NULL, 1, 1, 0, 9, 'giay-dep1_phimnhanh1_40', 0, 1, 0, 0),
(18, 24, 'Giày nam thời trang D62', '85f32bb35c1cd9c08b04df8286db725d.jpg', 250000, 0, NULL, 127, '', 0, 1, 1386233847, NULL, NULL, 0, 2, NULL, NULL, NULL, NULL, 0, 5, 1386233847, 1, 1, 1, 0, 9, 'giay-dep1_phimnhanh1_18', 0, 1, 0, 0),
(19, 22, 'Áo khoác nam phối sọc phong cách ', '5570a0fbe0cb0f55fed5348eb8fd3fc4.jpg', 0, 0, NULL, 5, '', 0, 1, 1386234712, NULL, NULL, 0, 1, NULL, NULL, NULL, NULL, 0, 0, 1386234712, 1, 1, 1, 0, 9, 'thoi-trang1_phimnhanh1_19', 0, 1, 0, 0),
(20, 22, 'Áo khoác jean Hàn Quốc phong cách - AJ01', 'cae33750e11fc970b0f6f23712f590ae.jpg', 0, 0, NULL, 5, '', 0, 1, 1386235122, NULL, NULL, 0, 0, NULL, NULL, NULL, NULL, 0, 0, 1386235122, 1, 1, 1, 0, 9, 'thoi-trang1_phimnhanh1_20', 0, 1, 0, 0),
(21, 23, 'Áo khoác nỉ Ferrari fashion CM02', '534e409977ae88ecdc3d17bbcbbe295f.jpg', 150000, 0, NULL, 5, '', 0, -2, 1386235451, NULL, NULL, 0, 2, NULL, NULL, NULL, NULL, 0, 5, 1386235451, NULL, 1, 1, 0, 9, 'thoi-trang1_phimnhanh1_21', 0, 1, 0, 0),
(22, 23, 'Áo khoác nam thời trang TL06 ', '85b65c0ea25368ec4e8d2737a23b9afd.jpg', 165000, 0, NULL, 5, '', 0, -2, 1386235663, NULL, NULL, 0, 3, NULL, NULL, NULL, NULL, 0, 5, 1386235663, NULL, 1, 1, 0, 9, 'thoi-trang1_phimnhanh1_22', 0, 1, 0, 0),
(23, 23, 'Áo khoác nam phối 2 dây kéo phong cách - AK01', 'cd88d35fb55de813c3a7305b47cb44d8.jpg', 190000, 0, NULL, 5, '', 0, -2, 1386235974, NULL, NULL, 0, 2, NULL, NULL, NULL, NULL, 0.356533, 5, 1386235974, NULL, 1, 1, 0, 9, 'thoi-trang1_phimnhanh1_23', 0, 1, 0, 0),
(24, 23, 'Áo khoác vest caro YUKA thời trang - HA05 ', 'cf48b884ac11c0d5a6388b49052559dc.jpg', 190000, 0, NULL, 5, '', 0, -2, 1386236306, NULL, NULL, 0, 9, NULL, NULL, NULL, NULL, 0.356533, 5, 1386236306, NULL, 1, 1, 0, 9, 'thoi-trang1_phimnhanh1_24', 0, 1, 0, 0),
(25, 22, 'Áo thun nữ Luna tay dài dễ thương - HA03', '9749638b23346e6be8c52e89d2a5febb.jpg', 120000, 0, NULL, 5, '', 0, 1, 1386236649, NULL, NULL, 0, 10, NULL, NULL, NULL, NULL, 0, 5, 1386236649, 1, 1, 1, 0, 9, 'thoi-trang1_phimnhanh1_25', 0, 1, 0, 0),
(26, 23, 'Áo sơ mi nữ đính đá cao cấp - N01 ', '077d20b32a35b82d666b0141aed4004d.jpg', 175000, 0, NULL, 5, '', 0, -2, 1386236805, NULL, NULL, 0, 0, NULL, NULL, NULL, NULL, 0, 5, 1386236805, NULL, 1, 1, 0, 9, 'thoi-trang1_phimnhanh1_26', 0, 1, 0, 0),
(27, 23, 'Đầm công sở phối ren eo ', 'b40f129afe0d3b6c960d3f1fcf67315a.jpg', 160000, 0, NULL, 5, '', 0, -2, 1386236970, NULL, NULL, 0, 0, NULL, NULL, NULL, NULL, 0, 5, 1386236970, NULL, 1, 1, 0, 9, 'thoi-trang1_phimnhanh1_27', 0, 1, 0, 0),
(28, 23, 'Áo voan chiffon sọc xanh dương ', 'db7f9a822a8d8c828e6376360aa8fd67.jpg', 99000, 0, NULL, 5, '', 0, -2, 1386237108, NULL, NULL, 0, 0, NULL, NULL, NULL, NULL, 0, 5, 1386237108, NULL, 1, 1, 0, 9, 'thoi-trang1_phimnhanh1_28', 0, 1, 0, 0),
(29, 23, 'Đầm Denim phối tay chấm bi - HA06 ', 'ef89030b06563943e0296f2b6ba52ac7.jpg', 179000, 0, NULL, 5, '', 0, -2, 1386237281, NULL, NULL, 0, 6, NULL, NULL, NULL, NULL, 0, 5, 1386237281, NULL, 1, 1, 0, 9, 'thoi-trang1_phimnhanh1_29', 0, 1, 0, 0),
(30, 23, 'Đồng hồ thể thao S-SHEOK D102 ', '2d784f726418696ef2982f3602cfa1f2.jpg', 320000, 0, NULL, 5, '', 0, -2, 1386237492, NULL, NULL, 0, 128, NULL, NULL, NULL, NULL, 0, 5, 1386237492, NULL, 1, 1, 0, 9, 'phu-kien1_phimnhanh1_30', 0, 1, 0, 0),
(31, 22, 'Đồng hồ cặp Feiwo Quartz vuông D165A', 'matsau.jpg', 100000, 0, NULL, 5, '', 0, 1, 1386237704, NULL, NULL, 0, 0, NULL, NULL, 1394034845, NULL, 0, 5, 1386237704, 1, 1, 1, 0, 9, 'ao-cap1_phimnhanh1_31', 0, 1, 0, 0),
(32, 22, 'Đồng hồ nam TISSOT 6775-1', 'd85d5b9598b92e3b43f34a24f713a2da.jpg', 150000, 0, NULL, 5, '', 0, 1, 1386237869, NULL, NULL, 0, 0, NULL, NULL, NULL, NULL, 0, 5, 1386237869, 1, 1, 1, 0, 9, 'phu-kien1_phimnhanh1_32', 0, 1, 0, 0),
(33, 23, 'Đồng hồ nữ Bomei thời trang', '945e2f1a1183a8b1d7e922af395c57bc.jpg', 280000, 0, NULL, 5, '', 0, -2, 1386238020, NULL, NULL, 0, 3, NULL, NULL, NULL, NULL, 0, 5, 1386238020, NULL, 1, 1, 0, 9, 'phu-kien1_phimnhanh1_33', 0, 1, 0, 0),
(34, 23, 'Đồng hồ LED điện tử cá tính D137 ', '913fe631620838b77bd8b94cfac377ff.jpg', 150000, 0, NULL, 5, '', 0, -2, 1386238276, NULL, NULL, 0, 0, NULL, NULL, NULL, NULL, 0, 5, 1386238276, NULL, 1, 1, 0, 9, 'phu-kien1_phimnhanh1_34', 0, 1, 0, 0),
(35, 23, 'Giày cao gót cách điệu quai chéo C044 ', 'd14c00562db7d3ac94bb3c245a7b27bc.jpg', 300000, 0, NULL, 5, '', 0, -2, 1386238474, NULL, NULL, 0, 1, NULL, NULL, NULL, NULL, 0, 5, 1386238474, NULL, 1, 1, 0, 9, 'giay-dep1_phimnhanh1_35', 0, 1, 0, 0),
(36, 23, 'Giày nam cá tính -D26- Đen ', 'cb471d1bdf0a34f41b4c4902c8dd9bfd.jpg', 320000, 0, NULL, 5, '', 0, -2, 1386238630, NULL, NULL, 0, 0, NULL, NULL, NULL, NULL, 0, 5, 1386238630, NULL, 1, 1, 0, 9, 'giay-dep1_phimnhanh1_36', 0, 1, 0, 0),
(37, 23, 'Giày nam cá tính SLT -D58- Xanh dương ', '95e69e26e0506689265a660f7772835a.jpg', 290000, 0, NULL, 5, '', 0, -2, 1386238741, NULL, NULL, 0, 0, NULL, NULL, NULL, NULL, 0, 5, 1386238741, NULL, 1, 1, 0, 9, 'giay-dep1_phimnhanh1_37', 0, 1, 0, 0),
(38, 23, 'Giày nữ Leisure Sport ', '4ed9129a059fb38309d331e269ab6fbd.jpg', 49000, 0, NULL, 5, '', 0, -2, 1386238875, NULL, NULL, 0, 0, NULL, NULL, NULL, NULL, 0, 5, 1386238875, NULL, 1, 1, 0, 9, 'giay-dep1_phimnhanh1_38', 0, 1, 0, 0),
(39, 23, 'Giày cao gót bít mũi đơn giản C012', '3caf8219b014f0389066dde713e847e9.jpg', 280000, 0, NULL, 5, '', 0, -2, 1386239027, NULL, NULL, 0, 0, NULL, NULL, NULL, NULL, 0, 5, 1386239027, NULL, 1, 1, 0, 9, 'giay-dep1_phimnhanh1_39', 0, 1, 0, 0),
(44, 23, 'Giày nam Vrada Fashion -D63- Xám ', '465a63d549604978ad0df11a8e9f1ba7.jpg', 250000, 0, NULL, 5, '', 0, -2, 1386303001, NULL, NULL, 0, 0, NULL, NULL, NULL, NULL, 0, 5, 1386303001, NULL, 1, 1, 0, 9, 'giay-dep1_phimnhanh1_44', 0, 1, 0, 0),
(45, 23, 'Giày nam phong cách -D51- Rêu', 'ea454bb577725e1c89b9dedf0162e2e7.jpg', 290000, 0, NULL, 5, '', 0, -2, 1386303132, NULL, NULL, 0, 0, NULL, NULL, NULL, NULL, 0, 5, 1386303132, NULL, 1, 1, 0, 9, 'giay-dep1_phimnhanh1_45', 0, 1, 0, 0),
(46, 23, 'Giày nam JIMEI thể thao D2 ', '3a7e1c3aa5470d621a3366f0b6edeadf.jpg', 350000, 0, NULL, 5, '', 0, -2, 1386304771, NULL, NULL, 0, 0, NULL, NULL, NULL, NULL, 0, 5, 1386304771, NULL, 1, 1, 0, 9, 'giay-dep1_phimnhanh1_46', 0, 1, 0, 0),
(47, 23, 'Giày nam JIME thời trang D1 ', 'f31ca838a6b9b0a0879d3427c6ec2a16.jpg', 350000, 0, NULL, 5, '', 0, -2, 1386304889, NULL, NULL, 0, 0, NULL, NULL, NULL, NULL, 0, 5, 1386304889, NULL, 1, 1, 0, 9, 'giay-dep1_phimnhanh1_47', 0, 1, 0, 0),
(48, 23, 'Giày nam phong cách Odiky -Xám- D54 ', '725ab1ab6684e138d30deb2f9ef7cf74.jpg', 290000, 0, NULL, 5, '', 0, -2, 1386305194, NULL, NULL, 0, 0, NULL, NULL, NULL, NULL, 0, 5, 1386305194, NULL, 1, 1, 0, 9, 'giay-dep1_phimnhanh1_48', 0, 1, 0, 0),
(49, 23, 'Giày nam Denim cá tính -D49- Xanh dương', '32a66d7dcb8225b8895ecf235bbf8551.jpg', 290000, 0, NULL, 5, '', 0, -2, 1386312194, NULL, NULL, 0, 0, NULL, NULL, NULL, NULL, 0, 5, 1386312194, NULL, 1, 1, 0, 9, 'giay-dep1_phimnhanh1_49', 0, 1, 0, 0),
(50, 23, 'Giày nam phong cách 2014 C104', 'ada7ed7e6ebf710c97253e1a2b293add.jpg', 290000, 0, NULL, 5, '', 0, -2, 1386312346, NULL, NULL, 0, 1, NULL, NULL, NULL, NULL, 0, 5, 1386312346, NULL, 1, 1, 0, 9, 'giay-dep1_phimnhanh1_50', 0, 1, 0, 0),
(51, 23, 'Giày nam thời trang D31 ', '2823407fa246f5fd1a7eb4e3418c6767.jpg', 480000, 0, NULL, 5, '', 0, -2, 1386316760, NULL, NULL, 0, 0, NULL, NULL, NULL, NULL, 0, 5, 1386316760, NULL, 1, 1, 0, 9, 'giay-dep1_phimnhanh1_51', 0, 1, 0, 0),
(52, 23, 'Áo sơ mi tay cọc cá tính TV3702V ', 'a45a6622ab96535c8b72f843dbc9f6b4.jpg', 120000, 0, NULL, 5, '', 0, -2, 1386321921, NULL, NULL, 0, 0, NULL, NULL, NULL, NULL, 0, 5, 1386321921, NULL, 1, 1, 0, 9, 'thoi-trang1_phimnhanh1_52', 0, 1, 0, 0),
(53, 23, 'Đầm công sở thời trang TV3701 ', 'c5c873e808b7ae34d0551beaa4fc395a.jpg', 170000, 0, NULL, 5, '', 0, -2, 1386322029, NULL, NULL, 0, 3, NULL, NULL, NULL, NULL, 0, 5, 1386322029, NULL, 1, 1, 0, 9, 'thoi-trang1_phimnhanh1_53', 0, 1, 0, 0),
(54, 22, 'Áo sơ mi denim TV4003 ', 'be3888955e18889d692f7280a09a962a.jpg', 120000, 0, NULL, 5, '', 0, 1, 1386322157, NULL, NULL, 0, 21, NULL, NULL, NULL, NULL, 0, 5, 1386322157, 1, 1, 1, 0, 9, 'thoi-trang1_phimnhanh1_54', 0, 1, 0, 0),
(55, 23, 'Áo sơ mi cổ sen thời trang TV3902 ', '5d9ab270176e430feb28c411482bbe27.jpg', 120000, 0, NULL, 5, '', 0, -2, 1386322316, NULL, NULL, 0, 0, NULL, NULL, NULL, NULL, 0, 5, 1386322316, NULL, 1, 1, 0, 9, 'thoi-trang1_phimnhanh1_55', 0, 1, 0, 0),
(56, 23, 'Đầm hoa thời trang TV3904 ', '069ff5551bd56f63af670e74ebbfac8e.jpg', 170000, 0, NULL, 5, '', 0, -2, 1386322440, NULL, NULL, 0, 0, NULL, NULL, NULL, NULL, 0, 5, 1386322440, NULL, 1, 1, 0, 9, 'thoi-trang1_phimnhanh1_56', 0, 1, 0, 0),
(57, 23, 'Áo thun nữ sọc ngang No.9 Fashion', 'cd755c546a689b77e9ef9a5e17b2b991.jpg', 99000, 0, NULL, 5, '', 0, -2, 1386322575, NULL, NULL, 0, 8, NULL, NULL, NULL, NULL, 0, 5, 1386322575, NULL, 1, 1, 0, 9, 'thoi-trang1_phimnhanh1_57', 0, 1, 0, 0),
(58, 23, 'Case chống nước IPHONE5 iBuffalo chính hãng', '3232617a185a0522c921a3f08fa8c13f.jpg', 200000, 0, NULL, 5, '', 0, -2, 1386322697, NULL, NULL, 0, 26, NULL, NULL, NULL, NULL, 0, 5, 1386322697, NULL, 1, 1, 0, 9, 'hitech1_phimnhanh1_58', 0, 1, 0, 0),
(59, 23, 'Case Sony Xperia Z iBUFFALO chính hãng', 'bdb30becae18bbfd69db3d0dc5340176.jpg', 80000, 0, NULL, 5, '', 0, -2, 1386322785, NULL, NULL, 0, 0, NULL, NULL, NULL, NULL, 0, 5, 1386322785, NULL, 1, 1, 0, 9, 'hitech1_phimnhanh1_59', 0, 1, 0, 0),
(60, 23, 'Chuột không dây Buffalo Laser BSMBW05 - Hàng Nhật chính hãng.', 'ec135dfeaaefadbf08be9877d6365156.jpg', 190000, 0, NULL, 5, '', 0, -2, 1386322956, NULL, NULL, 0, 0, NULL, NULL, NULL, NULL, 0, 5, 1386322956, NULL, 1, 1, 0, 9, 'hitech1_phimnhanh1_60', 0, 1, 0, 0),
(61, 23, 'Chuột không dây Buffalo Laser SRMB01 - Hàng Nhật chính hãng.', 'a0288092ad632c7924af8f425fdb55fa.jpg', 190000, 0, NULL, 5, '', 0, -2, 1386323068, NULL, NULL, 0, 1, NULL, NULL, NULL, NULL, 0, 5, 1386323068, NULL, 1, 1, 0, 9, 'hitech1_phimnhanh1_61', 0, 1, 0, 0),
(62, 23, 'Headphone kiểu dáng Beats Monster cao cấp', '6664e6d3e603917d541f2fca19343826.jpg', 100000, 0, NULL, 5, '', 0, -2, 1386323201, NULL, NULL, 0, 0, NULL, NULL, NULL, NULL, 0, 5, 1386323201, NULL, 1, 1, 0, 9, 'hitech1_phimnhanh1_62', 0, 1, 0, 0),
(63, 23, 'Headphone Chenle CL-0072 cao cấp ', '2ff47efa8e18ad6e835ea88dbabf1f06.jpg', 69000, 0, NULL, 5, '', 0, -2, 1386323416, NULL, NULL, 0, 0, NULL, NULL, NULL, NULL, 0, 5, 1386323416, NULL, 1, 1, 0, 9, 'hitech1_phimnhanh1_63', 0, 1, 0, 0),
(64, 23, 'đầm dây phối màu cho bé', 'f0d3353116b21bbb059ff95f8a8bb4a2.jpg', 60000, 0, NULL, 5, '', 0, -2, 1386323644, NULL, NULL, 0, 1, NULL, NULL, NULL, NULL, 0, 5, 1386323644, NULL, 1, 1, 0, 9, 'tre-em1_phimnhanh1_64', 0, 1, 0, 0),
(65, 23, 'Đồ bộ cotton dành cho bé gái', '38ec07255a4879390c3cc0f79bc58a3c.jpg', 85000, 0, NULL, 5, '', 0, -2, 1386323747, NULL, NULL, 0, 0, NULL, NULL, NULL, NULL, 0, 5, 1386323747, NULL, 1, 1, 0, 9, 'tre-em1_phimnhanh1_65', 0, 1, 0, 0),
(66, 23, 'Quần jean và áo sơ mi cho bé trai', 'de61447191100e8b36a72b8bc21ace7f.jpg', 130000, 0, NULL, 5, '', 0, -2, 1386323874, NULL, NULL, 0, 1, NULL, NULL, NULL, NULL, 0, 5, 1386323874, NULL, 1, 1, 0, 9, 'tre-em1_phimnhanh1_66', 0, 1, 0, 0),
(67, 23, 'Balo nhựa dùng mùa mưa cho bé', 'ce36aec2ff2be325e536ba679002f571.jpg', 90000, 0, NULL, 5, '', 0, -2, 1386324019, NULL, NULL, 0, 0, NULL, NULL, NULL, NULL, 0, 5, 1386324019, NULL, 1, 1, 0, 9, 'tre-em1_phimnhanh1_67', 0, 1, 0, 0),
(68, 23, 'Xe gỗ tập đi cho trẻ em', '084905fb27f4213eb91ef6d11aa712ed.jpg', 0, 0, NULL, 5, '', 0, -2, 1386324138, NULL, NULL, 0, 0, NULL, NULL, NULL, NULL, 0, 0, 1386324138, NULL, 1, 1, 0, 9, 'tre-em1_phimnhanh1_68', 0, 1, 0, 0),
(69, 23, 'Bộ Drap kiểu dáng Thái Lan', 'e1e4601fefdc1ed9a0da3fb56dc812af.jpg', 175000, 0, NULL, 5, '', 0, -2, 1386324294, NULL, NULL, 0, 12, NULL, NULL, NULL, NULL, 0, 5, 1386324294, NULL, 1, 1, 0, 9, 'gia-dung1_phimnhanh1_69', 0, 1, 0, 0),
(70, 23, 'Đèn pin sạc led 4 bóng siêu sáng', '36db1db8e8b83ae6333349faa28d8a2a.jpg', 59000, 0, NULL, 5, '', 0, -2, 1386324409, NULL, NULL, 0, 0, NULL, NULL, NULL, NULL, 0, 5, 1386324409, NULL, 1, 1, 0, 9, 'gia-dung1_phimnhanh1_70', 0, 1, 0, 0),
(71, 23, 'Dao đa năng 11 món bằng hợp kim không rỉ', 'ef96262235e4baf758c91f2f164477e0.jpg', 49000, 0, NULL, 5, '', 0, -2, 1386324470, NULL, NULL, 0, 0, NULL, NULL, NULL, NULL, 0, 5, 1386324470, NULL, 1, 1, 0, 9, 'gia-dung1_phimnhanh1_71', 0, 1, 0, 0),
(72, 23, 'BỘ DỤNG CỤ SẠC 10 ĐẦU', 'a92b7e1bd772e709fc5dabbab68dc644.jpg', 49000, 0, NULL, 5, '', 0, -2, 1386384590, NULL, NULL, 0, 5, NULL, NULL, NULL, NULL, 0.356578, 5, 1386384590, NULL, 1, 1, 0, 9, 'hitech1_phimnhanh1_72', 0, 1, 0, 0),
(73, 23, 'ĐÈN LED SẠC ĐỂ BÀN KIỂU DÁNG IPHONE', 'b9cfa930dee88dab332563b74affc038.jpg', 90000, 0, NULL, 5, '', 0, -2, 1386384707, NULL, NULL, 0, 0, NULL, NULL, NULL, NULL, 0, 5, 1386384707, NULL, 1, 1, 0, 9, 'gia-dung1_phimnhanh1_73', 0, 1, 0, 0),
(74, 23, 'Balo kiểu dáng Minion', '839ddd327eb00f40f3991759d8e8c370.jpg', 110000, 0, NULL, 5, '', 0, -2, 1386384926, NULL, NULL, 0, 15, NULL, NULL, NULL, NULL, 0, 5, 1386384926, NULL, 1, 1, 0, 9, 'tre-em1_phimnhanh1_74', 0, 1, 0, 0),
(75, 23, 'Thảm 3D nằm chơi cho bé Sunny Friend', '3ffb5d8283439e6de7b52483d710583b.jpg', 555000, 0, NULL, 5, '', 0, -2, 1386385023, NULL, NULL, 0, 0, NULL, NULL, NULL, NULL, 0, 5, 1386385023, NULL, 1, 1, 0, 9, 'tre-em1_phimnhanh1_75', 0, 1, 0, 0),
(76, 23, 'Hộp bút chì màu bằng gỗ', '39c3656bb0c1804b46d6acad96792339.jpg', 178000, 0, NULL, 5, '', 0, -2, 1386385157, NULL, NULL, 0, 0, NULL, NULL, NULL, NULL, 0, 5, 1386385157, NULL, 1, 1, 0, 9, 'tre-em1_phimnhanh1_76', 0, 1, 0, 0),
(77, 23, 'Hộp bút chì màu bằng gỗ', '39c3656bb0c1804b46d6acad96792339.jpg', 178000, 0, NULL, 5, '', 0, -2, 1386385165, NULL, NULL, 0, 5, NULL, NULL, NULL, NULL, 0, 5, 1386385165, NULL, 1, 1, 0, 9, 'tre-em1_phimnhanh1_77', 0, 1, 0, 0),
(78, 23, 'Bộ 3 túi xách đáng yêu cho mẹ và bé', '67053ee71dee80c045cc4daf5cd4e155.jpg', 195000, 0, NULL, 5, '', 0, -2, 1386385325, NULL, NULL, 0, 0, NULL, NULL, NULL, NULL, 0, 5, 1386385325, NULL, 1, 1, 0, 9, 'tre-em1_phimnhanh1_78', 0, 1, 0, 0),
(79, 23, 'Máy sấy tóc cao cấp ZeYuan ZY870 ', 'b6f9246c9e4b3a63bec7b262c6c5b364.jpg', 180000, 0, NULL, 5, '', 0, -2, 1386385570, NULL, NULL, 0, 0, NULL, NULL, NULL, NULL, 0, 5, 1386385570, NULL, 1, 1, 0, 9, 'gia-dung1_phimnhanh1_79', 0, 1, 0, 0),
(80, 23, 'Máy Ép Và Làm Xoăn Tóc BRAUN Professional BR-900 ', 'd409cdc6b240f63bf060951b78b09999.jpg', 150000, 0, NULL, 5, '', 0, -2, 1386385660, NULL, NULL, 0, 0, NULL, NULL, NULL, NULL, 0, 5, 1386385660, NULL, 1, 1, 0, 9, 'gia-dung1_phimnhanh1_80', 0, 1, 0, 0),
(81, 23, 'Tinh dầu Natural Larova ', '9fb2bc424b7d5cc1ec744e4db7dffdbb.jpg', 35000, 0, NULL, 5, '', 0, -2, 1386385874, NULL, NULL, 0, 0, NULL, NULL, NULL, NULL, 0, 5, 1386385874, NULL, 1, 1, 0, 9, 'gia-dung1_phimnhanh1_81', 0, 1, 0, 0),
(82, 23, 'Nệm PE Hàn Quốc 1m6 x 2m x 10cm', 'ecc725a0775e2d980874c7646b33a05a.jpg', 750000, 0, NULL, 5, '', 0, -2, 1386386026, NULL, NULL, 0, 0, NULL, NULL, NULL, NULL, 0, 5, 1386386026, NULL, 1, 1, 0, 9, 'gia-dung1_phimnhanh1_82', 0, 1, 0, 0),
(83, 23, 'Combo 5 hộp nhựa đựng giày', 'acdd2ff83879f13d1e13e45faf33a3cc.jpg', 75000, 0, NULL, 5, '', 0, -2, 1386386125, NULL, NULL, 0, 0, NULL, NULL, NULL, NULL, 0, 5, 1386386125, NULL, 1, 1, 0, 9, 'gia-dung1_phimnhanh1_83', 0, 1, 0, 0),
(84, 23, 'Ổ khóa 10 số an toàn, tiện dụng', '2ba9fb357404f3698e83676659a03253.jpg', 49000, 0, NULL, 5, '', 0, -2, 1386386231, NULL, NULL, 0, 0, NULL, NULL, NULL, NULL, 0, 5, 1386386231, NULL, 1, 1, 0, 9, 'gia-dung1_phimnhanh1_84', 0, 1, 0, 0),
(85, 23, 'Dụng cụ làm bún tươi, mì', 'ea27b0b7b1ff796b973b9e8605b000de.jpg', 189000, 0, NULL, 5, '', 0, -2, 1386386368, NULL, NULL, 0, 0, NULL, NULL, NULL, NULL, 0, 5, 1386386368, NULL, 1, 1, 0, 9, 'gia-dung1_phimnhanh1_85', 0, 1, 0, 0),
(86, 23, 'Vỉ nướng cá hoặc vỉ nướng thịt BBQ lưới', '6d3e6aad4c6be1267cc32eefe2553811.jpg', 60000, 0, NULL, 5, '', 0, -2, 1386386466, NULL, NULL, 0, 0, NULL, NULL, NULL, NULL, 0, 5, 1386386466, NULL, 1, 1, 0, 9, 'gia-dung1_phimnhanh1_86', 0, 1, 0, 0),
(87, 23, 'Nón bảo hiểm sport có lỗ thông gió', '9b33519bef73fff675b99744a645735b.jpg', 93000, 0, NULL, 5, '', 0, -2, 1386386558, NULL, NULL, 0, 0, NULL, NULL, NULL, NULL, 0, 5, 1386386558, NULL, 1, 1, 0, 9, 'gia-dung1_phimnhanh1_87', 0, 1, 0, 0),
(88, 23, 'Võng dã ngoại tiện ích', 'a6469c7d044c7348fc020c541c28fe5d.jpg', 75000, 0, NULL, 5, '', 0, -2, 1386386701, NULL, NULL, 0, 0, NULL, NULL, NULL, NULL, 0, 5, 1386386701, NULL, 1, 1, 0, 9, 'gia-dung1_phimnhanh1_88', 0, 1, 0, 0),
(89, 23, 'Khóa chống trộm Xe Máy cho Thắng Đĩa', '10c6b957c6bf6a885968130daa0f8bc9.png', 75000, 0, NULL, 5, '', 0, -2, 1386387441, NULL, NULL, 0, 0, NULL, NULL, NULL, NULL, 0, 5, 1386387441, NULL, 1, 1, 0, 9, 'gia-dung1_phimnhanh1_89', 0, 1, 0, 0),
(90, 23, 'Đèn pin 3 in 1 giúp soi tiền giả', 'a7bcdae3ecc25f551a26dd8aaa098d72.jpg', 49000, 0, NULL, 5, '', 0, -2, 1386388009, NULL, NULL, 0, 44, NULL, NULL, NULL, NULL, 0, 5, 1386388009, NULL, 1, 1, 0, 9, 'gia-dung1_phimnhanh1_90', 0, 1, 0, 0),
(91, 23, 'Lô uốn tóc xoăn cuốn điện cá nhân', '9f373d5a2bdf0049effbd87f68477151.jpg', 75000, 0, NULL, 5, '', 0, -2, 1386388240, NULL, NULL, 0, 0, NULL, NULL, NULL, NULL, 0, 5, 1386388240, NULL, 1, 1, 0, 9, 'phu-kien1_phimnhanh1_91', 0, 1, 0, 0),
(92, 23, 'Áo sơ mi công sở sọc caro', '16f5ef31087dd3e977a37f248daa1481.jpg', 103000, 0, NULL, 5, '', 0, -2, 1386388322, NULL, NULL, 0, 13, NULL, NULL, NULL, NULL, 0, 5, 1386388322, NULL, 1, 1, 0, 9, 'thoi-trang1_phimnhanh1_92', 0, 1, 0, 0),
(93, 23, 'Áo thun ba lỗ cho nam', '53b8ed4f04501bf8a8c7c7d765070ad1.jpg', 35000, 0, NULL, 5, '', 0, -2, 1386388418, NULL, NULL, 0, 3, NULL, NULL, NULL, NULL, 0, 5, 1386388418, NULL, 1, 1, 0, 9, 'thoi-trang1_phimnhanh1_93', 0, 1, 0, 0),
(94, 22, 'Quần short kaki nam', '4e9c2ca49e4083f1757de48ddb7a4600.jpg', 130000, 0, NULL, 5, '', 0, 1, 1386388486, NULL, NULL, 0, 0, NULL, NULL, NULL, NULL, 0, 5, 1386388486, 1, 1, 1, 0, 9, 'thoi-trang1_phimnhanh1_94', 0, 1, 0, 0),
(95, 22, 'Ví da nam nút bấm thời trang', '173f7e1162c669dabb1a94f2c9423e4a.jpg', 140000, 0, NULL, 5, '', 0, 1, 1386388665, NULL, NULL, 0, 0, NULL, NULL, NULL, NULL, 0, 5, 1386388665, 1, 1, 1, 0, 9, 'phu-kien1_phimnhanh1_95', 0, 1, 0, 0),
(96, 23, 'đón Giáng sinh cùng Áo thun nam họa tiết cá tính', '841be35cc451cfaab7c0395663608b98.jpg', 85000, 0, NULL, 5, '', 0, -2, 1386388780, NULL, NULL, 0, 12, NULL, NULL, 1399433672, NULL, 0, 5, 1386388780, NULL, 1, 1, 0, 9, 'thoi-trang1_phimnhanh1_96', 0, 1, 0, 0),
(97, 23, 'Thắt lưng giả da thời trang cho nam', 'd687b65db94db2f2dda6c3bf665c066f.jpg', 65000, 0, NULL, 5, '', 0, -2, 1386388871, NULL, NULL, 0, 28, NULL, NULL, NULL, NULL, 0, 5, 1386388871, NULL, 1, 1, 0, 9, 'phu-kien1_phimnhanh1_97', 0, 1, 0, 0),
(98, 23, 'Túi đeo chéo giả da phong cách cho nam', '853526f82c2b89e1977c82ff4ea6a180.jpg', 140000, 0, NULL, 5, '', 0, -2, 1386388975, NULL, NULL, 0, 0, NULL, NULL, NULL, NULL, 0, 5, 1386388975, NULL, 1, 1, 0, 9, 'phu-kien1_phimnhanh1_98', 0, 1, 0, 0),
(99, 23, 'Dây cáp HDMI (1.5m) - Hỗ trợ xem phim chuẩn HD', '9a48e83a7588eeef49194084af21ea5d.jpg', 65000, 0, NULL, 5, '', 0, -2, 1386389179, NULL, NULL, 0, 0, NULL, NULL, NULL, NULL, 0, 5, 1386389179, NULL, 1, 1, 0, 9, 'hitech1_phimnhanh1_99', 0, 1, 0, 0),
(100, 23, 'Bao da Ipad xoay 360 độ - họa tiết hình gấu nổi', '428cb001e0387a968121893f451aa68a.jpg', 119000, 0, NULL, 5, '', 0, -2, 1386389278, NULL, NULL, 0, 0, NULL, NULL, NULL, NULL, 0, 5, 1386389278, NULL, 1, 1, 0, 9, 'hitech1_phimnhanh1_100', 0, 1, 0, 0),
(101, 22, 'Pin sạc dự phòng Topcom G56', '1e551a02718a71627e45971105e032b6.jpg', 290000, 0, NULL, 5, '', 0, 1, 1386389412, NULL, NULL, 0, 0, NULL, NULL, NULL, NULL, 0, 5, 1386389412, 1, 1, 1, 0, 9, 'hitech1_phimnhanh1_101', 0, 1, 0, 0),
(102, 23, 'Lò nướng thủy tinh OSAFA', '623d757de371ddc108fe80c337a9d008.jpg', 800000, 0, NULL, 5, '', 0, -2, 1386389523, NULL, NULL, 0, 0, NULL, NULL, NULL, NULL, 0, 5, 1386389523, NULL, 1, 1, 0, 9, 'gia-dung1_phimnhanh1_102', 0, 1, 0, 0),
(103, 23, 'Ví nữ cầm tay', 'dcb6e8ff47a8944cbd41a2095f10311b.jpg', 85000, 0, NULL, 5, '', 0, -2, 1386389708, NULL, NULL, 0, 3, NULL, NULL, NULL, NULL, 0, 5, 1386389708, NULL, 1, 1, 0, 9, 'phu-kien1_phimnhanh1_103', 0, 1, 0, 0),
(104, 23, 'Túi xách phối 2 màu logo hình trái tim', '391edffdd405efabb62e98c69f4f9a0e.jpg', 129000, 0, NULL, 5, '', 0, 1, 1386389810, NULL, NULL, 0, 1, NULL, NULL, NULL, NULL, 0, 5, 1386389810, NULL, 1, 1, 0, 9, 'phu-kien1_phimnhanh1_104', 0, 1, 0, 0),
(105, 23, 'Lạ mắt với túi xách thu đông 2 trong 1', 'e8855585efe89924c7f359014d386ac9.jpg', 95000, 0, NULL, 5, '', 0, 1, 1386390302, NULL, NULL, 0, 1, NULL, NULL, NULL, NULL, 0, 5, 1386390302, NULL, 1, 1, 0, 9, 'phu-kien1_phimnhanh1_105', 0, 1, 0, 0),
(106, 23, 'Túi xách vải bố họa tiết mini', 'ab017884116f720a5558e999bd9a8b20.jpg', 95000, 0, NULL, 5, '', 0, 1, 1386390404, NULL, NULL, 0, 0, NULL, NULL, NULL, NULL, 0, 5, 1386390404, NULL, 1, 1, 0, 9, 'phu-kien1_phimnhanh1_106', 0, 1, 0, 0),
(107, 23, 'Mũ Đội Cá Tính Cho Bé Fancy Kiddy Cap Xuất Xứ Thái Lan', 'e2b2a23421faf853d3a0397008578fa8.jpg', 125000, 0, NULL, 5, '', 0, 1, 1386390695, NULL, NULL, 0, 16, NULL, NULL, NULL, NULL, 0, 5, 1386390695, NULL, 1, 1, 0, 9, 'tre-em1_phimnhanh1_107', 0, 1, 0, 0),
(108, 23, 'Bộ Băng Đô + Kẹp Tóc Cho Bé Gái', '5ba33986a430e6e19815a709637e63b3.jpg', 70000, 0, NULL, 5, '', 0, 1, 1386391418, NULL, NULL, 0, 2, NULL, NULL, NULL, NULL, 0, 5, 1386391418, NULL, 1, 1, 0, 9, 'tre-em1_phimnhanh1_108', 0, 1, 0, 0),
(109, 23, 'Giày Dễ Thương Cho Bé', '324600b7d1172b7800a3ca036ff06813.jpg', 69000, 0, NULL, 5, '', 0, 1, 1386391547, NULL, NULL, 0, 59, NULL, NULL, NULL, NULL, 0, 5, 1386391547, NULL, 1, 1, 0, 9, 'tre-em1_phimnhanh1_109', 0, 1, 0, 0),
(110, 23, 'Set 2 Bình Đựng Nước Uống Nhập Khẩu Từ Thái Lan', '7fc1a6dc2757de7704896f9ac3775b55.jpg', 190000, 0, NULL, 5, '', 0, 1, 1386391639, NULL, NULL, 0, 106, NULL, NULL, NULL, NULL, 0, 5, 1386391639, NULL, 1, 1, 0, 9, 'tre-em1_phimnhanh1_110', 0, 1, 0, 0),
(111, 23, 'Túi Ngủ Tom Tom Dành Cho Bé ThaiLan', '7a108a7cd0c567ca207130763f6c3d0d.jpg', 399000, 0, NULL, 5, '', 0, 1, 1386391822, NULL, NULL, 0, 2, NULL, NULL, NULL, NULL, 0, 5, 1386391822, NULL, 1, 1, 0, 9, 'tre-em1_phimnhanh1_111', 0, 1, 0, 0),
(112, 24, 'Bộ Đồ Chơi Lego Oxford', '244d623cd95222377f48d0d37f720b59.jpg', 55000, 0, NULL, 5, '', 0, 1, 1386391924, NULL, NULL, 0, 0, NULL, NULL, 1388141398, NULL, 0, 5, 1386391924, 1, 1, 1, 0, 9, 'tre-em1_phimnhanh1_112', 0, 1, 0, 0),
(113, 23, 'Combo Thú Bông Xì Trum Và Minion', 'f541b57abf771184d0a93471d9bc42ec.jpg', 99000, 0, NULL, 5, '', 0, 1, 1386392068, NULL, NULL, 0, 0, NULL, NULL, NULL, NULL, 0, 0, 1386392068, NULL, -1, 1, 0, 9, 'tre-em1_phimnhanh1_113', 0, 1, 0, 0),
(114, 23, 'Bộ Đồ Dùng 6 Món Cho Bé', '977ddf9477019300fe86f32724e1cb74.jpg', 125000, 0, NULL, 5, '', 0, 1, 1386392170, NULL, NULL, 0, 0, NULL, NULL, NULL, NULL, 0, 0, 1386392170, NULL, -1, 1, 0, 9, 'tre-em1_phimnhanh1_114', 0, 1, 0, 0),
(115, 23, 'Bảng Chữ Cái Điện Tử Cho Bé', '873292698a416667ceb13e8a2f85f5e3.jpg', 159000, 0, NULL, 5, '', 0, 1, 1386392255, NULL, NULL, 0, 0, NULL, NULL, NULL, NULL, 0, 0, 1386392255, NULL, -1, 1, 0, 9, 'tre-em1_phimnhanh1_115', 0, 1, 0, 0),
(116, 23, 'Fan tản nhiệt Cooler Pad Colorful ', 'a0f0fb48fa12e33b9a425721d03e4655.jpg', 99000, 0, NULL, 5, '', 0, 1, 1386398045, NULL, NULL, 0, 0, NULL, NULL, NULL, NULL, 0, 0, 1386398045, NULL, -1, 1, 0, 9, 'hitech1_phimnhanh1_116', 0, 1, 0, 0),
(117, 23, 'Loa gấu bông ngộ nghĩnh - Tuyệt phẩm độc đáo', 'd9cf01038f5486b00ab62ab2175567a1.jpg', 149000, 0, NULL, 5, '', 0, 1, 1386398212, NULL, NULL, 0, 0, NULL, NULL, NULL, NULL, 0, 0, 1386398212, NULL, -1, 1, 0, 9, 'hitech1_phimnhanh1_117', 0, 1, 0, 0),
(118, 23, 'Fan tản nhiệt Cooler Pad X2000 cho Laptop 16 inch ', '08e8d6d4729e6dcb115d16ead9de1e01.jpg', 99000, 0, NULL, 5, '', 0, 1, 1386398330, NULL, NULL, 0, 0, NULL, NULL, NULL, NULL, 0, 0, 1386398330, NULL, -1, 1, 0, 9, 'hitech1_phimnhanh1_118', 0, 1, 0, 0),
(119, 23, 'BAO DA IPHONE 5/5S/5C TABLE TALK', 'b0553f7907bb15738aff85bca9a09c83.jpg', 200000, 0, NULL, 5, '', 0, 1, 1386398555, NULL, NULL, 0, 0, NULL, NULL, NULL, NULL, 0, 0, 1386398555, NULL, -1, 1, 0, 9, 'hitech1_phimnhanh1_119', 0, 1, 0, 0),
(120, 23, 'Combo: 01 chuỗi hạt kimsa + 01 vòng đeo đá mắt rắn', '13f1055c68d7a2b2fa6c082e1fa911f9.jpg', 77000, 0, NULL, 5, '', 0, 1, 1386399418, NULL, NULL, 0, 0, NULL, NULL, NULL, NULL, 0, 0, 1386399418, NULL, -1, 1, 0, 9, 'phu-kien1_phimnhanh1_120', 0, 1, 0, 0),
(121, 23, 'Ví nữ cầm tay giả da beo thời trang', 'a011183c272cc5ce69498cc8c8756a94.jpg', 95000, 0, NULL, 5, '', 0, 1, 1386399518, NULL, NULL, 0, 0, NULL, NULL, NULL, NULL, 0, 0, 1386399518, NULL, -1, 1, 0, 9, 'phu-kien1_phimnhanh1_121', 0, 1, 0, 0),
(122, 23, 'Nước hoa nam Signature Heritage - Oriflame', '4fef5e6883778d1755fe9fcccdc57b9d.jpg', 369000, 0, NULL, 5, '', 0, 1, 1386399619, NULL, NULL, 0, 0, NULL, NULL, NULL, NULL, 0, 0, 1386399619, NULL, -1, 1, 0, 9, 'phu-kien1_phimnhanh1_122', 0, 1, 0, 0),
(123, 23, 'Tai nghe Bluetooth Intex IT- BH 505', '0218bc7052a7c690c0650a752e55113d.jpg', 250000, 0, NULL, 5, '', 0, 1, 1386399761, NULL, NULL, 0, 0, NULL, NULL, NULL, NULL, 0, 0, 1386399761, NULL, -1, 1, 0, 9, 'hitech1_phimnhanh1_123', 0, 1, 0, 0),
(124, 23, 'Giá đỡ GripGo nhỏ gọn cho điện thoại', '866246b49ed0e15cbb9936110c3b799a.jpg', 99000, 0, NULL, 5, '', 0, 1, 1386399853, NULL, NULL, 0, 0, NULL, NULL, NULL, 'Y', 0, 0, 1386399853, NULL, -1, 1, 0, 9, 'hitech1_phimnhanh1_124', 0, 1, 0, 0),
(126, 22, 'Test test', '11 (20).jpg', 100000, 0, NULL, 5, '', 0, 1, 1388375581, NULL, NULL, 0, 36, NULL, NULL, NULL, NULL, 0, 5, 1388375581, 1, 1, 1, 0, 9, 'thoi-trang1_phimnhanh1_126', 0, 1, 0, 0),
(207, 22, 'sdfsdfdsfsdf', 'bdb0cb29ba3014a1e90e0ebb19c3ea56.jpg', 12000, 1, NULL, 5, '', 0, 1, 1418795029, NULL, NULL, 0, 0, NULL, NULL, NULL, NULL, NULL, 5, 1418795029, 1, NULL, 1, 0, 9, 'nu1_phimnhanh1_207', 0, 1, 0, 0),
(128, 22, 'Test', 'bored_with_the_internet.jpg', 100000, 0, NULL, 5, '', 0, 1, 1388890132, NULL, NULL, 0, 0, NULL, NULL, NULL, NULL, 0, 5, 1388890132, 1, 1, 1, 0, 9, 'ao-cap1_phimnhanh1_128', 0, 1, 0, 0),
(129, 22, 'Test', 'bored_with_the_internet (1).jpg', 1, 0, NULL, 5, '', 0, 1, 1388890167, NULL, NULL, 0, 0, NULL, NULL, NULL, NULL, 0, 5, 1388890167, 1, 1, 1, 0, 9, 'ao-cap_phimnhanh1_129', 0, 1, 0, 0),
(130, 22, 'Test', 'Duy.jpg', 1, 0, NULL, 5, '', 0, 1, 1388890284, NULL, NULL, 0, 0, NULL, NULL, 1388891063, NULL, 0, 5, 1388890284, 1, 1, 1, 0, 9, 'quan-ao-the-thao1_phimnhanh1_130', 0, 1, 0, 0),
(132, 22, 'test', '01 (30).jpg', 1, 0, NULL, 5, '', 0, 1, 1389203540, NULL, NULL, 0, 0, NULL, NULL, NULL, NULL, 0, 5, 1389203540, 1, 1, 1, 0, 9, 'ao-cap_phimnhanh1_132', 0, 1, 0, 0),
(135, 24, 'test', '11 (21).jpg', 10000, 0, NULL, 999, '', 0, 1, 1389326133, NULL, NULL, 0, 30, NULL, NULL, NULL, NULL, 0, 5, 1389326133, 1, 1, 1, 0, 9, 'ao-cap_phimnhanh1_135', 0, 1, 0, 0),
(136, 31, 'Test test', '01 (31).jpg', 1000, 0, NULL, 999, '', 0, 1, 1389601308, NULL, NULL, 0, 8, NULL, NULL, NULL, NULL, 0, 5, 1389601308, 1, 1, 1, 0, 9, 'ao-cap_phimnhanh1_136', 0, 1, 0, 0),
(158, 22, 'Test', '2a2970fa68000f685100525780a8c972.jpg', 1110, 0, NULL, 5, NULL, 0, 1, 1395903205, NULL, NULL, 0, 190, NULL, NULL, NULL, NULL, 0, 5, 1410153834, 1, 1, 0, 0, 9, 'thoi-trang-be-trai1_phimnhanh1_158', 0, 1, 0, 0),
(154, 22, 'Test', '061becdea998cc993e5b9b29315b0399.png', 111, 0, NULL, 5, NULL, 0, 1, 1395855286, NULL, NULL, 0, 0, NULL, NULL, NULL, NULL, 0, 5, 1395855286, 1, 1, 1, 0, 9, 'giay-tang-chieu-cao1_phimnhanh1_154', 0, 1, 0, 0),
(152, 22, 'Test', '637847001e311faf8789e5cce6b74855.jpg', 100000, 0, NULL, 5, NULL, 0, 1, 1394007382, NULL, NULL, 0, 0, NULL, NULL, NULL, NULL, 0, 5, 1394007382, 1, 1, 1, 0, 9, 'quan-short_phimnhanh1_152', 0, 1, 0, 0),
(159, 31, 'test', 'c0285137a8e8a268f0bf021467dc1216.jpg', 1, 0, NULL, 999, NULL, 0, 1, 1395985410, NULL, NULL, 0, 2, NULL, NULL, NULL, NULL, 0, 5, 1395985410, 1, 1, 1, 0, 9, 'nam1_phimnhanh1_159', 0, 1, 0, 0),
(160, 31, 'test', 'a15557f6622fcf3f371cd6de7fd7983b.jpg', 1, 0, NULL, 999, NULL, 0, 1, 1395985537, NULL, NULL, 0, 32, NULL, NULL, NULL, NULL, 0, 5, 1395985537, 1, 1, 1, 0, 9, 'quat-may-nong-lanh1_phimnhanh1_160', 0, 1, 0, 0),
(162, 22, 'testaaaaaa', 'da905cd349252cb863114443d57cc316.jpg', 10000000, 0, NULL, 5, NULL, 0, 1, 1397532036, NULL, NULL, 0, 25, NULL, NULL, 1397729899, NULL, 0, 5, 1407052240, 1, 1, 1, 0, 9, 'giay-tang-chieu-cao1_phimnhanh1_162', 0, 1, 0, 0),
(163, 22, 'Test phat xem saoa', '18bb44dd79722e04226bba15aedb2426.png', 11111, NULL, NULL, 5, '<p>sdasdasdasd</p>', 0, 1, 1397906725, NULL, NULL, 0, 19, NULL, NULL, 1410856017, NULL, 0, 5, 1407125950, 1, 1, 1, 0, 9, 'nu1_phimnhanh1_163', 0, 1, 0, 0),
(164, 31, 'TestTest', 'b55897c31e44acbf7ebcdb751e139f94.jpg', 100000, 0, NULL, 999, NULL, 0, 1, 1399553698, NULL, NULL, 0, 0, NULL, NULL, NULL, NULL, NULL, 5, 1399553698, 1, 1, 1, 0, 9, 'ao-thun_phimnhanh1_164', 0, 1, 0, 0),
(165, 31, 'sdfasdfadsf', 'c57ee25f67e169f6304a307104514e66.jpg', 1000, 0, NULL, 999, NULL, 0, 1, 1399554087, NULL, NULL, 0, 0, NULL, NULL, NULL, NULL, NULL, 5, 1399554087, 1, 1, 1, 0, 9, 'ao-thun1_phimnhanh1_165', 0, 1, 0, 0),
(166, 31, 'sdafasdfasdf', '73fc3cb4d907d222e894d145f69af34a.jpg', 111110, 0, NULL, 999, NULL, 0, 1, 1399554261, NULL, NULL, 0, 6, NULL, NULL, 1399652643, NULL, NULL, 5, 1399554261, 1, 1, 1, 0, 9, 'sandal1_phimnhanh1_166', 0, 1, 0, 0),
(167, 31, 'tasdfasdfadsf #AB123', '46009c253322a66f0a88e7de0faaada4.png', 1111, 0, NULL, 999, NULL, 0, 1, 1399869547, NULL, NULL, 0, 0, NULL, NULL, 1400296584, NULL, NULL, 5, 1399869547, 1, 1, 1, 0, 9, 'may-hut-bui1_phimnhanh1_167', 0, 1, 0, 0),
(168, 31, 'ĐẦM ĐUÔI CÁ XANH LÁ- HOT HOT HOT', '0a5893103a6a6b7a065856cc5918a756.jpg', 150000, NULL, NULL, 999, '', 0, 1, 1400310283, NULL, NULL, 0, 0, NULL, NULL, 1401075981, NULL, 291.796, 5, 1400310283, 1, 1, 1, 0, 9, 'ao-thun1_phimnhanh1_168', 0, 1, 0, 0),
(169, 31, 'avcxzvzxcvzxc', '76b964aa11e8e726d3f0dcf2157ba02e.png', 100000, 0, NULL, 999, NULL, 0, 1, 1400824690, NULL, NULL, 0, 0, NULL, NULL, NULL, NULL, NULL, 5, 1400824690, 1, 1, 1, 0, 9, 'may-loc-khi-may-hut-am-may-tao-do-am1_phimnhanh1_169', 0, 1, 0, 0),
(170, 31, 'asdfasdf', 'd6aceb59d5542fb1e7a1ddbb27b4b52b.png', 111111, 0, NULL, 999, NULL, 0, 1, 1400825510, NULL, NULL, 0, 0, NULL, NULL, NULL, NULL, NULL, 5, 1400825510, 1, 1, 1, 0, 9, 'giay-cao-got1_phimnhanh1_170', 0, 1, 0, 0),
(171, 31, 'Đồng hồ cơ không pin', '83b342d1ae5f75ecfda2c8ea1c82647c.jpg', 1234120, 1, NULL, 999, '<ul><li><strong>Goer&nbsp;- Đồng hồ cơ&nbsp;kh&ocirc;ng sử dụng PIN, mọi hoạt động của bạn gi&uacute;p con lắc của đồng hồ&nbsp;hoạt động&nbsp;m&agrave; kh&ocirc;ng cần tới PIN.</strong></li><li><strong>Chế t&aacute;c tinh xảo.&nbsp;Chất liệu d&acirc;y da v&agrave; mặt kiếng lớn.</strong></li><li><strong>Kiểu d&aacute;ng độc đ&aacute;o, lộ r&otilde; từng chi tiết cấu h&igrave;nh m&aacute;y.</strong></li><li><strong>Th&iacute;ch hợp cho bạn nam ở mọi lứa tuổi.</strong></li></ul><p>&nbsp;</p>', 0, 1, 1401033042, NULL, NULL, 0, 0, NULL, NULL, 1401076031, NULL, NULL, 5, 1401033042, 1, 1, 1, 0, 9, 'ao-cap_phimnhanh1_171', 0, 1, 0, 0),
(172, 31, 'Test Product Unit', 'a8f2ab1892c92c1755b7f9b3b93917b3.png', 100000, 1, NULL, 999, '<p><strong><a target="_blank" href="http://www.tinhte.vn/tags/logo+qu%E1%BA%A3+t%C3%A1o/">Logo quả t&aacute;o</a>&nbsp;khuyết của&nbsp;<a target="_blank" href="http://www.tinhte.vn/tags/apple/">Apple</a>&nbsp;th&igrave; ai cũng biết v&agrave; rất nổi tiếng nhưng &iacute;t ai biết c&aacute;ch m&agrave; c&aacute;c nh&agrave; thiết kế đ&atilde; tạo ra n&oacute;, hay n&oacute;i c&aacute;ch kh&aacute;c l&agrave; n&oacute; được vẽ ngẫu nhi&ecirc;n hay theo một tỉ lệ n&agrave;o? Thật tuyệt vời khi người ta kh&aacute;m ph&aacute; ra rằng logo quả t&aacute;o được thiết kế theo&nbsp;<a href="http://www.tinhte.vn/f10/vi-sao-gioi-hoi-hoa-truyen-thong-su-dung-ti-le-vang-329309/">tỉ lệ v&agrave;ng được giới hội hoạ v&agrave; kiến tr&uacute;c &aacute;p dụng</a>&nbsp;tr&ecirc;n những t&aacute;c phẩm kinh điển. Cụ thể, Rob Janoff đ&atilde; tạo n&ecirc;n&nbsp;<a target="_blank" href="http://www.tinhte.vn/tags/logo+apple/">logo Apple</a>&nbsp;dựa tr&ecirc;n&nbsp;<a target="_blank" href="http://www.tinhte.vn/tags/h%C3%ACnh+ch%E1%BB%AF+nh%E1%BA%ADt+v%C3%A0ng/">h&igrave;nh chữ nhật v&agrave;ng</a>&nbsp;v&agrave;&nbsp;<a target="_blank" href="http://www.tinhte.vn/tags/d%C3%A3y+s%E1%BB%91+fibonacci/">d&atilde;y số Fibonacci</a>&nbsp;huyền ảo. Kh&ocirc;ng chỉ c&oacute; logo quả t&aacute;o, logo&nbsp;<a target="_blank" href="http://www.tinhte.vn/tags/icloud/">iCloud</a>&nbsp;mới đ&acirc;y, logo Mac OS Lion, iPhone 4 cũng chịu ảnh hưởng từ&nbsp;<a target="_blank" href="http://www.tinhte.vn/tags/t%E1%BB%89+l%E1%BB%87+v%C3%A0ng/">tỉ lệ v&agrave;ng</a>(Golden Ratio).</strong><br /><br /><a target="_blank" href="http://www.tinhte.vn/tags/t%E1%BB%89+l%E1%BB%87+v%C3%A0ng/">Tỉ lệ v&agrave;ng</a>&nbsp;trong to&aacute;n học l&agrave; một ph&aacute;t minh rất quan trọng v&agrave; đ&atilde; c&oacute; từ l&acirc;u đời. Theo&nbsp;<em>Wikipedia</em>, &quot;hai đại lượng được gọi l&agrave; c&oacute;&nbsp;<strong>tỷ số v&agrave;ng</strong>&nbsp;hay&nbsp;<strong>tỷ lệ v&agrave;ng</strong>&nbsp;nếu tỷ số giữa tổng của c&aacute;c đại lượng đ&oacute; với đại lượng lớn hơn bằng tỷ số giữa đại lượng lớn hơn với đại lượng nhỏ hơn&quot;. Tỉ lệ v&agrave;ng được k&yacute; hiệu bằng k&yacute; tự &quot;phi&quot; (<a target="_blank" href="http://vi.wikipedia.org/w/index.php?title=%CE%A6&amp;action=edit&amp;redlink=1">&phi;</a>) v&agrave; 1 phi bằng 1,618033..., đ&oacute; l&agrave; một số v&ocirc; tỷ. Tỉ lệ v&agrave;ng được ph&aacute;t minh ra từ khi n&agrave;o th&igrave; kh&ocirc;ng ai biết ch&iacute;nh x&aacute;c, chỉ biết rằng n&oacute; đ&atilde; tồn tại từ c&aacute;ch đ&acirc;y h&agrave;ng ng&agrave;n năm v&agrave; ứng dụng của n&oacute; cũng kh&ocirc;ng hề nhỏ. C&aacute;c kiến tr&uacute;c kinh điển như đền thờ Parthenon, Hy Lạp; kim thự th&aacute;p Keop (Cheops) hay khu&ocirc;n mặt n&agrave;ng&nbsp;<a target="_blank" href="http://www.tinhte.vn/tags/mona+lisa/">Mona Lisa</a>&nbsp;cũng được vẽ theo tỉ lệ v&agrave;ng... Tỉ lệ v&agrave;ng trong những t&aacute;c phẩm kể tr&ecirc;n được diễn tả theo một h&igrave;nh chữ nhật v&agrave;ng, h&igrave;nh c&oacute; cạnh d&agrave;i v&agrave; cạnh ngắn l&agrave; một tỷ số v&agrave;ng. Kh&ocirc;ng chỉ c&oacute; c&aacute;c kiến tr&uacute;c, hội hoạ &aacute;p dụng tỉ lệ v&agrave;ng m&agrave; cơ thể con người, c&aacute;c b&ocirc;ng hoa, sự sắp xếp c&aacute;nh hoa, nhị hoa cũng c&oacute; sự tồn tại của tỉ lệ v&agrave;ng (tham khảo th&ecirc;m tại&nbsp;<a target="_blank" href="http://tin180.com/khoahoc/bi-an-the-gioi/20110211/bi-an-ti-le-vang-%D1%84-mat-ma-cua-vu-tru-i.html">đ&acirc;y</a>).</p>', 0, 1, 1401075204, NULL, NULL, 0, 0, NULL, NULL, 1401432329, NULL, NULL, 5, 1401075204, 1, 1, 1, 0, 9, 'quan-short1_phimnhanh1_172', 0, 1, 0, 0),
(173, 31, 'asdf', 'adf9bb8e9117b5eb667d1f3b58572ad0.jpg', 123123, 4, NULL, 999, '<p>asdfasdf</p>', 0, 1, 1401612946, NULL, NULL, 0, 0, NULL, NULL, NULL, NULL, NULL, 5, 1401612946, 1, 1, 1, 0, 9, 'nha-bep1_phimnhanh1_173', 0, 1, 0, 0),
(181, 31, 'test111', '3e9f3ec05b0df194c303154351a518c3.jpg', 111111, 0, NULL, 999, '<p>test</p>', 0, 1, 1402902528, NULL, NULL, 0, 0, NULL, NULL, NULL, NULL, NULL, 5, 1402902528, 1, 1, 1, 0, 9, 'giay-nam1_phimnhanh1_181', 0, 1, 0, 0),
(185, 22, 'Test Product Unit', '3e2713cf4c950fb3ed49a0c931e948b1.png', 12344, NULL, NULL, 5, '', 0, 1, 1404284643, NULL, NULL, 0, 0, NULL, NULL, 1406104112, NULL, NULL, 5, 1407125931, 1, 1, 1, 0, 9, 'do-ngu1_phimnhanh1_185', 0, 1, 0, 0),
(186, 22, 'Váy ren', '10072a32ed43b396f43bce8a4a5775ac.png', 112312, NULL, NULL, 5, '', 0, 1, 1404292645, NULL, NULL, 0, 0, NULL, NULL, 1404377536, NULL, NULL, 5, 1407125951, 1, 1, 1, 0, 9, 'nuoc-hoa-my-pham1_phimnhanh1_186', 0, 1, 0, 0),
(192, 22, 'testssfasdf', 'e1cf807c15994272ccd61845a92c2004.jpg', 2000, 0, NULL, 5, '', 0, 1, 1411374415, NULL, NULL, 0, 0, NULL, NULL, NULL, NULL, NULL, 5, 1411374415, 1, NULL, 1, 0, 9, 'do-lot-do-boi_phimnhanh1_192', 0, 1, 0, 0),
(193, 22, 'test 1 11', '19b2adb5b161976c40ed670962132c13.jpg', 45456, 1, NULL, 5, '', 0, 1, 1417671682, NULL, NULL, 0, 0, NULL, NULL, NULL, NULL, NULL, 5, 1417671682, 1, NULL, 1, 0, 9, 'ao-len1_phimnhanh1_193', 0, 1, 0, 0),
(195, 22, 'bbbbbbbbbb', '4e900ab274c9ab88cffd1affdeb10a7a.JPG', 243434, 0, NULL, 5, '', 0, 1, 1417675977, NULL, NULL, 0, 0, NULL, NULL, NULL, NULL, NULL, 5, 1417675977, 1, NULL, 1, 0, 9, 'ao-len1_phimnhanh1_195', 0, 1, 0, 0),
(196, 22, 'ccccccccccc', '8204d825ebd770501495ba37ea689717.JPG', 243434, 0, NULL, 5, '', 0, 1, 1417676168, NULL, NULL, 0, 0, NULL, NULL, NULL, NULL, NULL, 5, 1417676168, 1, NULL, 1, 0, 9, 'ao-len1_phimnhanh1_196', 0, 1, 0, 0),
(197, 22, 'eeeeeeeeee', 'ebdeefa4820865a9ef6a4ba9fc16d9a5.JPG', 243434, 0, NULL, 5, '', 0, 1, 1417676464, NULL, NULL, 0, 0, NULL, NULL, NULL, NULL, NULL, 5, 1417676464, 1, NULL, 1, 0, 9, 'ao-len1_phimnhanh1_197', 0, 1, 0, 0),
(198, 22, 'dddđ', 'b64f5d55da6bb973c3fe3d98380ee263.jpg', 243434, 0, NULL, 5, '', 0, 1, 1417676615, NULL, NULL, 0, 0, NULL, NULL, NULL, NULL, NULL, 5, 1417676615, 1, NULL, 1, 0, 9, 'ao-len1_phimnhanh1_198', 0, 1, 0, 0),
(199, 22, 'dddđđ', 'd251410b776327cf72af67e198a054ef.JPG', 243434, 0, NULL, 5, '', 0, 1, 1417676688, NULL, NULL, 0, 0, NULL, NULL, NULL, NULL, NULL, 5, 1417676688, 1, NULL, 1, 0, 9, 'ao-len1_phimnhanh1_199', 0, 1, 0, 0),
(200, 22, 'mmmm', '80e9544d46c61a7ea50288938236126c.JPG', 243434, 0, NULL, 5, '', 0, 1, 1417676752, NULL, NULL, 0, 0, NULL, NULL, NULL, NULL, NULL, 5, 1417676752, 1, NULL, 1, 0, 9, 'ao-len1_phimnhanh1_200', 0, 1, 0, 0),
(210, 22, 'cccccccc', '22091d601f657450a5bc6b3758310817.jpg', 120000, 1, NULL, 5, '<p>aaaaaaaaaaaaaaaaaaaaaaaaaaaaaaa</p>', 0, 1, 1418811468, NULL, NULL, 0, 0, NULL, NULL, NULL, NULL, NULL, 5, 1418811468, 1, NULL, 1, 0, 9, 'nu1_phimnhanh1_210', 0, 1, 0, 0),
(202, 22, 'wwwwww', '8202faf33dd18bb8c0c177e32449a05a.jpg', 243434, 0, NULL, 5, '', 0, 1, 1417677018, NULL, NULL, 0, 0, NULL, NULL, NULL, NULL, NULL, 5, 1417677018, 1, NULL, 1, 0, 9, 'ao-len1_phimnhanh1_202', 0, 1, 0, 0),
(203, 22, 'rrrrrrr', '4a91b53fa15a21d4472b1be49c8b99f8.jpg', 243434, 0, NULL, 5, '', 0, 1, 1417677362, NULL, NULL, 0, 0, NULL, NULL, NULL, NULL, NULL, 5, 1417677362, 1, NULL, 1, 0, 9, 'ao-len1_phimnhanh1_203', 0, 1, 0, 0),
(204, 22, 'ttttttttt', '63ae91f1d1dd4edb331926bcceb49958.JPG', 243434, 0, NULL, 5, '', 0, 1, 1417677673, NULL, NULL, 0, 0, NULL, NULL, NULL, NULL, NULL, 5, 1417677673, 1, NULL, 1, 0, 9, 'ao-len1_phimnhanh1_204', 0, 1, 0, 0),
(209, 22, 'bbbbbbb', '7891a1c3616b1d9ada05de4434b47eca.jpg', 120000, 1, NULL, 5, '<p>aaaaaaaaaaaaaaaaaaaaaaaaaaaaaaa</p>', 0, 1, 1418810992, NULL, NULL, 0, 0, NULL, NULL, NULL, NULL, NULL, 5, 1418810992, 1, NULL, 1, 0, 9, 'nu1_phimnhanh1_209', 0, 1, 0, 0),
(211, 22, 'ssdddddd', 'd5e78712dfe53a23703610e1591878f7.jpg', 120000, 1, NULL, 5, '', 0, 1, 1418816752, NULL, NULL, 0, 0, NULL, NULL, 1418984320, NULL, NULL, 5, 1418816752, 1, NULL, 1, 0, 9, 'nu1_phimnhanh1_211', 0, 1, 0, 0),
(212, 22, '333333333', '9f6c27353539994e90c07be9c4f82e29.jpg', 120000, 0, NULL, 5, '', 0, 1, 1418984830, NULL, NULL, 0, 0, NULL, NULL, NULL, NULL, NULL, 5, 1418984830, 1, NULL, 1, 0, 9, 'nu1_phimnhanh1_212', 0, 1, 0, 0),
(213, 22, 'ccccccc', '7b08eccd72af2540fb588f1cc5edb797.jpg', 120000, 0, NULL, 5, '', 0, 1, 1418985053, NULL, NULL, 0, 0, NULL, NULL, NULL, NULL, NULL, 5, 1418985053, 1, NULL, 1, 0, 9, 'nu1_phimnhanh1_213', 0, 1, 0, 0),
(214, 22, 'bbbbbb', '36ea8b80c8433503fcc041c1e644a0bf.jpg', 120000, 0, NULL, 5, '', 0, 1, 1418985126, NULL, NULL, 0, 0, NULL, NULL, NULL, NULL, NULL, 5, 1418985126, 1, NULL, 1, 0, 9, 'nu1_phimnhanh1_214', 0, 1, 0, 0),
(215, 22, 'rrrr', 'f7c34e0bfb5975d4c0326b47dfefee70.jpg', 120000, 0, NULL, 5, '', 0, 1, 1418985507, NULL, NULL, 0, 0, NULL, NULL, NULL, NULL, NULL, 5, 1418985507, 1, NULL, 1, 0, 9, 'nu1_phimnhanh1_215', 0, 1, 0, 0),
(216, 22, 'vvvvvv', '598fc23059cd21cf0b9b76c3c95c1e0a.jpg', 1220000, 0, NULL, 5, '', 0, 1, 1418985690, NULL, NULL, 0, 0, NULL, NULL, NULL, NULL, NULL, 5, 1418985690, 1, NULL, 1, 0, 9, 'nu1_phimnhanh1_216', 0, 1, 0, 0),
(217, 22, 'bbbbaaaaaa', '87812191308268d4d5c5275795cf0ea4.jpg', 243434, 0, NULL, 5, '', 0, 1, 1419239261, NULL, NULL, 0, 0, NULL, NULL, NULL, NULL, NULL, 5, 1419239261, 1, NULL, 1, 0, 9, 'nu1_phimnhanh1_217', 0, 1, 0, 0),
(218, 22, 'wwwwwww', '0a539194c8f8c8fe365f991c5784a4f6.jpg', 243434, 0, NULL, 5, '', 0, 1, 1419246729, NULL, NULL, 0, 0, NULL, NULL, NULL, NULL, NULL, 5, 1419246729, 1, NULL, 1, 0, 9, 'nu1_phimnhanh1_218', 0, 1, 0, 0),
(219, 22, 'cccaaaa', '21922d9dfbf03763ebf2475e83ab92ba.jpg', 243434, 0, NULL, 5, '', 0, 1, 1419247115, NULL, NULL, 0, 0, NULL, NULL, NULL, NULL, NULL, 5, 1419247115, 1, NULL, 1, 0, 9, 'nu1_phimnhanh1_219', 0, 1, 0, 0),
(220, 22, 'ccccvvcacaaa', '7d98bf3aca1f51a7def31b80f576a12e.jpg', 243434, 0, NULL, 5, '', 0, 1, 1419247488, NULL, NULL, 0, 0, NULL, NULL, NULL, NULL, NULL, 5, 1419247488, 1, NULL, 1, 0, 9, 'nu1_phimnhanh1_220', 0, 1, 0, 0),
(221, 22, 'ccccaavvcacaaa', '2c74383e393be634ba8d2d8e0a288eec.jpg', 243434, NULL, NULL, 5, '', 0, 1, 1419247547, NULL, NULL, 0, 0, NULL, NULL, 1419311452, NULL, NULL, 5, 1419247547, 1, NULL, 1, 0, 9, 'nu1_phimnhanh1_221', 0, 1, 0, 0),
(222, 22, 'aseaeqweqweqwe', 'e45baf5c12c99fcd03dd5be148df51d1.jpg', 300000, NULL, NULL, 5, '', 0, 1, 1419319376, NULL, NULL, 0, 0, NULL, NULL, 1422273932, NULL, NULL, 5, 1419319376, 1, NULL, 1, 0, 2, 'nu1_phimnhanh1_222', 1, 1, 0, 0),
(223, 22, 'qqqqqwwwwww', '6c005d115709be358a8fe1a2b3bdce69.jpg', 300000, 0, NULL, 5, '', 0, 1, 1419319491, NULL, NULL, 0, 0, NULL, NULL, NULL, NULL, NULL, 5, 1419319491, 1, NULL, 1, 0, 9, 'nu1_phimnhanh1_223', 0, 1, 0, 0),
(224, 22, 'san pham 1', '3f4838d7a934cad7273bfe3163411379.jpg', 400000, NULL, NULL, 5, '', 0, 1, 1419322540, NULL, NULL, 0, 0, NULL, NULL, 1419673804, NULL, NULL, 5, 1419322540, 1, NULL, 1, 0, 9, 'nu1_phimnhanh1_224', 0, 1, 0, 0),
(229, 22, 'san pham 1 234', '8669ff884f0f2352200c752d472bea1a.jpg', 120000, NULL, NULL, 5, '', 0, 1, 1421947284, NULL, NULL, 0, 0, NULL, NULL, 1422008255, NULL, NULL, 5, 1421947284, 1, NULL, 1, 0, 2, 'nu1_phimnhanh1_229', 1, 1, 0, 0);

-- --------------------------------------------------------

--
-- Table structure for table `product_attr`
--

CREATE TABLE IF NOT EXISTS `product_attr` (
  `product_attr_id` int(10) unsigned NOT NULL AUTO_INCREMENT,
  `product_id` int(11) NOT NULL,
  `attribute_id` int(11) NOT NULL,
  `value` varchar(255) COLLATE utf8_unicode_ci NOT NULL,
  `created_at` timestamp NOT NULL DEFAULT '0000-00-00 00:00:00',
  `updated_at` timestamp NOT NULL DEFAULT '0000-00-00 00:00:00',
  PRIMARY KEY (`product_attr_id`)
) ENGINE=InnoDB  DEFAULT CHARSET=utf8 COLLATE=utf8_unicode_ci AUTO_INCREMENT=39 ;

--
-- Dumping data for table `product_attr`
--

INSERT INTO `product_attr` (`product_attr_id`, `product_id`, `attribute_id`, `value`, `created_at`, `updated_at`) VALUES
(3, 221, 3, 'aaaaamm', '2014-12-23 12:10:52', '2014-12-23 12:10:52'),
(4, 223, 3, 'Len', '2014-12-23 14:24:52', '2014-12-23 14:24:52'),
(15, 224, 3, 'Len', '2014-12-27 16:50:04', '2014-12-27 16:50:04'),
(16, 227, 3, 'Len', '2015-01-23 00:15:36', '2015-01-23 00:15:36'),
(17, 228, 3, 'Len', '2015-01-23 00:17:42', '2015-01-23 00:17:42'),
(38, 229, 3, 'Len', '2015-01-23 17:17:35', '2015-01-23 17:17:35');

-- --------------------------------------------------------

--
-- Table structure for table `product_attribute`
--

CREATE TABLE IF NOT EXISTS `product_attribute` (
  `id` int(11) NOT NULL AUTO_INCREMENT,
  `product_id` int(11) NOT NULL,
  `attribute` varchar(100) NOT NULL,
  `attribute_value` varchar(200) NOT NULL,
  PRIMARY KEY (`id`)
) ENGINE=InnoDB  DEFAULT CHARSET=utf8 AUTO_INCREMENT=58 ;

--
-- Dumping data for table `product_attribute`
--

INSERT INTO `product_attribute` (`id`, `product_id`, `attribute`, `attribute_value`) VALUES
(1, 189, 'size', 'XL, L'),
(2, 189, 'material', 'Cát Len'),
(3, 189, 'color', 'Đen'),
(4, 189, 'style', 'Tay lỡ'),
(5, 189, 'origin', 'Trung Quốc'),
(6, 189, 'size', 'XL, LA'),
(7, 189, 'material', 'Cát Len'),
(8, 189, 'color', 'Đen'),
(9, 189, 'style', 'Tay lỡ'),
(10, 189, 'origin', 'Trung Quốc'),
(11, 189, 'size', 'XL, LA'),
(12, 189, 'material', 'Cát LenA'),
(13, 189, 'color', 'Đen'),
(14, 189, 'style', 'Tay lỡ'),
(15, 189, 'origin', 'Trung Quốc'),
(16, 163, 'origin', 'Thái Lan'),
(17, 185, 'origin', 'Hàn Quốc'),
(18, 185, 'style', 'Tay Lỡ'),
(19, 185, 'origin', 'Hàn Quốc'),
(20, 163, 'origin', 'Trung Quốc'),
(21, 185, 'style', 'Tay Lỡ'),
(22, 185, 'origin', 'Trung Quốc'),
(23, 185, 'style', 'Tay Lỡ'),
(24, 185, 'origin', 'Trung Quốc'),
(25, 190, 'material', 'Thun'),
(26, 163, 'size', 'asdasda'),
(27, 163, 'material', 'asdasd'),
(28, 163, 'color', 'asd'),
(29, 163, 'style', 'asdas'),
(30, 163, 'origin', 'Trung Quốc'),
(31, 206, 'size', 'S'),
(32, 206, 'material', 'len'),
(33, 206, 'color', 'đỏ'),
(34, 206, 'size', 'S'),
(35, 206, 'material', 'len'),
(36, 206, 'color', 'đỏ'),
(37, 206, 'size', 'S'),
(38, 206, 'material', 'len'),
(39, 206, 'color', 'đỏ'),
(40, 206, 'size', 'S'),
(41, 206, 'material', 'len'),
(42, 206, 'color', 'đỏ'),
(43, 206, 'size', 'S'),
(44, 206, 'material', 'len'),
(45, 206, 'color', 'đỏ'),
(46, 206, 'size', 'S'),
(47, 206, 'material', 'len'),
(48, 206, 'color', 'đỏ'),
(49, 206, 'size', 'S'),
(50, 206, 'material', 'len'),
(51, 206, 'color', 'đỏ'),
(52, 206, 'size', 'S'),
(53, 206, 'material', 'len'),
(54, 206, 'color', 'đỏ'),
(55, 206, 'size', 'S'),
(56, 206, 'material', 'len'),
(57, 206, 'color', 'đỏ');

-- --------------------------------------------------------

--
-- Table structure for table `product_category`
--

CREATE TABLE IF NOT EXISTS `product_category` (
  `id` int(11) NOT NULL AUTO_INCREMENT,
  `product_id` int(11) NOT NULL DEFAULT '0',
  `category_id` int(11) NOT NULL DEFAULT '0',
  PRIMARY KEY (`id`)
) ENGINE=InnoDB  DEFAULT CHARSET=utf8 AUTO_INCREMENT=609 ;

--
-- Dumping data for table `product_category`
--

INSERT INTO `product_category` (`id`, `product_id`, `category_id`) VALUES
(1, 1, 5),
(2, 1, 15),
(3, 1, 16),
(4, 1, 92),
(5, 2, 5),
(6, 2, 15),
(7, 2, 16),
(8, 2, 92),
(9, 3, 5),
(10, 3, 15),
(11, 3, 16),
(12, 3, 92),
(13, 4, 5),
(14, 4, 15),
(15, 4, 16),
(16, 4, 92),
(17, 5, 5),
(18, 5, 15),
(19, 5, 16),
(20, 5, 92),
(21, 6, 22),
(22, 6, 28),
(23, 7, 22),
(24, 7, 28),
(25, 8, 28),
(26, 9, 10),
(27, 9, 15),
(28, 9, 16),
(29, 9, 18),
(30, 9, 92),
(31, 10, 10),
(32, 10, 15),
(33, 10, 16),
(34, 10, 18),
(35, 10, 92),
(36, 11, 10),
(37, 11, 15),
(38, 11, 16),
(39, 11, 18),
(40, 11, 92),
(41, 12, 10),
(42, 12, 15),
(43, 12, 16),
(44, 12, 18),
(45, 12, 92),
(46, 13, 10),
(47, 13, 15),
(48, 13, 16),
(49, 13, 18),
(50, 13, 92),
(61, 18, 8),
(62, 18, 30),
(63, 18, 2),
(64, 19, 11),
(65, 19, 1),
(66, 20, 11),
(67, 20, 1),
(68, 21, 11),
(69, 21, 1),
(70, 22, 11),
(71, 22, 1),
(72, 23, 11),
(73, 23, 1),
(74, 24, 19),
(75, 24, 1),
(76, 25, 17),
(77, 25, 1),
(78, 26, 18),
(79, 26, 1),
(80, 27, 20),
(81, 27, 1),
(82, 28, 18),
(83, 28, 1),
(84, 29, 20),
(85, 29, 1),
(86, 30, 45),
(87, 30, 3),
(91, 32, 45),
(92, 32, 3),
(93, 33, 57),
(94, 33, 3),
(95, 34, 45),
(96, 34, 3),
(97, 35, 35),
(98, 35, 2),
(99, 36, 8),
(100, 36, 2),
(101, 37, 8),
(102, 37, 2),
(103, 38, 40),
(104, 38, 2),
(105, 39, 35),
(106, 39, 2),
(107, 40, 30),
(108, 40, 2),
(109, 41, 8),
(110, 41, 2),
(111, 42, 30),
(112, 42, 2),
(113, 43, 8),
(114, 43, 2),
(115, 44, 8),
(116, 44, 2),
(117, 45, 8),
(118, 45, 2),
(119, 46, 30),
(120, 46, 2),
(121, 47, 8),
(122, 47, 2),
(123, 48, 8),
(124, 48, 2),
(125, 49, 8),
(126, 49, 2),
(127, 50, 8),
(128, 50, 2),
(129, 51, 8),
(130, 51, 2),
(131, 52, 18),
(132, 52, 1),
(133, 53, 20),
(134, 53, 1),
(135, 54, 18),
(136, 54, 1),
(137, 55, 18),
(138, 55, 1),
(139, 56, 20),
(140, 56, 1),
(141, 57, 17),
(142, 57, 1),
(143, 58, 69),
(144, 58, 75),
(145, 58, 5),
(146, 59, 69),
(147, 59, 75),
(148, 59, 5),
(149, 60, 67),
(150, 60, 73),
(151, 60, 5),
(152, 61, 67),
(153, 61, 73),
(154, 61, 5),
(155, 62, 67),
(156, 62, 73),
(157, 62, 5),
(158, 63, 66),
(159, 63, 72),
(160, 63, 5),
(161, 64, 82),
(162, 64, 7),
(163, 65, 82),
(164, 65, 7),
(165, 66, 79),
(166, 66, 7),
(167, 67, 81),
(168, 67, 84),
(169, 67, 7),
(170, 68, 80),
(171, 68, 83),
(172, 68, 7),
(173, 69, 77),
(174, 69, 78),
(175, 69, 4),
(176, 70, 77),
(177, 70, 78),
(178, 70, 4),
(179, 71, 77),
(180, 71, 78),
(181, 71, 4),
(182, 72, 70),
(183, 72, 76),
(184, 72, 5),
(185, 73, 77),
(186, 73, 78),
(187, 73, 4),
(188, 74, 81),
(189, 74, 84),
(190, 74, 7),
(191, 75, 81),
(192, 75, 84),
(193, 75, 7),
(194, 76, 81),
(195, 76, 84),
(196, 76, 7),
(197, 77, 81),
(198, 77, 84),
(199, 77, 7),
(200, 78, 81),
(201, 78, 84),
(202, 78, 7),
(203, 79, 77),
(204, 79, 78),
(205, 79, 4),
(206, 80, 77),
(207, 80, 78),
(208, 80, 4),
(209, 81, 77),
(210, 81, 78),
(211, 81, 4),
(212, 82, 77),
(213, 82, 78),
(214, 82, 4),
(215, 83, 77),
(216, 83, 78),
(217, 83, 4),
(218, 84, 77),
(219, 84, 78),
(220, 84, 4),
(221, 85, 77),
(222, 85, 78),
(223, 85, 4),
(224, 86, 77),
(225, 86, 78),
(226, 86, 4),
(227, 87, 77),
(228, 87, 78),
(229, 87, 4),
(230, 88, 77),
(231, 88, 78),
(232, 88, 4),
(233, 89, 77),
(234, 89, 78),
(235, 89, 4),
(236, 90, 77),
(237, 90, 78),
(238, 90, 4),
(239, 91, 64),
(240, 91, 3),
(241, 92, 18),
(242, 92, 1),
(243, 93, 10),
(244, 93, 1),
(245, 94, 12),
(246, 94, 1),
(247, 95, 50),
(248, 95, 3),
(249, 96, 10),
(250, 96, 1),
(251, 97, 47),
(252, 97, 3),
(253, 98, 49),
(254, 98, 3),
(255, 99, 70),
(256, 99, 76),
(257, 99, 5),
(258, 100, 69),
(259, 100, 75),
(260, 100, 5),
(261, 101, 70),
(262, 101, 76),
(263, 101, 5),
(264, 102, 77),
(265, 102, 78),
(266, 102, 4),
(267, 103, 62),
(268, 103, 3),
(269, 104, 61),
(270, 104, 3),
(271, 105, 61),
(272, 105, 3),
(273, 106, 61),
(274, 106, 3),
(275, 107, 79),
(276, 107, 82),
(277, 107, 7),
(278, 108, 82),
(279, 108, 7),
(280, 109, 81),
(281, 109, 84),
(282, 109, 7),
(283, 110, 81),
(284, 110, 84),
(285, 110, 7),
(286, 111, 81),
(287, 111, 84),
(288, 111, 7),
(292, 113, 80),
(293, 113, 83),
(294, 113, 7),
(295, 114, 81),
(296, 114, 84),
(297, 114, 7),
(298, 115, 81),
(299, 115, 84),
(300, 115, 7),
(301, 116, 70),
(302, 116, 76),
(303, 116, 5),
(304, 117, 66),
(305, 117, 70),
(306, 117, 72),
(307, 117, 76),
(308, 117, 5),
(309, 118, 70),
(310, 118, 76),
(311, 118, 5),
(312, 119, 69),
(313, 119, 75),
(314, 119, 5),
(315, 120, 46),
(316, 120, 58),
(317, 120, 3),
(318, 121, 62),
(319, 121, 3),
(320, 122, 51),
(321, 122, 3),
(322, 123, 66),
(323, 123, 72),
(324, 123, 5),
(325, 124, 70),
(326, 124, 76),
(327, 124, 5),
(373, 112, 80),
(374, 112, 83),
(375, 112, 7),
(379, 126, 9),
(380, 126, 10),
(381, 126, 16),
(382, 126, 17),
(383, 126, 1),
(384, 128, 1),
(385, 128, 87),
(386, 128, 16),
(387, 129, 1),
(388, 129, 86),
(389, 129, 9),
(399, 130, 1),
(400, 130, 87),
(401, 130, 25),
(405, 132, 1),
(406, 132, 86),
(407, 132, 9),
(414, 135, 1),
(415, 135, 86),
(416, 135, 9),
(417, 136, 1),
(418, 136, 86),
(419, 136, 9),
(426, 152, 1),
(427, 152, 86),
(428, 152, 12),
(439, 31, 1),
(440, 31, 87),
(441, 31, 16),
(442, 154, 2),
(443, 154, 29),
(450, 158, 7),
(451, 158, 117),
(452, 158, 79),
(453, 159, 1),
(454, 159, 93),
(455, 160, 4),
(456, 160, 119),
(459, 162, 2),
(460, 162, 95),
(461, 162, 29),
(462, 163, 1),
(463, 163, 94),
(464, 164, 1),
(465, 164, 93),
(466, 164, 10),
(467, 165, 1),
(468, 165, 94),
(469, 165, 17),
(470, 166, 2),
(471, 166, 96),
(472, 166, 38),
(473, 167, 4),
(474, 167, 125),
(475, 167, 126),
(476, 168, 1),
(477, 168, 94),
(478, 168, 17),
(479, 169, 4),
(480, 169, 119),
(481, 169, 124),
(482, 170, 2),
(483, 170, 96),
(484, 170, 35),
(485, 171, 1),
(486, 171, 93),
(487, 171, 9),
(488, 172, 1),
(489, 172, 94),
(490, 172, 21),
(491, 173, 4),
(492, 173, 99),
(493, 174, 1),
(494, 174, 93),
(495, 174, 10),
(496, 175, 1),
(497, 175, 93),
(498, 175, 10),
(499, 176, 2),
(500, 176, 95),
(501, 177, 2),
(502, 177, 95),
(503, 178, 2),
(504, 178, 95),
(505, 179, 2),
(506, 179, 95),
(507, 180, 2),
(508, 180, 95),
(509, 181, 2),
(510, 181, 95),
(511, 182, 1),
(512, 182, 93),
(513, 182, 85),
(517, 186, 3),
(518, 186, 98),
(519, 186, 63),
(523, 188, 1),
(524, 188, 93),
(525, 188, 86),
(526, 185, 1),
(527, 185, 94),
(528, 185, 27),
(529, 192, 1),
(530, 192, 93),
(531, 192, 14),
(532, 193, 1),
(533, 193, 94),
(534, 193, 87),
(535, 195, 1),
(536, 195, 94),
(537, 195, 87),
(538, 196, 1),
(539, 196, 94),
(540, 196, 87),
(541, 197, 1),
(542, 197, 94),
(543, 197, 87),
(544, 198, 1),
(545, 198, 94),
(546, 198, 87),
(547, 199, 1),
(548, 199, 94),
(549, 199, 87),
(550, 200, 1),
(551, 200, 94),
(552, 200, 87),
(556, 202, 1),
(557, 202, 94),
(558, 202, 87),
(559, 203, 1),
(560, 203, 94),
(561, 203, 87),
(562, 204, 1),
(563, 204, 94),
(564, 204, 87),
(565, 207, 1),
(566, 207, 94),
(567, 208, 1),
(568, 208, 94),
(569, 209, 1),
(570, 209, 94),
(571, 210, 1),
(572, 210, 94),
(573, 211, 1),
(574, 211, 94),
(575, 212, 1),
(576, 212, 94),
(577, 213, 1),
(578, 213, 94),
(579, 214, 1),
(580, 214, 94),
(581, 215, 1),
(582, 215, 94),
(583, 216, 1),
(584, 216, 94),
(585, 217, 1),
(586, 217, 94),
(587, 218, 1),
(588, 218, 94),
(589, 219, 1),
(590, 219, 94),
(591, 220, 1),
(592, 220, 94),
(593, 221, 1),
(594, 221, 94),
(597, 223, 1),
(598, 223, 94),
(599, 224, 1),
(600, 224, 94),
(601, 227, 1),
(602, 227, 94),
(603, 228, 1),
(604, 228, 94),
(605, 229, 1),
(606, 229, 94),
(607, 222, 1),
(608, 222, 93);

-- --------------------------------------------------------

--
-- Table structure for table `product_edit`
--

CREATE TABLE IF NOT EXISTS `product_edit` (
  `id` int(11) NOT NULL AUTO_INCREMENT,
  `product_id` int(11) NOT NULL DEFAULT '0',
  `product_id_edit` int(11) NOT NULL DEFAULT '0',
  PRIMARY KEY (`id`)
) ENGINE=InnoDB DEFAULT CHARSET=utf8 AUTO_INCREMENT=1 ;

-- --------------------------------------------------------

--
-- Table structure for table `product_gift`
--

CREATE TABLE IF NOT EXISTS `product_gift` (
  `id` int(11) NOT NULL AUTO_INCREMENT,
  `product_id` int(11) DEFAULT NULL,
  `start_time` date DEFAULT NULL,
  `end_time` date NOT NULL,
  `active` tinyint(1) NOT NULL DEFAULT '0' COMMENT '0 = disable, 1 = đang chạy, 2 = chay xong & quay roi 3= chay xong chưa quay   ',
  `product_image` varchar(255) COLLATE utf8_unicode_ci DEFAULT '0',
  `product_gift_2` int(11) DEFAULT NULL,
  `province` tinyint(15) DEFAULT NULL COMMENT '0=all, 1=hcm, 2 = hn, 3=dn',
  `product_info` text COLLATE utf8_unicode_ci,
  `product_quantity` tinyint(15) DEFAULT NULL,
  `product_gave` tinyint(4) DEFAULT NULL COMMENT 'Số lượng sản phẩm đã tặng',
  `sponsor_id` int(10) DEFAULT NULL,
  `dateline` int(11) DEFAULT NULL,
  `code_result` char(7) COLLATE utf8_unicode_ci DEFAULT NULL COMMENT 'kết quả theo product',
  `hot` tinyint(1) DEFAULT NULL COMMENT '1 = hot',
  `purchase` tinyint(1) DEFAULT NULL,
  `pin_to_top` tinyint(1) DEFAULT '0' COMMENT '1 = pintotop',
  PRIMARY KEY (`id`)
) ENGINE=MyISAM DEFAULT CHARSET=utf8 COLLATE=utf8_unicode_ci AUTO_INCREMENT=1 ;

-- --------------------------------------------------------

--
-- Table structure for table `product_image`
--

CREATE TABLE IF NOT EXISTS `product_image` (
  `id` int(10) NOT NULL AUTO_INCREMENT,
  `product_id` int(10) DEFAULT NULL,
  `image` varchar(100) DEFAULT NULL,
  `image_small` varchar(100) DEFAULT NULL,
  `image_info` text,
  PRIMARY KEY (`id`)
) ENGINE=MyISAM  DEFAULT CHARSET=utf8 COMMENT='bo anh product' AUTO_INCREMENT=917 ;

--
-- Dumping data for table `product_image`
--

INSERT INTO `product_image` (`id`, `product_id`, `image`, `image_small`, `image_info`) VALUES
(1, 3, 'badcd3d70c427d8113c235381bebbbc8.jpg', NULL, 'Đồng hồ trâu'),
(2, 3, 'adbb15fd9705673fbc4da82147d0c801.jpg', NULL, 'Đồng hồ đẹp'),
(3, 4, 'badcd3d70c427d8113c235381bebbbc8.jpg', NULL, 'Đồng hồ trâu'),
(4, 4, 'adbb15fd9705673fbc4da82147d0c801.jpg', NULL, 'Đồng hồ đẹp'),
(5, 5, 'badcd3d70c427d8113c235381bebbbc8.jpg', NULL, 'Đồng hồ trâu'),
(6, 5, 'adbb15fd9705673fbc4da82147d0c801.jpg', NULL, 'Đồng hồ đẹp'),
(7, 6, 'e883ce1044cc7df23a64a4fd3e0fd974.jpg', NULL, 'Đầm ngủ hoa thiên sứ quyến rũ'),
(8, 6, '2de2aaa4e6134af6503d02cef80fd3b8.jpg', NULL, 'Thời trang phòng ngủ chính là yếu tố quan trọng ản'),
(9, 7, 'e883ce1044cc7df23a64a4fd3e0fd974.jpg', NULL, 'Đầm ngủ hoa thiên sứ quyến rũ'),
(10, 7, '2de2aaa4e6134af6503d02cef80fd3b8.jpg', NULL, 'Thời trang phòng ngủ chính là yếu tố quan trọng ản'),
(11, 8, 'd9aa24e1088a4b8b91b245c8c9b6e03f.jpg', NULL, 'Thiết kế hai dây cùng những gam màu hoa văn tinh t'),
(12, 8, '0445b02bdcaa600823e289d49cadedb2.jpg', NULL, 'Giúp chị em đẹp lung linh trong khoảnh khắc của tì'),
(13, 9, '11d73352df9c4c5424da8a099a3bccf3.jpg', NULL, 'Máu thế'),
(14, 10, '11d73352df9c4c5424da8a099a3bccf3.jpg', NULL, 'Máu thế'),
(15, 11, '11d73352df9c4c5424da8a099a3bccf3.jpg', NULL, 'Máu thế'),
(16, 12, '11d73352df9c4c5424da8a099a3bccf3.jpg', NULL, 'Máu thế'),
(17, 13, '11d73352df9c4c5424da8a099a3bccf3.jpg', NULL, 'Máu thế'),
(883, 192, 'e1cf807c15994272ccd61845a92c2004.jpg', NULL, ''),
(34, 18, '85f32bb35c1cd9c08b04df8286db725d.jpg', NULL, 'Thiết kế nhiều lớp, kết cấu bảo vệ chân, tạo sự nâ'),
(35, 18, 'cfcd07470fbbd7b2479aaebe9e9c762d.jpg', NULL, 'Kiểu dáng sành điệu, tạo phong cách thời trang năn'),
(36, 18, '846e90bc711152311b0ccc97a964cf97.jpg', NULL, 'Kết hợp với nhiều style thời trang khác nhau'),
(37, 19, '5570a0fbe0cb0f55fed5348eb8fd3fc4.jpg', NULL, 'Thiết kế theo phong cách thể thao năng động và pho'),
(38, 19, '9fc49fa336708e7264f76c81c3493e48.jpg', NULL, 'Kiểu dáng thể thao với cổ cao, tay dài, chống nắng'),
(39, 19, '357d99afbf3ef0ccf8cf9f9298a08bd3.jpg', NULL, 'Chiếc áo sẽ tạo cho bạn sự nổi bật, nam tính và th'),
(40, 19, 'fc4cd3f66fc5b2a14b6613d66b5c4698.jpg', NULL, 'Áo được may từ chất liệu nỉ dày dặn, thấm hút mồ h'),
(41, 19, '3788f45a96317fac239cb1869a5a7cd1.jpg', NULL, 'Giúp bạn nam linh hoạt hơn trong việc phối cùng cá'),
(42, 20, 'cae33750e11fc970b0f6f23712f590ae.jpg', NULL, 'Thiết kế sang trọng, tinh tế, trẻ trung và năng độ'),
(43, 20, 'af91249b1aaf6f99ffdd3c4b14e399ec.jpg', NULL, 'Được may từ chất liệu jean dày dặn.'),
(44, 20, 'd6432f5483d251b2888cda598cbddc70.jpg', NULL, 'Các nút cài kim loại bền, có phối túi 2 bên.'),
(45, 20, 'dd170869fb25c96807398dbb38cfb342.jpg', NULL, 'Giúp cho phong cách của bạn trở nên ấn tượng hơn'),
(46, 20, '1f75774f68f7b62e00fb985189e26899.jpg', NULL, 'Dễ dàng kết hợp với quần jean dài hoặc quần short.'),
(47, 20, '05bb741c294902f1f5810b23a6ea5fbe.jpg', NULL, 'Có 2 màu cho bạn chọn: Jean đậm và jean nhạt.'),
(48, 20, '0311becca0f6008ce86a4d0595eb7772.jpg', NULL, 'Freesize. Thích hợp cho nam dưới 64kg.'),
(49, 21, 'a5ebaf522837586eab3ab270f7604bb3.jpg', NULL, 'Thể hiện phong cách trẻ trung, cá tính của phái mạ'),
(50, 21, '7445c4e9e9a364bbf9ca07810a6fa248.jpg', NULL, 'Thiết kế tinh tế với hai màu trẻ trung và năng độn'),
(51, 21, '5d8aa70e630ce4a11674eecb16958b6f.jpg', NULL, 'Chất liệu vải nỉ thấm hút tốt.'),
(52, 21, 'ffda66392dacf9027494aef72fcfedc8.jpg', NULL, 'Giúp bảo vệ cơ thể khỏi nắng nóng'),
(53, 21, 'c967bd15e45805e2e1ed464d25ad63ff.jpg', NULL, 'Giữ ấm cơ thể trong mùa lạnh.'),
(54, 21, '7360d0790f34c5986d1fa4df666f9505.jpg', NULL, 'Áo freesize, dài áo 66cm.'),
(55, 21, '534e409977ae88ecdc3d17bbcbbe295f.jpg', NULL, 'Có 2 màu cho bạn lựa chọn: màu xám và xanh đen.'),
(56, 22, 'e969b930854837881908abc0c7b260f8.jpg', NULL, 'Áo khoác thời trang với nhiều ưu điểm về kiểu dáng'),
(57, 22, 'b9acb1c71e84e80e1d48afc566ea76c9.jpg', NULL, 'Form dáng thể thao năng động với nón 2 lớp, dây kh'),
(58, 22, '87f53861435e8987942c0bec7e8e9c6e.jpg', NULL, 'Chất liệu mềm mại, dày dặn.'),
(59, 22, '85b65c0ea25368ec4e8d2737a23b9afd.jpg', NULL, 'Áo freesize, kích thước: dài áo 70cm, dài tay 61cm'),
(60, 23, 'fd09fe63270a4fbcc19d08577061d29a.jpg', NULL, 'Thiết kế phần cổ cao, không nón, kéo khóa giữa.\r\n\r'),
(61, 23, '3a4819c11177466ab4b747c79fe9b132.jpg', NULL, 'Đường may và khóa kéo chắc chắn '),
(62, 23, 'f357272ab6611410b3d3786d66fb80a0.jpg', NULL, 'Nổi bật với 2 khóa kéo túi cùng chất liệu nỉ cao'),
(63, 23, '45743ef76e5ae321817bcc96cb10c0e8.jpg', NULL, 'Màu sắc mạnh mẽ, phối màu nam tính.'),
(64, 23, '07314f2ce50a2a553107e1328e6c4876.jpg', NULL, 'Có 2 màu cho bạn chọn: Xanh đen và Đen.'),
(65, 23, 'cd88d35fb55de813c3a7305b47cb44d8.jpg', NULL, 'Thiết kế nam tính và phong cách.'),
(66, 24, 'f715fc6ec8b71b0099bb100770eb20ff.jpg', NULL, 'Áo được may từ chất liệu tuyết mưa cao cấp, độ bền'),
(67, 24, '4c7652d0e1257672f2c3401d51eff9c8.jpg', NULL, 'Kiểu dáng mới lạ tạo cho bạn nữ một style trông th'),
(68, 24, '15e3a0eac0a44a6beb6325243ef243cf.jpg', NULL, 'Sự kết hợp hoàn hảo giữa ren và phối caro rất tinh'),
(69, 24, 'abcdfd4496039bcf96f3bb529b99e9b8.jpg', NULL, 'Cho bạn gái phong cách trẻ trung, sành điệu.'),
(70, 24, '3fdb1213bcb447a1eb479a2dffe64bc4.jpg', NULL, 'Freesize. Thích hợp bạn nữ dưới 54kg.\r\n'),
(71, 24, 'cf48b884ac11c0d5a6388b49052559dc.jpg', NULL, 'Có 2 màu cho bạn chọn: Đen và Trắng.'),
(72, 25, 'e71c71fe0f0a01fef5fee7525596fc4d.jpg', NULL, 'Kiểu dáng đơn giản với form ôm nhẹ nhàng ôm gọn bo'),
(73, 25, 'c2b5c8eebcdce04c909c21aeb1931376.jpg', NULL, 'Thiết kế giúp bạn gái tôn lên vẻ duyên dáng.'),
(74, 25, '664be51ee50e80c607a0a78ae98fcfb9.jpg', NULL, 'Áo được may với chất liệu thun mềm với 2 màu trang'),
(75, 25, 'b7f542ba8697cbf850cd0051955abcab.jpg', NULL, ''),
(76, 25, '1cf5c255a638e1592205184941ef702f.jpg', NULL, ''),
(77, 25, '6df9bdde60af8b1f1f2b0b8c0fd9219f.jpg', NULL, 'Có 4 màu: Hồng, Đen, Xám Và Đỏ.'),
(78, 25, '9749638b23346e6be8c52e89d2a5febb.jpg', NULL, 'Freesize. Chiều dài 63cm, Vòng ngực(cm) 82-88, Rộn'),
(79, 26, '5de178eb159f4c6d4cf6f8b470035605.jpg', NULL, 'Thiết kế cách điệu đẹp mắt.\r\n\r\n\r\n'),
(80, 26, 'eaf432360da356456786cec7f280dea9.jpg', NULL, 'Những điểm nhấn tinh tế,thẩm mỹ và thời trang.'),
(81, 26, '840df611704f29e2f159ec8e6c262966.jpg', NULL, 'Với chất liệu vải voan nên thoáng mát và rất dễ tạ'),
(82, 26, '61cb8ff500f46ecb90755a038e46cfb0.jpg', NULL, 'Có 2 màu cho bạn chọn: Xanh đen và Vàng cam.'),
(83, 26, '077d20b32a35b82d666b0141aed4004d.jpg', NULL, 'Những viên đá cao cấp phối ở cổ áo đầy phong cách '),
(84, 27, '445fb891925fa72294d7c2e674a08afc.png', NULL, 'Form chuẩn, ôm dáng vừa phải, tôn dáng\r\n\r\n\r\n'),
(85, 27, '94b41b84593c58109096e010352807a9.png', NULL, 'Một phong cách thời trang nữ tính, quyến rũ và gợi'),
(86, 27, 'e838ac7c511382ce4d97f1890a465499.png', NULL, 'Kiểu dáng gợi cảm vừa đủ để thu hút mọi ánh mắt ch'),
(87, 27, 'b7cfbb28d3d79ebe8c25b7468869a90c.png', NULL, 'Phối ren đầy tinh tế, mang đến bạn một vẻ đẹp duyê'),
(88, 27, 'b40f129afe0d3b6c960d3f1fcf67315a.jpg', NULL, 'Phối ren tinh tế và kín đáo vừa đủ để diện trong m'),
(89, 28, '793a4b361589b23b285843ec5a403d08.jpg', NULL, 'Sọc xanh dương vừa năng động, thanh lịch, vừa tươi'),
(90, 28, 'b171a178b2cb1e4712fe4a72cda90d9b.jpg', NULL, 'Cách phối màu sáng tạo trên cơ sở các gam màu sáng'),
(91, 28, '11e648dfd331f16dbff05c21994359f8.jpg', NULL, 'Dễ dàng phối với nhiều kiểu trang phục.'),
(92, 28, 'db7f9a822a8d8c828e6376360aa8fd67.jpg', NULL, 'Freesize. Thích hợp với các bạn nữ từ 45 - 58 kg.'),
(93, 29, '4fd8192bc299fd22711bb9ecca666b50.jpg', NULL, 'Chất liệu giả jean sang trọng kết hợp với tay chấm'),
(94, 29, '13660218410d8190dd64d21af4d2d1a8.jpg', NULL, 'Thiết kế phong cách thời thượng, quý phái, trẻ tru'),
(95, 29, 'f8a23afd08c89d9d6b64f8ae71408c7e.jpg', NULL, 'Đường chỉ may đẹp, chắc chắn, khéo léo .'),
(96, 29, '9e756a7c50808d3c1be687435bc2b45b.jpg', NULL, 'Kiểu dáng may đơn giản nhưng rất tinh tế và ở từng'),
(97, 29, 'ef89030b06563943e0296f2b6ba52ac7.jpg', NULL, 'Freesize. Thích hợp bạn gái dưới 54kg.\r\n'),
(98, 30, '036015bb43c23d7add0ebc336099c2f4.jpg', NULL, 'Đồng hồ có đầy đủ chức năng phục vụ thể thao,đèn d'),
(99, 30, '78522bd7e928c5193278a787b55494b5.jpg', NULL, 'Mặt đồng hồ được thiết kế vô cùng độc đáo và cá tí'),
(100, 30, '8dc91feb969cf6f8fefebd9752cb9050.jpg', NULL, 'Vỏ: Nhựa tổng hợp.'),
(101, 30, '7897553ae6eb2b268bd1c5a5b2154798.jpg', NULL, 'Dây: Nhựa mềm, có gập sóng giúp thoải mái cổ tay.'),
(102, 30, '2d784f726418696ef2982f3602cfa1f2.jpg', NULL, 'Hàng full box hộp rất sang trọng .'),
(103, 31, 'b1bf5183cf3d13440612ab416104ff56.jpg', NULL, 'Test'),
(807, 160, 'a15557f6622fcf3f371cd6de7fd7983b.jpg', NULL, ''),
(789, NULL, 'c5aeddd7d09db0af8bfb8e87017c4c1b.jpg', NULL, ''),
(790, NULL, '81bf0d7e441506a7b699c1b05bf9175d.jpg', NULL, NULL),
(791, 31, '59a1218097590b5cc125447e2669baa9.jpg', NULL, 'Test2'),
(803, 31, 'matsau.jpg', NULL, ''),
(802, 31, 'IMG_12620338092675 (1).jpeg', NULL, ''),
(801, 31, '7e5345c443536611bec2b0823389f074.jpg', NULL, ''),
(800, 31, 'f0631189575f1928fe226313e842c517.jpg', NULL, ''),
(796, 31, 'coffee_cup_2-wallpaper-960x600 (7).jpg', NULL, ''),
(109, 32, 'f5f0c57ca908170febcf6c73812888ab.jpg', NULL, 'Thiết kế độc đáo, kiểu dáng thời trang \r\n\r\n'),
(110, 32, 'a30e19289bd15ce131e193d2d2542c86.jpg', NULL, 'Mẫu mã đẹp , chất liệu giả da và mặt kiếng trong s'),
(111, 32, '986edce9dec394bc1a26e48724a1abe2.jpg', NULL, 'Kiểu dáng thời trang thể hiện vẻ thanh lịch và thờ'),
(112, 32, 'de5d7b923351557a757f3d8bf251d0d0.jpg', NULL, 'Có chức năng xem ngày tự động.'),
(113, 32, 'd85d5b9598b92e3b43f34a24f713a2da.jpg', NULL, 'Có 3 màu cho bạn lựa chọn'),
(114, 33, 'd704f9f518adf6a07f5f5a188596d2ab.jpg', NULL, 'Mặt tròn đính hạt là phụ kiện tiện ích và thời tra'),
(115, 33, '99eeec13d7cbab9f731bb70073255d3e.jpg', NULL, 'Mang đến cho bạn gái vẻ đẹp sang trọng, sành điệu.'),
(116, 33, '317f920dba0037f06d9211e2230aa732.jpg', NULL, 'Bề ngoài mặt đồng hồ có đính hạt lấp lánh, nổi bật'),
(117, 33, '9b2632920028c6a0039c4fb1ce2563b4.jpg', NULL, 'Có thể mua để sử dụng hoặc làm quà tặng cho bạn bè'),
(118, 33, '945e2f1a1183a8b1d7e922af395c57bc.jpg', NULL, 'Dây đeo bằng đá sứ màu trắng sang trọng, sáng đẹp,'),
(119, 34, 'a758378ecc24a7f56e06c2105e3a6d99.jpg', NULL, 'Đồng hồ với đèn led nhiều màu cá tính.\r\n\r\n\r\n'),
(120, 34, '58d99c7014940d7302705edc64f6665b.jpg', NULL, 'Mặt kiếng bóng loáng, không xây xát khi va chạm.'),
(121, 34, 'ccc8ed08c88704b2338a6c06b2610c46.jpg', NULL, 'Chức năng báo thức, bộ đếm giờ, hiển thị ngày và t'),
(122, 34, 'beaedd43b1a40141459783cc51a83d13.jpg', NULL, 'Chức năng xem giờ tự động và đồng hồ mặt số.'),
(123, 34, '913fe631620838b77bd8b94cfac377ff.jpg', NULL, 'Dây bằng chất nhựa dẻo tổng hợp, đeo rất êm tay.'),
(124, 35, 'bb61e5ee28a26d03934864175244808d.jpg', NULL, 'Mang đến cho bạn gái vẻ ngoài duyên dáng\r\n\r\n\r\n'),
(125, 35, 'ce26792a72a8c395341d31be09c8eb63.jpg', NULL, 'Quyến rũ khi đi dạo phố hay tại các bữa tiệc.'),
(126, 35, '0cf8b60c7b5e3f0591c6b11a68369600.jpg', NULL, 'Chiều cao : 11cm.\r\nChất liệu : nhung.'),
(127, 35, 'ff98ac06b8ecfcd54a538c61021373f0.jpg', NULL, 'Hàng Việt Nam xuất khẩu.'),
(128, 35, '7343511bb46df82c8d4a35c0bd7e5311.jpg', NULL, 'Mã số: C044.\r\n'),
(129, 35, 'd14c00562db7d3ac94bb3c245a7b27bc.jpg', NULL, 'Có các size: 35 - 36 -37 - 38 - 39.'),
(130, 36, 'be0efae49c5370cf05282151f056182a.jpg', NULL, 'Thiết kế mạnh mẽ, cá tính và phong cách.\r\n\r\n'),
(131, 36, 'd40f957c8a5257d25c0279c22393a3dd.jpg', NULL, 'Chất liệu giả da cao cấp, thiết kế chắc chắn.\r\n'),
(132, 36, 'e8f02c24de8c199dcf0e18c0bdd1bef7.jpg', NULL, 'Phù hợp khi chơi thể thao và cả khi dùng thường ng'),
(133, 36, '5bfe5731659aa936015dc32c38011305.jpg', NULL, 'Đế cao su siêu bền, độ ma sát cao chống trơn trượt'),
(134, 36, 'cb471d1bdf0a34f41b4c4902c8dd9bfd.jpg', NULL, 'Có các size: 38 -39 - 40 - 41 - 42  cho bạn lựa ch'),
(135, 37, 'f3267d02b861b2ef20f7a8434af0bf99.jpg', NULL, 'Sản phẩm được cắt may từ chất liệu cao cấp.\r\n\r\n'),
(136, 37, '295093fdb5455bf7e0414bf3d495fdb7.jpg', NULL, 'Lớp da mềm mại sẽ nhẹ nhàng ôm sát bàn chân.\r\n'),
(137, 37, '98a6d2d36e15dfa68b5e43fe38f5f5d4.jpg', NULL, 'Đế cao su thiên nhiên, độ ma sát cao, bền bỉ.'),
(138, 37, '5263f56957205b7b9b206824d0dd64b7.jpg', NULL, 'Sẽ luôn song hành cùng phái mạnh trên mọi nẻo đườn'),
(139, 37, '95e69e26e0506689265a660f7772835a.jpg', NULL, 'Có các size: 39 -40 -41 -42.'),
(140, 38, '9c27d344b5b0f82fdede58d000dbd60c.jpg', NULL, 'Thiết kế vải caro thời trang, màu sắc thanh lịch.'),
(141, 38, '55f27b50606067a6198f833afd125987.jpg', NULL, 'Phù hợp với các bạn trẻ năng động.'),
(142, 38, 'e0720b151652c07580b166eb713287ab.jpg', NULL, 'Đế cao su tổng hợp có độ đàn hồi cao và có miếng l'),
(143, 38, '4ea3913b21cf52bd968445d627052a5e.jpg', NULL, 'Trợ thủ của bạn trong những đợt hoạt động ngoài tr'),
(144, 38, '62216f7d59203c93cc73e4c533f60246.jpg', NULL, 'Dễ dàng kết hợp với Jeans, chân váy, quần short ha'),
(145, 38, '4ed9129a059fb38309d331e269ab6fbd.jpg', NULL, 'Size: 35 -36 -37 -38.'),
(146, 39, 'cc3f4a6fc77aecf05404be234c231ea9.jpg', NULL, 'Thiết kế đơn giản đậm chất nguyên bản với những đư'),
(147, 39, '23d14fef77157cad054b8015fa6baaaf.jpg', NULL, 'Có các size: 35 - 36 -37 - 38 - 39.'),
(148, 39, '50f65b6a61d35656b14734c53b1be9c9.jpg', NULL, 'Cùng những gam màu căn bản đen và trắng mang đén c'),
(149, 39, '499aae64e625529eda84c1b96fcf4be1.jpg', NULL, 'Chiều cao : 11cm. Chất liệu : Da bóng.'),
(150, 39, '4bd419641ff18057c9ae8c530380413d.jpg', NULL, 'Pần gót vưa phải sẽ giúp bạn gái bước đi uyển chuy'),
(151, 39, '77d41dd1c3fef484abe930dacb22c48b.jpg', NULL, ''),
(152, 39, '3caf8219b014f0389066dde713e847e9.jpg', NULL, 'Có 3 màu: Đỏ, Trắng Và Đen.'),
(153, 40, '7957ef29c8f74eac0aa3fa339ad205db.jpg', NULL, 'Chất liệu mềm mại, nhẹ nhàng, mang rất êm chân.\r\n\r\n\r\n'),
(154, 40, '6775ea862e64dced57fa988d876157bc.jpg', NULL, 'Kết hợp được nhiều style thời trang khác nhau.'),
(155, 40, '1633c23f77ef15b4a9904bc9486c8782.jpg', NULL, 'Thiết kế chắc chắn, trẻ trung và năng động. '),
(156, 40, '05cca32d72050163ae58e448a3e2ec93.jpg', NULL, 'Có các size: 39 - 40 - 41 - 42 - 43.'),
(157, 40, '7cdb366c57720c84309407cef5248b37.jpg', NULL, 'Đế cao su siêu bền, độ ma sát cao chống trơn trượt.'),
(158, 40, '78201e7a153d093e0175ce730440ca66.jpg', NULL, 'Kiểu giày thời trang phù hợp cho bạn đi học, đi chơi hay đi làm...\r\nKiểu dáng sành điệu, tạo phong cách thời trang năng động, trẻ trung cho bạn trẻ.\r\n'),
(159, 41, 'b8f802ee82b41c0511f0914985aa1b76.jpg', NULL, 'Giày Da Xỏ cài khóa thiết kế đẹp mắt, nhẹ nhàng.\r\n\r\n\r\n\r\n\r\n'),
(160, 41, '6c1d96bac26d1c511359b5555001c243.jpg', NULL, 'Giày Da Xỏ tạo cảm giác thanh lịch nhưng không kém phần cá tính.'),
(161, 41, '7ffc129a63773fca20e68ec01032c3c4.jpg', NULL, 'Thiết kế kiểu cài khóa 1 bên cá tính, thời trang.'),
(162, 41, 'cfb608dbaee1c851a02072d7f41f3382.jpg', NULL, 'Đế bằng cao su, có các khe rãnh, độ ma sát tốt.\r\nCó các size: 39 - 40 - 41 - 42 - 43 - 44.'),
(163, 41, 'f377232d426bbe7e8157b6f44a02f816.jpg', NULL, 'Chất liệu giày cao cấp, mềm mại tạo cảm giác thoải mái, nhẹ nhàng khi di chuyển.'),
(164, 41, '13ec1f97377eaa56d65de822f4b9b47c.jpg', NULL, 'Với mẫu giày nam da trơn, bạn dễ dàng có được 1 vẻ ngoài hoàn hảo khi kết hợp cùng jean, kaki lửng, …vô cùng thời trang và bụi bặm.\r\n'),
(165, 42, '66af3ca1c0d33d3b6b9fe10b6da75bde.jpg', NULL, 'Thiết kế hoàn toàn bằng công nghệ khắc tinh xảo tạo nên những đường cắt, lỗ thoát khí cũng như các chi tiết nhỏ một cách hoàn hảo nhất.\r\n\r\n'),
(166, 42, 'a77158305686cdfe90ade3b94a360e13.jpg', NULL, 'Đế giày chắc chắn với những rãnh giúp tạo sự linh hoạt khi di chuyển, giúp tăng độ linh hoạt và phù hợp với mọi kiểu dáng bàn chân.\r\n'),
(167, 42, '9bd0ca39a0fa76379649ac3af77e990d.jpg', NULL, 'Ngoài ra những lỗ thoát khí giúp lưu thông không khí tốt hơn.\r\n'),
(168, 42, '7698bb6cf0e00cba4800e08785404b4b.jpg', NULL, ''),
(169, 42, 'a915e5c5b35d2ffc8c10d43a841e417e.jpg', NULL, 'Đế được làm bàng cao su, được xẻ rãnh chống trơn và trượt.'),
(170, 42, '2e5ba39a61d37e78c5f99775b09e5600.jpg', NULL, 'Size: 39 -40 -41 -42 -43.'),
(171, 42, 'd7dc40ef889100360b1fcb797d5a42ea.jpg', NULL, ''),
(172, 43, '634e3d13229fe40a2fa2804d5fc44144.jpg', NULL, 'Giày nam Vrada Phong cách với lối thiết kế dạng thể thao, giúp đôi chân bạn khỏe khoắn cho cả ngày dài nâng động.\r\nVới giày nam Vrada lối thiết kế tinh tế trẻ trung. '),
(173, 43, '5f55be04b32e6b1d907e004d5973b70d.jpg', NULL, 'Giày nam Vrada đế cao su siêu bền, có độ bám dính, chống mài mòn cao, thông thoáng, hút ẩm tốt và rất êm chân.\r\n'),
(174, 43, 'e69220d625c3b7fdb8c4c4ca6c0be2d7.jpg', NULL, 'Màu sắc tươi trẻ thiết kế dạng dây buộc, dể dàng kết hợp với nhiều style tạo những phong cách mới lạ.\r\n'),
(175, 43, '58f81998e9899dad8d286f9feb7a1754.jpg', NULL, ''),
(176, 43, '6e42a9b8c4525d84fa98238750c2927d.jpg', NULL, 'Có 4 Size cho bạn lựa chọn :  Size 39, size 40, size 41, size 42'),
(177, 43, 'ef95df75b922bbd703c63e12bde62c0d.jpg', NULL, ''),
(178, 43, '11ba16e8b2729dac04bb18396f4515c6.jpg', NULL, ''),
(179, 44, 'ad824e1f9b53b0e617a1c36c80150df0.jpg', NULL, 'Giày nam Vrada Phong cách với lối thiết kế dạng thể thao, giúp đôi chân bạn khỏe khoắn cho cả ngày dài nâng động.\r\n'),
(180, 44, '5f2b06a77c3f1ae529e57968430072dd.jpg', NULL, 'Giày nam Vrada đế cao su siêu bền, có độ bám dính, chống mài mòn cao, thông thoáng, hút ẩm tốt và rất êm chân.\r\n'),
(181, 44, '6f6dcc061464cdc58cccc6e0eea2e9e3.jpg', NULL, 'Với giày nam Vrada lối thiết kế tinh tế trẻ trung, màu sắc tươi trẻ thiết kế dạng dây buộc, dể dàng kết hợp với nhiều style tạo những phong cách mới lạ.\r\n'),
(182, 44, '8d5df0ebb7d73bef5d8b6ed9393b02e0.jpg', NULL, 'Có 4 Size cho bạn lựa chọn :  Size 39, size 40, size 41, size 42'),
(183, 44, 'cc7492f3cdbe0a7e68e39d4f76f08ee6.jpg', NULL, ''),
(184, 44, '9977544b869ceed4e77df5e22fa96b32.jpg', NULL, ''),
(185, 44, '465a63d549604978ad0df11a8e9f1ba7.jpg', NULL, ''),
(186, 45, 'ea454bb577725e1c89b9dedf0162e2e7.jpg', NULL, 'Chất liệu mềm mại, nhẹ nhàng, mang rất êm chân.\r\n\r\n\r\n\r\n'),
(187, 45, '4943fb29fdfe59abe1c4ec7633563ec6.jpg', NULL, 'Thiết kế chắc chắn, trẻ trung và năng động. '),
(188, 45, 'b66e8edd0bb525153a6bab6a6650864d.jpg', NULL, 'Đế cao su siêu bền, độ ma sát cao chống trơn trượt.'),
(189, 45, '2f41076a8a423374f44d826fa4c1e566.jpg', NULL, 'Kiểu giày thời trang phù hợp cho bạn đi học, đi chơi hay đi làm...'),
(190, 45, 'c772ec761b50fc2783222e16194b5c2b.jpg', NULL, 'Kiểu dáng sành điệu, tạo phong cách thời trang năng động, trẻ trung cho bạn trẻ.\r\n'),
(191, 45, '98bdceb704789f9a73521dccc09746b8.jpg', NULL, 'Kết hợp được nhiều style thời trang khác nhau.\r\nCó các size: 39 - 40 - 41 - 42 - 43.'),
(192, 46, '3a7e1c3aa5470d621a3366f0b6edeadf.jpg', NULL, 'Chất liệu mềm mại, nhẹ nhàng, mang rất êm chân.\r\n\r\n\r\n\r\n\r\n'),
(193, 46, 'ff7504f0ec44470007f3de4cf23ca16c.jpg', NULL, 'Thiết kế chắc chắn, trẻ trung và năng động. '),
(194, 46, '5359698fd27909286006ff0e5d5b2915.jpg', NULL, 'Đế cao su siêu bền, độ ma sát cao chống trơn trượt.'),
(195, 46, '3847667125767bb1588cfff4eb72b841.jpg', NULL, 'Kiểu giày thời trang phù hợp cho bạn đi học, đi chơi hay đi làm...'),
(196, 46, '6e2875dbf2e83851b8bd334d043a2c85.jpg', NULL, 'Kiểu dáng sành điệu, tạo phong cách thời trang năng động, trẻ trung cho bạn trẻ.'),
(197, 46, 'b2afe399448c4e4e282cacab67af7449.jpg', NULL, 'Kết hợp được nhiều style thời trang khác nhau.'),
(198, 46, 'be9d95d6e6c50c368e5139519e53622a.jpg', NULL, 'Có các size: 39 - 40 - 41 - 42 - 43.'),
(199, 46, '73a19071d127af1c6c89b42c1c1f5415.jpg', NULL, ''),
(200, 47, '1bae7bb2fa195bb246bfc0a5e3e9c48c.jpg', NULL, ' Kiểu dáng thời trang, trẻ trung và năng động.\r\n\r\n \r\n'),
(201, 47, '9f5922ab3ec80045c3a574619c21ce0b.jpg', NULL, ' Vừa thanh lịch, thời trang, vừa mang một phong cách riêng khá cá tính.'),
(202, 47, '2e12e02b684aa0689f1d6fb71c7f9a6b.jpg', NULL, ' Đế giày được làm bằng cao su tổng hợp nên độ ma sát cao cho bạn cảm giác an toàn.\r\n'),
(203, 47, '4901c568a8f7cb328357d11548bc15eb.jpg', NULL, 'Nổi bật với trong lượng nhẹ nhàng, phục vụ hoàn hảo cho từng di chuyển của bạn.'),
(204, 47, 'd1d571b002b109bfffd5a179ed07b266.jpg', NULL, 'Có các size: 39 -40 -41 -42 -43'),
(205, 47, 'b205e5fce2e23f27f769355141b0745d.jpg', NULL, ''),
(206, 47, 'f31ca838a6b9b0a0879d3427c6ec2a16.jpg', NULL, ''),
(207, 48, '725ab1ab6684e138d30deb2f9ef7cf74.jpg', NULL, 'Kiểu dáng thanh lịch nhưng không kém phần \r\n\r\n'),
(208, 48, '7bcb0f500f68fe55cf1f3ffab1899318.jpg', NULL, 'Sản phẩm thời trang tạo nét trẻ trung, sang trọng và sành điệu cho phái mạnh.'),
(209, 48, 'afd9ded8456c51bf3dbb29d8a51bf988.jpg', NULL, 'Chất liệu bền đẹp, sang trọng và không bao giờ lỗi mốt. \r\n'),
(210, 48, '86c6c271dd1d75edc9bac09a1a04f27f.jpg', NULL, 'Màu sắc thời trang dễ phối hợp với trang phục cho bạn tự tin sáng tạo phong cách nam tính.\r\n'),
(211, 48, '2a2586192673463d3e1d3e65b7f2cdff.jpg', NULL, 'Với chất liệu vải cao cấp, rất bền khi sử dụng lâu dài.\r\n'),
(212, 48, '21a3a07939e707b1dbe8926913550bf3.jpg', NULL, 'Vô cùng phù hợp cho các bạn đi học, vui chơi, tha hồ dạo phố và du ngoạn.\r\n'),
(213, 48, 'dcb8ab1d34c52d5410f18c148964c581.jpg', NULL, 'Có size: 39 -40 -41 -42 -43 cho bạn chọn.trẻ trung và năng động cho phái mạnh.'),
(214, 48, '24d11d35a5831fa0b0a64acc2da06d16.jpg', NULL, ''),
(215, 49, '32a66d7dcb8225b8895ecf235bbf8551.jpg', NULL, 'Thiêt kế hợp mốt, thời trang, mẫu mã đẹp, đường may   chắc chắn.\r\n \r\n\r\n'),
(216, 49, '19cb548c90a03e7ae67fcb1f05447615.jpg', NULL, 'Với chất liệu vải kaki cao cấp, bền đẹp, mẫu mã tươi trẻ.'),
(217, 49, 'e42fd635c1992ed7eae25c11c6c51790.jpg', NULL, 'Thích hợp cho các chyến picnic, du lịch cùng bạn bè người thân.\r\n'),
(218, 49, '502bb3b808222a9b5400e3937673157d.jpg', NULL, ''),
(219, 49, '2517ed57feb8e8a4d9b22bc9143554ef.jpg', NULL, ''),
(220, 49, '2e6c8edd487c79064793850f739099e9.jpg', NULL, 'Đế làm bằng cao su cao cấp, tạo sự thông thoáng, êm ái suốt ngày dài.'),
(221, 49, '1c51c30f2690fa7ac8e2408c0f9972b1.jpg', NULL, 'Có nhiều Size cho bạn lựa chọn: 39 -40 -41 -42 -43.'),
(222, 50, 'ada7ed7e6ebf710c97253e1a2b293add.jpg', NULL, 'Kiểu dáng thanh lịch nhưng không kém phần trẻ trung và năng động cho phái mạnh.\r\n\r\n\r\n'),
(223, 50, '7c9faa7639e762271c672d71d3fe27fe.jpg', NULL, 'Sản phẩm thời trang tạo nét trẻ trung, sang trọng và sành điệu cho phái mạnh.'),
(224, 50, '3a5ecc5dae530f2657682db2baf8c771.jpg', NULL, 'Chất liệu bền đẹp, sang trọng và không bao giờ lỗi mốt. '),
(225, 50, 'a5452865ee7b71abd259120fc762aae5.jpg', NULL, 'Màu sắc thời trang dễ phối hợp với trang phục cho bạn tự tin sáng tạo phong cách nam tính.'),
(226, 50, '9db767239afa2c929f2db94dc78b2a84.jpg', NULL, 'Vô cùng phù hợp cho các bạn đi học, vui chơi, tha hồ dạo phố và du ngoạn.'),
(227, 50, '5119f4ac425c84c94c186756e3d817ba.jpg', NULL, 'Với chất liệu vải cao cấp, rất bền khi sử dụng lâu dài.\r\n'),
(228, 50, 'b0346525079eaeab5f6b731d84d28b41.jpg', NULL, 'Có size: 39 -40 -41 -42 -43 cho bạn chọn.'),
(229, 51, '2823407fa246f5fd1a7eb4e3418c6767.jpg', NULL, 'Kiểu dáng trẻ trung, hiện đại. \r\n\r\n'),
(230, 51, 'fd0d24515add213a821bdc5229a58f28.jpg', NULL, 'Dễ mang, dễ di chuyển, vận động, lý tưởng cho những chuyến picnic, du lịch…\r\n'),
(231, 51, 'cd9f967708fb6d43e02f7661e9de2f3c.jpg', NULL, 'Cảm giác thoải mái, dễ chịu, nâng niu bàn chân xinh trên mọi nẻo đường.\r\n'),
(232, 51, 'f69c6ae05573517da2b459adf2939f05.jpg', NULL, 'Thiết kế ôm chân, tạo cảm giác vừa vặn và thoải mái cho người mang. '),
(233, 51, '19e6a7cca081b9e2ef2dd8fafa073750.jpg', NULL, 'Sự tỉ mỉ trong từng đường chỉ nhỏ đều đem đến cho bạn một vẻ sang trọng đến không ngờ.\r\n'),
(234, 51, '4c62669f961f55c2b25266e1737c0e60.jpg', NULL, 'Chất liệu giày cao cấp, mềm mại tạo cảm giác thoải mái, nhẹ nhàng khi di chuyển.'),
(235, 51, '97c16a9a6dddc671e6a9509858f3c1f0.jpg', NULL, 'Đế bằng cao su, độ ma sát tốt.\r\nCó các size: 39 -40 -41 -42 -43.'),
(236, 52, '307c83fb7dd723128c6fc64e8a12b87d.jpg', NULL, 'Áo sơ mi sát cánh là trang phục thời trang cho những cô gái hiện đại, kiểu dáng thời trang, màu sắc tươi trẻ.\r\n'),
(237, 52, 'deb4a9e0b49471b94a238dbc72e921fa.jpg', NULL, 'Dể dàng kết với quần jeans, tây, đầm, xuông phố hay công sở điều xinh xắn.'),
(238, 52, 'e2cdcc82b52ec0adcce00bbc53adf8ff.jpg', NULL, 'Kich thước: Dài 89cm, ngực 86cm, eo 84cm.'),
(239, 52, '0db58567536856315f852fd94fb23bfb.jpg', NULL, 'Chất liệu mềm mại, thông thoáng cho người mặc, tạo cảm giác thoải mái.\r\n'),
(240, 52, 'ac36f474227586ab9af43b36e5a9d02f.jpg', NULL, 'Form áo thanh lịch, nổi bậc với gam màu sành điệu, mang đến cho bạn gái vẻ ngoài thật sự cuốn hút và nổi bậc.\r\n\r\n'),
(241, 52, 'a45a6622ab96535c8b72f843dbc9f6b4.jpg', NULL, 'Freesize thích hợp với bạn nữ từ 55kg trở xuống.'),
(242, 53, 'c5c873e808b7ae34d0551beaa4fc395a.jpg', NULL, 'Với thiết kế thời trang, kiểu dáng trẻ trung, cho bạn gái thêm nữ tính và duyên dáng khi xuống phố.\r\n\r\n\r\n\r\n '),
(243, 53, '6ddf2a35140a4f0f475fee93f88231e5.jpg', NULL, 'Form áo vừa người, chất liệu thông thoáng tạo cảm giác thoải mái khi mặc.'),
(244, 53, 'a45a01840ccf723b26ef8f7b326c81d0.jpg', NULL, 'Đường may chắc chắn, tay áo lỡ, thân áo được cách điệu với nút áo chạy dọc ngực áo, nền kem được phối viền xanh tạo thêm điểm nhấn.'),
(245, 53, 'f7fde518dcac26ae2a3cb08b012e4091.jpg', NULL, ''),
(246, 53, '62a1d25d750dee604f31c3994b2eea61.jpg', NULL, 'Kích thước: thân dài 96cm, ngực 88cm, eo 65cm.'),
(247, 53, '76891b9aac47df13618656827be2c7f0.jpg', NULL, 'Freesize thích hợp với bạn nữ từ 55kg trở xuống.'),
(248, 54, 'be3888955e18889d692f7280a09a962a.jpg', NULL, 'Áo sơ mi kiểu dáng thời trang mang đến cho bạn phong cách thanh lịch, sang trọng và thu hút hơn.\r\n\r\n\r\n'),
(249, 54, '77924b363a8f05bbba778f2870e88e3b.jpg', NULL, ''),
(250, 54, 'cd237259abe4cb9a313ed59e0fb33437.jpg', NULL, 'Thiết kế đơn giản cho bạn vẻ đẹp tinh khôi, nhã nhặn, lịch sự.'),
(251, 54, '2005668aaa9eb2219806158869d322aa.jpg', NULL, 'Phù hợp với cô nàng công sở, đi chơi, dạo phố, những cuộc hẹn quan trọng.\r\n'),
(252, 54, 'd2f27383a0bdac4e7cbc2d89733071ef.jpg', NULL, 'Bạn sẽ thêm sành điệu khi kết hợp với túi xách, lắc tay, giày cao gót...\r\n'),
(253, 54, '6bdb1e20a580eb49182f5ccfbe54e0ff.jpg', NULL, '  Kích thước: dài áo 60cm dài tay 52cm ngực 88cm eo 84cm'),
(254, 54, '6a98329f3486437b95f9b800d6e94af4.jpg', NULL, ''),
(255, 54, '2e371a756d75123659bdcf1ee50a2ba1.jpg', NULL, 'Freesize thích hợp với cô nàng 52kg trở xuống.'),
(256, 55, '65337c4e63fc08357f85020aaaf88d8b.jpg', NULL, 'Áo sơ mi thiết kế tay lỡ, phối ren tôn lên vẻ thanh lịch, nữ tính của bạn gái.\r\n\r\n\r\n'),
(257, 55, '653001ad1cc52ad216933ca701802aa2.jpg', NULL, 'Màu hồng nhã nhặn cho bạn mix cùng các kiểu chân váy, quần tây, kaki... đến công sở.'),
(258, 55, 'f881e025b00797f38626d1270cd5d8bb.jpg', NULL, ''),
(259, 55, '5d9ab270176e430feb28c411482bbe27.jpg', NULL, 'Áo được may từ chất liệu tơ gân mỏng, mịn, tạo dáng vẻ mềm mại, quyến rũ cùng cảm giác thoải mái, mát mẻ khi mặc.'),
(260, 55, '0b4dcf4a935286f28d3d8ad3c2747c98.jpg', NULL, ''),
(261, 55, '6495152a403488472beb421c39582820.jpg', NULL, ''),
(262, 55, '3732457f947eb61e8e1d06802bb4ffc5.jpg', NULL, ''),
(263, 55, '61c8e2cfaec6562a88f6af2596e01057.jpg', NULL, 'Freesize, kích thước: dài 62cm, ngực 90cm, eo 86cm.'),
(264, 56, 'c95687cb6486c92e90fc987058f07ce7.jpg', NULL, 'Thiết kế đầm xòe cổ tròn đơn giản mang lại vẻ đẹp vừa hiện đại và cổ điển cho bạn gái.\r\n\r\n'),
(265, 56, '069ff5551bd56f63af670e74ebbfac8e.jpg', NULL, 'Chân váy hoa xòe phồng nhẹ nhàng không kém phần thanh lịch, sang trọng.\r\n'),
(266, 56, '1235cba51a47ac541b647f50892c608d.jpg', NULL, 'Sản phẩm đảm bảo chất lượng, vải chọn lọc, đường may chắn chắn. \r\n'),
(267, 56, '79efcd47d30c82092d6f893fb7eff1ea.jpg', NULL, 'Đầm ren chân váy xòe hoa cho cô nàng tiểu thư điệu đà.\r\nRen hoa đơn giản mà tinh tế.\r\n'),
(268, 56, '2360fbb7050bbc4b62d86c5da053b0e7.jpg', NULL, 'Mix với túi xách, giày cao gót cho bộ trang phục thêm hoàn hảo. '),
(269, 56, 'eb7e45a08586983a22d33c057170d21d.jpg', NULL, ''),
(270, 56, 'f6d52d37ac5fcf880f2ef2cf7a44b091.jpg', NULL, 'Free size, thích hợp cho bạn nữ dưới 52kg.'),
(271, 57, 'cd755c546a689b77e9ef9a5e17b2b991.jpg', NULL, 'Kiểu dáng trẻ trung, sọc ngang thân áo thích hợp với những bạn gái có vóc dáng mảnh mai.\r\n\r\n\r\n'),
(272, 57, '8d34cf5b4001006d93420e0c51826589.jpg', NULL, 'Giúp bạn gái cải thiện đáng kể những hạn chế về cơ thể cho những cô bạn có thân hình hơi gầy.\r\n'),
(273, 57, '44727d40682864cba00f473d0d52c55f.jpg', NULL, 'Chất liệu thun cotton mềm mại và thoáng mát, thấm hút mồ hôi tốt.'),
(274, 57, '9e3c4ba451ec4caba738c3f9baa84156.jpg', NULL, 'Đường may tinh tế kết hợp với nhiều loại trang phục khác nhau.'),
(275, 57, 'c4f8791e2533842967ff9f68f5bd1159.jpg', NULL, ''),
(276, 57, 'ac5608a334ffa6be736e8e633a4b04fe.jpg', NULL, 'Thích hợp với các bạn gái dưới 52kg.'),
(277, 58, '3232617a185a0522c921a3f08fa8c13f.jpg', NULL, 'Case iPhone chống nước cho IP5 với các chức năng chính như: Chống nước, chống shock, chống bụi, chống tuyết. Thích hợp cho việc đi du lịch dã ngoại, VĐV thể thao. \r\nThiết kế: kiểu dáng mỏng nhất, nhẹ nhất, cảm ứng nhanh nhạy nhất và là thế hệ case bảo vệ có nhiều cải tiến trong mơ thành hiện thực cho người sử dụng.\r\n'),
(278, 58, '780d6098586042648a2bd1e1c997a5be.jpg', NULL, 'Case bảo vệ vẫn đem lại vẻ trơn bóng, mượt mà cho màn hình phù hợp với thiết kế mỏng nhẹ và thanh lịch của Iphone5.\r\n'),
(279, 58, '7c12e5ec3bc0e1a5d7f166b6fd18861f.jpg', NULL, 'Nguồn chất liệu cải tiến, ưu việt đảm bảo độ bền chắc và lâu dài.\r\n'),
(280, 58, 'ef1cf240d0acac36246d1266f31e28c6.jpg', NULL, 'Đóng gói bao gồm: 1 case, 1 giá đỡ, 1 dây đeo.\r\nXuất xứ: Nhật Bản'),
(281, 58, '0174669a9ad33d9aaf37dd7e50192481.jpg', NULL, 'Âm thanh: Cổng thu âm tăng cường, truyền tải âm thanh chân thực và sinh động, rõ ràng. Kênh kết nối âm thanh thông qua mặt trước của case bảo vệ tăng chất lượng tần số âm thanh.\r\n'),
(282, 59, 'daff632ee2d8628e37958252335835e7.jpg', NULL, 'Case nhập chính hãng 100%, được thiết kế bằng chất liệu poly-carbonate cao cấp, có tặng kèm miếng dán màn hình chuẩn cho Sony Xperia Z.\r\n\r\n'),
(283, 59, '86f4127f920d32f6c1a073c1e5ff3c49.jpg', NULL, 'Mẫu ốp lưng mỏng gọn, chất liệu bền bỉ và dẻo dai, giúp bạn hạn chế được những vết xước, giữ điện thoại bạn chắc chắn hơn, nhất là với 1 chiếc máy có vỏ khá trơn như Xperia Z.\r\n'),
(284, 59, 'da129e1e8cec152b4f44e7eff442cb09.jpg', NULL, 'Chất liệu làm bằng nhựa cao cấp, siêu mỏng, đàn hồi & bo thật đều thân máy, sản phẩm chính hãng từ Japan.'),
(285, 59, 'bdb30becae18bbfd69db3d0dc5340176.jpg', NULL, 'Xuất xứ: Nhật Bản.'),
(286, 60, '5a09350494d519a1946acfd959dff16e.jpg', NULL, 'Chuột không dây Buffalo Laser BSMBW05 được trang bị với một đài phát thanh 2.4GHz có thể hoạt động thoải mái đi lên đến 10m.\r\n\r\n'),
(287, 60, '5d3091c05a9e691296bb675c2a507c8e.jpg', NULL, ''),
(288, 60, '93e9403c1a00535ed9c18c3fb1e27544.jpg', NULL, ''),
(289, 60, '8d6e488ee159f4f5177ba3a110c9b5b5.jpg', NULL, 'Cũng trên tờ minh bạch và kính rất khó khăn, chúng tôi đã làm cho nó có thể đọc chính xác hành vi của con chuột trong một con chuột thông thường.'),
(290, 60, '6461dd9ccd38614f9ba737612cbd1df2.jpg', NULL, ''),
(291, 60, 'b905a5f302a399e85bc6283609301f95.jpg', NULL, ''),
(292, 60, '7b0179c8edb287ebc80620ea50715e26.jpg', NULL, ''),
(293, 60, '59da179892686455ddbb13b146437b8c.jpg', NULL, 'Ánh sáng phát ra một đèn LED màu xanh, có thể bởi vì bước sóng ngắn hơn ánh sáng màu xanh lá cây và đỏ, nó rất dễ dàng để đạt các phân tử trong không khí, phản xạ và tốc độ khuếch tán cao, chiếu sáng bất thường nhẹ và bụi. '),
(294, 60, '6b6feebab8fac90ff89932bf6cb47a1c.jpg', NULL, ''),
(295, 60, 'd568338372e516da963ccbfff1435274.jpg', NULL, 'Buffalo Laser BSMBW05 được trang bị chức năng phân bổ các chức năng của hơn 100 loại, hiệu quả công việc lên đáng kể.\r\n'),
(296, 60, 'ec135dfeaaefadbf08be9877d6365156.jpg', NULL, ''),
(297, 61, '03067979331ad98b8b577f9a6754860f.jpg', NULL, 'Sản phẩm chính hãng Buffalo nổi tiếng của Nhật Bản, còn cả tiếng Nhật trên sản phẩm.\r\n\r\n\r\n'),
(298, 61, '659d6e2d8e6232bcfc903e309fd05f29.jpg', NULL, 'Tầm hoạt động lên tới 10m vẫn còn siêu nhạy và chính xác.'),
(299, 61, '8128d22d4d47e015d823159c7b44da69.jpg', NULL, 'Cảm biến siên nhạy Blue Led Sensor Hyper BlueFocus đỉnh cao, mang lại trãi nghiệm tuyệt với cho các game thủ, coder, designer… mọi lúc mọi nơi.\r\nCông nghệ Blue Focus nổi tiếng cho phép sử dụng trên mọi bề mặt, kể cả mặt bàn kính, bề mặt gồ ghề lồi lõm, thậm chí trên cả đầu tóc..\r\n'),
(300, 61, '2ae89a767f14d5f39793d2b81ca0c3df.jpg', NULL, ' Là sản phẩm công nghệ chất lượng không nên thiếu cho những ai dùng máy tính, đặc biệt là Laptop. Tặng kèm PIN Nhật.'),
(301, 61, '31a3a3d2059a392949ea04a631bd8e21.jpg', NULL, 'Tích hợp chức năng Simpring tiết kiệm Pin lên đến 36%.'),
(302, 61, 'a0288092ad632c7924af8f425fdb55fa.jpg', NULL, ''),
(303, 62, '3548f54be2060e69a03990a7fd90cd64.jpg', NULL, 'Tai nghe Monster Beats ÊM TAI  thiết kế trẻ trung, sành điệu.\r\n\r\n\r\n\r\n\r\n'),
(304, 62, '29ea8ebe1fc854f27c2ba30dc3d92488.jpg', NULL, 'Tích hợp: Iphone, Ipad, PC, Laptop, MP3, MP4, netbook… '),
(305, 62, '371ea8770a7a6223167e1306c9c4cd48.jpg', NULL, 'Nổi bật rất thích hợp với các teen và các bạn trẻ năng động: sẽ giúp bạn khẳng định cá tính của mình.'),
(306, 62, '870f779aa7af065367dee04a5888efb8.jpg', NULL, 'Chụp ôm trọn tai chống ồn, không gây hại cho tai.\r\n '),
(307, 62, 'f64649322f90714b45b7beb352184107.jpg', NULL, ''),
(308, 62, '2be28563065fcaa16bd14139a9cbdbf1.jpg', NULL, 'Jack cắm 3.5mm, phù hợp với nhiều loại máy: PC, Laptop, điện thoại, MP3…'),
(309, 62, 'dea7fe383d961398b2cc2c9e2b42b228.jpg', NULL, 'Dây phone dài: 1,1m; jack cắm: 3,5mm.'),
(310, 62, '6664e6d3e603917d541f2fca19343826.jpg', NULL, 'Tai nghe Monster Beats cho âm thanh trung thực, để bạn thỏa sức thưởng thức âm nhạc theo phong cách riêng.'),
(311, 63, '73de60fa2364a93d078dac7b94406a7f.jpg', NULL, '- Thiết kế chụp đầu trẻ trung, sành điệu, phù hợp với các bạn trẻ năng động.\r\n\r\n'),
(312, 63, '1e5fd0306b1b33ef5d28e57b3c013dda.jpg', NULL, '- Tương thích với các loại PC, laptop, điện thoại, MP3, Iphone, Ipad… '),
(313, 63, 'f6fe6c01f09c4b96dc48a042afbfccdc.jpg', NULL, '- Jack chuẩn 3.5mm tiện dụng.'),
(314, 63, '723c6148fd797d4127459541b07bbd88.jpg', NULL, '- Âm thanh lớn, trung thực, sắc nét, bass ấm cho bạn thỏa sức thưởng thức âm nhạc theo cách riêng của mình.\r\n'),
(315, 63, '1cb587afb6df797622ab0e8c30c9b534.jpg', NULL, '- Êm tai, không gây nhức mỏi tai khi mang lâu, dây dài 1,2m.\r\n'),
(316, 63, '3d26810d8b92b8d01ce9f4e7623e69b3.jpg', NULL, ''),
(317, 63, '481bebb808a0f9bd539d2f4911e876d8.jpg', NULL, ''),
(318, 63, '2ff47efa8e18ad6e835ea88dbabf1f06.jpg', NULL, ''),
(319, 64, 'fd4a7e6de5c84fe5494b6cd6af42741a.jpg', NULL, 'Sản phẩm được may từ chất vải thun thoáng mát, bé tha hồ chơi đùa, vận động khi đi học, đi tiệc, dạo phố… mà không thấy gò bó, khó chịu.    '),
(320, 64, '48c2ae28fbeae1b941aeea0ef7240422.jpg', NULL, ''),
(321, 64, '7d0435d50e2db492bc27bf714215ea5a.jpg', NULL, '- Size nhỏ cho bé từ 1 - 2 tuổi: dài 48cm, ngang 20cm'),
(322, 64, 'f0d3353116b21bbb059ff95f8a8bb4a2.jpg', NULL, ' Size lớn cho bé từ 3 - 4 tuổi: dài 58cm, ngang 24cm'),
(323, 65, '628adfccca1306aba7d2d4d8556c23d5.jpg', NULL, 'Xuất xứ: Việt Nam. Thích hợp cho bé gái từ 4 - 6 tuổi.\r\n\r\n'),
(324, 65, 'f46386b1bb52475a460ce4500c3e9322.jpg', NULL, 'Có 04 màu: trắng, hồng, đen, vàng.'),
(325, 65, '63615610d9ef4a7efeb29f879ff0c20a.jpg', NULL, 'Thiết kế xinh xắn với . Bé thật năng động và đáng yêu khi đi chơi, mặc nhà...'),
(326, 65, '7833f652ed12ad2229447c149299ded5.jpg', NULL, 'Chất liệu: cotton, mềm mại, thoáng mát, thấm mồ hôi, không gây kích ứng cho da. \r\n'),
(327, 65, '38ec07255a4879390c3cc0f79bc58a3c.jpg', NULL, 'Có 01 size: 10.  Kích thước: quần dài 61cm, ngang lưng thun 23cm, ngang mông 31cm; áo dài 54cm, ngang ngực 36cm, ngang eo 35cm.\r\n'),
(328, 66, '96505eaf221178b8ab45df6e1f455587.jpg', NULL, 'Combo 01 quần jean + 01 áo sơ mi cho bé trai\r\n'),
(329, 66, '65c35b05851b555ba5847cc01c2a0714.jpg', NULL, 'Chất liệu: quần vải jean, áo vải kate, thoáng mát vào mùa hè, ấp áp vào mùa đông mang đến sự thoải mái cho bé. \r\nIn chữ sành điệu cùng với màu sắc dễ thương.'),
(330, 66, '31962dea04274533feaf45469be4d5c7.jpg', NULL, 'Có 4 set cho bạn chọn để phù hợp với độ tuổi của bé\r\n'),
(331, 66, 'daf74ff42785ce6c1f3ddf1c59b7aeb2.jpg', NULL, 'Bộ sản phẩm vừa mang lại nét tinh nghịch vừa thể hiện vẻ mạnh mẽ của các bé.'),
(332, 66, '54bee66a270da4513bb861c13f1bd6dc.jpg', NULL, ''),
(333, 66, '353a32c654995f296a177ee918477b5b.jpg', NULL, ''),
(334, 66, 'de61447191100e8b36a72b8bc21ace7f.jpg', NULL, 'Xuất xứ: Việt Nam\r\n'),
(335, 67, '71568f9f5027b787f5aefcbb459e67da.jpg', NULL, 'Xuất xứ: Việt Nam. Kích thước: 34 x 26cm.\r\n\r\n\r\n'),
(336, 67, 'b8deba1a35e208848c07612351a852c5.jpg', NULL, 'Sản phẩm có nhiều hoạ tiết hình thú xinh xắn, màu sắc tươi sáng, đáng yêu phù hợp cho cả bé trai lẫn bé gái.'),
(337, 67, '84a703198c5e4b2ce5cf5705358d22ee.jpg', NULL, 'Đường may sắc sảo, quai chắc chắn. '),
(338, 67, 'aac4f65da16a81dc33885300927bcbb1.jpg', NULL, 'Balo bền, đẹp lại rất nhẹ nhàng. Rất thích hợp khi dùng mùa mưa.'),
(339, 67, 'b248ff1594495bae7333207a8d4cd39f.jpg', NULL, ''),
(340, 67, 'bdb6610f6529c84f9b19c276e5ea3be5.jpg', NULL, 'Chất liệu: nhựa dẻo. Màu sắc: hồng, cam, xanh dương, xanh lá.'),
(341, 67, 'ce36aec2ff2be325e536ba679002f571.jpg', NULL, 'Ngoài ra còn có đèn nhấp nháy thật nghộ nghĩnh '),
(342, 68, '74448521c49613501777244753ac2f9b.jpg', NULL, 'Xuất xứ: Việt Nam\r\nChất liệu: gỗ cao cấp an toàn cho bé.\r\nKích thước Rộng 30cm -  dài 40 cm - cao 40 cm.\r\n\r\n'),
(343, 68, '73d5f0b76d715e4a574b587df03212bb.jpg', NULL, 'Giúp bé nhanh biết đi, tập đi một cách chủ động và rèn luyện các kỹ năng vận động.'),
(344, 68, '9ff867c643f52777d111af512356e107.jpg', NULL, 'Xe tập đi cho bé bằng gỗ được thiết kế an toàn với hai bánh trước và hai bánh sau nên rất vững chắc, giúp trẻ không bị ngã về phía sau khi di chuyển.'),
(345, 68, '47c75210dae4b9932a2956bdec7580f5.jpg', NULL, 'Màu sắc: chỉ có 1 màu như hình.'),
(346, 68, '55d4ce9bf45f7b742354f18026e248db.jpg', NULL, ''),
(347, 68, '084905fb27f4213eb91ef6d11aa712ed.jpg', NULL, 'Xe tập đi dành cho các bé từ 8 tháng. \r\n'),
(348, 69, 'd0ecf0c678b5517699905bb756adeaa5.jpg', NULL, 'Kích thước: Drap: 1m6 x 2m x 20cm, 2 Vỏ gối nằm: 47cm x 63 cm , Vỏ gối ôm: 35cm x 92cm\r\n'),
(349, 69, 'd044c854f9460fea9d0a7a3490817d5c.jpg', NULL, 'Xuất xứ: Việt Nam. \r\nChất liệu: kate Thái Lan \r\n'),
(350, 69, '39519ebddfc81f73a1d7dd8d9f52ed2d.jpg', NULL, 'Màu sắc và hoa văn phong phú. Vải lâu phai màu, dễ giặt ủi.'),
(351, 69, '180e793f662f8ea3902412697007d98b.jpg', NULL, ''),
(352, 69, '9dec3f243bd3e4e9745f02152cef8577.jpg', NULL, ''),
(353, 69, 'e1e4601fefdc1ed9a0da3fb56dc812af.jpg', NULL, 'Được sản xuất trên dầy chuyền hiện đại, có khả năng thấm hút mồ hôi tốt, thông thoáng. Sản phẩm làm từ vải không độc hại, không bụi vải, an toàn cho sức khỏe người dùng.'),
(354, 70, '622f06d6ba4ce9843d54ed75de0741f2.jpg', NULL, 'Xuất xứ: Trung Quốc. \r\nChất liệu: nhựa\r\nNguồn điện: 220V\r\n'),
(355, 70, '8b41bf40eb980238da90ef65fc4c2ecc.jpg', NULL, 'Thiết kế năng động, tiện dụng, tiết kiệm năng lượng, sử dụng đơn giản.'),
(356, 70, '29bf3dab83481bfb9ce41abb8f3d1149.jpg', NULL, 'Kích thước: 12 x 4 cm. Sản phẩm chỉ có 1 màu Đen viền đỏ.'),
(357, 70, '3fe4cded6fd7f11fbde433169e77e124.jpg', NULL, 'Ánh sáng mạnh, rất hữu ích mỗi khi cúp điện, đi du lịch hay về khuya nơi vắng vẻ.\r\n'),
(358, 70, 'f265091f53dbabe0df5ccecbebaffa16.jpg', NULL, 'Bảo hành 1 đổi 1 trong 7 ngày tại VP Muachung (nếu do lỗi kĩ thuật)\r\n'),
(359, 70, '36db1db8e8b83ae6333349faa28d8a2a.jpg', NULL, ''),
(360, 71, '4b338a93f54469f373857837045161a8.jpg', NULL, 'Sản phẩm dao đa năng được thiết kế bằng chất liệu hợp kim không rỉ, sắc bén, đảm bảo vệ sinh và an toàn sức khỏe.\r\n'),
(361, 71, 'b2d77fa11f83f3202bd36d138891ad97.jpg', NULL, 'Sản phẩm thiết kế thông minh khi dùng có thể kéo ra hoặc gấp lại khi không dùng, cực kỳ an toàn và tiện dụng trong cuộc sống hàng ngày, những chuyến đi chơi xa, du lịch hay picnic.'),
(362, 71, '85f12d088a7777cd8f24060be4357f78.jpg', NULL, 'Chỉ với 01 sản phẩm có thể thực hiện 11 chức năng của các dụng cụ thông dụng khác: dao, tua vít, kéo, dao cắt bánh mì, đồ khui bia, mở rượu vang, dũa móng…\r\n'),
(363, 71, 'ef96262235e4baf758c91f2f164477e0.jpg', NULL, ''),
(364, 72, '2e13f8defe4b9d7f10b9b47493d9079a.jpg', NULL, 'Bộ dụng cụ bao gồm:\r\n- 01 adapter và 01 dây sạc 10 đầu.\r\n- Màu sắc: Đen.\r\n- Kích thước dây: 20cm. '),
(365, 72, '36537d82b36595e5f9733f97638dfe4d.jpg', NULL, 'Xuất xứ: Trung Quốc.'),
(366, 72, '89310b42a90a873c6105658033a3944e.jpg', NULL, ' Đầu sạc đa năng tương thích với 10 dòng máy: Nokia đầu to, Nokia đầu nhỏ, iPhone – iPad – iPod, Q-Mobile, Samsung: i800, D800, LG, Sony Ericsson K750, HTC, BlackBerry, Maxfone.'),
(367, 72, 'a92b7e1bd772e709fc5dabbab68dc644.jpg', NULL, ''),
(368, 73, '7e841199ce3537e8e836720a2be73472.jpg', NULL, '-  Sản phẩm gồm 26 bóng đèn LED\r\n-  Chất liệu: Nhựa.\r\n-  02 chế độ sáng.\r\n'),
(369, 73, '529fdac3b76248daaf9b5dd2a26769d0.jpg', NULL, '-  Kích thước: khi gấp gọn 13cm x 07cm x 06cm.'),
(370, 73, '2d4fd33e2ddb5c126fdee0bcdf7a1c69.jpg', NULL, '-  Xuất xứ: Trung Quốc.\r\n-  Bảo hành 06 tháng. '),
(371, 73, '96243fa375fe40b85dcd52f272539c8a.jpg', NULL, '-  Màu sắc: xanh , đen\r\n'),
(372, 73, '8b03244c088a7f1b2394c4b15d69b514.jpg', NULL, ''),
(373, 73, 'b9cfa930dee88dab332563b74affc038.jpg', NULL, ''),
(374, 74, '4cf0b08ad8d3f3c89cfdadc8e836a025.jpg', NULL, 'Xuất xứ: Việt Nam. Chất liệu: Vải nhung\r\nKích thước: 30 x 30 x 6cm. Màu sắc: Vàng + xanh. Trọng lượng: 324gr.\r\n\r\n'),
(375, 74, '234066d6fd00fccc1bdc5b48a21cd7c8.jpg', NULL, 'Balo gồm 2 ngăn rộng rãi cho giúp mẹ đựng đồ thoải mái cho bé đem theo. Đây sẽ là món quà ý nghĩa dành cho các bé khi đến trường hay ra phố.'),
(376, 74, '839ddd327eb00f40f3991759d8e8c370.jpg', NULL, 'Balo Minion 3D – nhân vật hoạt hình được các bé đặc biệt yêu thích, Chất liệu vải êm mịn không hề gây vêt hằn trên vai bé'),
(377, 74, 'a53b5dc94f3cc8c413b98807cdff19b9.jpg', NULL, ''),
(378, 74, 'd5853a70faee9e3c486947b70cf8bcd8.jpg', NULL, ''),
(379, 75, 'c31883ae44e2a156f54f9d0cbf1112c6.jpg', NULL, 'Chất liệu vải mịn, mềm, không gây độc hại cho bé, giúp bé cảm thấy thoải mái khi nằm chơi. Có các loại đồ chơi lục treo lên khung.\r\nThảm có các món đồ chơi hay và lạ, màu sắc tươi tắn, thiết kế đẹp mắt.\r\n\r\n'),
(380, 75, '3e46a40fe15c9c5ed477054f36f44202.jpg', NULL, 'Thảm nằm chơi thích hợp dành cho bé sơ sinh từ 0 - 12 tháng.'),
(381, 75, '3ffb5d8283439e6de7b52483d710583b.jpg', NULL, 'Bên dưới thảm có chỗ để gắn thêm đồ chơi cho bé trong giai đoạn tập lật, thảm có 6 vòng funlink để treo các món đồ chơi trên thành.'),
(382, 76, 'e58ab2175f7fe1679e51f348227e919f.jpg', NULL, '+ 32 bút sáp, 05 bút chì màu, 10 bút màu nước, 12 phấn màu nước\r\n\r\n\r\n'),
(383, 76, 'c9c2bb5462993b18839adb0d8d16735f.jpg', NULL, 'Bút chì tạo màu sắc nét, không bị gãy khi đè mạnh. Hộp bằng gỗ đẹp mắt, sang trọng, tiện dụng, giúp bảo quản sản phẩm tốt và thuận tiện khi di chuyển.'),
(384, 76, '13856985b66f32a12530adc4f572fcbf.jpg', NULL, 'Sản phẩm dành cho trẻ em, không độc hại, nên thân thiện với người sử dụng, với môi trường.'),
(385, 76, 'f8e7a10816df22152b5c397005080749.jpg', NULL, ''),
(386, 76, '4a23dfcac76448e0d7736e122c6e3f59.jpg', NULL, ''),
(387, 76, 'b07679dce6fc3253d18218317f737d85.jpg', NULL, '+ Các dụng cụ đi kèm: 01 viết chì, 01 tẩy, 01 gọt bút chì, 01 bảng hướng dẫn pha màu, 01 cọ vẽ, 05 tờ hình mẫu và 5 kẹp giấy.'),
(388, 76, '39c3656bb0c1804b46d6acad96792339.jpg', NULL, ''),
(389, 77, 'e58ab2175f7fe1679e51f348227e919f.jpg', NULL, '+ 32 bút sáp, 05 bút chì màu, 10 bút màu nước, 12 phấn màu nước\r\n\r\n\r\n'),
(390, 77, 'c9c2bb5462993b18839adb0d8d16735f.jpg', NULL, 'Bút chì tạo màu sắc nét, không bị gãy khi đè mạnh. Hộp bằng gỗ đẹp mắt, sang trọng, tiện dụng, giúp bảo quản sản phẩm tốt và thuận tiện khi di chuyển.'),
(391, 77, '13856985b66f32a12530adc4f572fcbf.jpg', NULL, 'Sản phẩm dành cho trẻ em, không độc hại, nên thân thiện với người sử dụng, với môi trường.'),
(392, 77, 'f8e7a10816df22152b5c397005080749.jpg', NULL, ''),
(393, 77, '4a23dfcac76448e0d7736e122c6e3f59.jpg', NULL, ''),
(394, 77, 'b07679dce6fc3253d18218317f737d85.jpg', NULL, '+ Các dụng cụ đi kèm: 01 viết chì, 01 tẩy, 01 gọt bút chì, 01 bảng hướng dẫn pha màu, 01 cọ vẽ, 05 tờ hình mẫu và 5 kẹp giấy.'),
(395, 77, '39c3656bb0c1804b46d6acad96792339.jpg', NULL, '');
INSERT INTO `product_image` (`id`, `product_id`, `image`, `image_small`, `image_info`) VALUES
(396, 78, '0840bd001f97eee68720684592220139.jpg', NULL, 'Gồm: 1 túi to (chiều dài 36cm, chiều cao 32cm, bề rộng 10cm), 1 túi nhỏ (chiều dài 23cm, chiều cao 20, bề rộng 10cm), 1 túi giữ nhiệt bình sữa (chiều dài 20cm, chiều cao 8cm, bề rộng 6cm), 1 thảm trải nhỏ (chiều dài 44cm, chiều rộng 25cm).\r\n\r\n'),
(397, 78, 'c4072d0194b41af7e3d94130f314b9b6.jpg', NULL, ''),
(398, 78, '9a77063c5d528a89952c0affb5685df8.jpg', NULL, ''),
(399, 78, 'b9f979b3066609a0f407d0e82ec2daeb.jpg', NULL, ''),
(400, 78, 'bccea8493098dd668a5ff0843df4b3b0.jpg', NULL, 'Tiện lợi khi cho mẹ và bé ra ngoài.\r\nCó đủ không gian để đựng đồ đạc và sữa cho bé khi mẹ và bé đi ra ngoài.'),
(401, 78, 'eee2d59c87e9547a1bdd3d75f4dce502.jpg', NULL, 'Sản phẩm được làm từ chất liệu kaki cao cấp bền, đẹp nhiều màu sắc thời trang với kiểu dáng sinh động, đẹp mắt.\r\nTúi có nhiều màu sắc khác nhau: Màu hồng, xanh da trời, màu xanh tím than.'),
(402, 78, '67053ee71dee80c045cc4daf5cd4e155.jpg', NULL, ''),
(403, 79, 'b6f9246c9e4b3a63bec7b262c6c5b364.jpg', NULL, 'Tốc độ gió cao, động cơ chạy rất êm không gây ồn trong quá trình sấy.\r\nTay cầm chắc chắn.\r\n\r\n'),
(404, 79, '97eadde60c7f1f665a00815700286b4d.jpg', NULL, ' Toàn bộ thân được làm từ nhựa PP cao cấp rất dễ lau chùi, không bám bẩn với tính năng cách điện, \r\ncách nhiệt cực kỳ hiệu quả.'),
(405, 79, '2e2f3788e7919a715da6a1ff426c233b.jpg', NULL, 'Máy có hai mức độ điều chỉnh để sấy tóc: Sấy nóng (dễ tạo kiểu) – sấy mát (hong tóc mau khô)'),
(406, 79, '763168216090db51a70c3245af7ffc20.jpg', NULL, ''),
(407, 79, '8f9e896638c4deca71ea7be6e77fb7ac.jpg', NULL, ''),
(408, 79, '8fe7cfcc44be390405c7d54a7df19803.jpg', NULL, ''),
(409, 80, 'e2d2a75df915ed0a4ab2929ccc5b90f4.jpg', NULL, 'Bạn có thể tự kẹp ở nhà, rất dễ sử dụng .\r\nThích hợp với mọi loại tóc.\r\nLớp tiếp xúc được sơn tĩnh điện không bong tróc,\r\nSử dụng lâu dài mà vẫn yên tâm về hiệu quả\r\n\r\n\r\n'),
(410, 80, '7b575f3ae0fb7707ba02c5b5b0e8160e.jpg', NULL, 'Sản phẩm được thiết kế tinh tế, chất liệu tốt.\r\n'),
(411, 80, '36bf63387a59c45b3d6fee2890f7c4aa.jpg', NULL, 'Phần kẹp tóc được làm bẳng chất liệu không gây hại cho tóc khi thực hiện thao tác làm thẳng tóc.'),
(412, 80, '926437d271e6d0ef7db7929e9c1e92c2.jpg', NULL, ' Không dùng nhiệt độ cao, không gây khô xơ tóc, hỏng tóc.'),
(413, 80, 'd409cdc6b240f63bf060951b78b09999.jpg', NULL, 'Với sự khéo léo của mình, bạn cũng có thể dùng dụng cụ này để tạo những sóng tóc thật tự nhiên, quyến rũ.'),
(414, 81, '1ce3f218707de94dd74a8d0dc2400746.jpg', NULL, 'Tinh dầu khuếch tán cho hương thơm tự nhiên lan tỏa mà không cần dùng điện hay nến.\r\n\r\n'),
(415, 81, '33b9b6c0fb7f6f34e43113c6ba36da8b.jpg', NULL, 'Sản phẩm có thể dùng tại văn phòng, nhà riêng hoặc làm quà tặng ý nghĩa cho bạn bè và người thân.'),
(416, 81, '66720e5736d9fc045457a5820ae0274d.jpg', NULL, 'Có đến 4 hương thơm tinh dầu khác nhau cho bạn lựa chọn: vanilla, rose, lavender, ocean.'),
(417, 81, '8abd52e85a5b26c6fe3df70b1f035eab.jpg', NULL, 'Mang đến không gian sống ngập tràn mùi hương, thư giãn, giảm căng thẳng, sau những giờ làm việc mệt mỏi.\r\n'),
(418, 81, '9fb2bc424b7d5cc1ec744e4db7dffdbb.jpg', NULL, ''),
(419, 82, '6fbc66bb6f77dcfe42e9ebb4281cb4f0.jpg', NULL, 'Kích thước nệm: 1m6 x 2m, cao 10cm\r\nXuất xứ: Việt Nam, công nghệ Hàn Quốc\r\n\r\n'),
(420, 82, '37d7a4aef12184b1b4a2c27c8df6f469.jpg', NULL, 'Màu sắc và hoa văn đa dạng. Chất liệu bông PE được tẩy trùng tuyệt đối, an toàn cho người sử dụng, không gây dị ứng.'),
(421, 82, 'ba113c5f2ee87821a5712a3fa7672575.jpg', NULL, 'Bề mặt nệm chắc chắn, không bị xẹp lún. Ruột nệm có thể giặt được. Kết cấu nệm gồm 3 tấm linh hoạt, có thể gấp lại, tiết kiệm không gian cho gia đình bạn.'),
(422, 82, '86ebb4718a34f0d0eaea7ad9d9a42898.jpg', NULL, '​Sản phẩm được ép cách nhiệt nên độ bền rất cao. Nệm có độ cứng phù hợp, tạo cảm giác êm ái nhưng vẫn có tác dụng nâng đỡ cột sống.\r\n​'),
(423, 82, '5aa394dd5710be1bb88ebc33706ea274.jpg', NULL, ''),
(424, 82, 'ecc725a0775e2d980874c7646b33a05a.jpg', NULL, ''),
(425, 83, '4915a48eb407658de5046ed0c691a4a5.jpg', NULL, 'Kích thước: 28 x 18 x 10cm. Chất liệu: nhựa trong. Nhiều màu sắc: xanh, hồng, cam, vàng...\r\n\r\n'),
(426, 83, '0f65dd830a23e89d7d0eb3f042468cd7.jpg', NULL, 'Với hộp đựng giày trong suốt, bạn có thể sử dụng làm hộp đựng phân loại đồ chơi cho các bé hoặc những vật dụng nhỏ, đồ trang điểm của bạn…'),
(427, 83, 'd343e3a04a7c7863d3cd35afa0bfc4fb.jpg', NULL, 'Thiết kế phù hợp, thời trang để đựng được nhiều loại giày khác nhau. Thích hợp cho cả nam và nữ sử dụng.'),
(428, 83, 'f871348a79e51d91883ccc0c978773bf.jpg', NULL, ''),
(429, 83, 'bdd238e5c20a14d1e5394ca3261e0c8a.jpg', NULL, 'Combo 05 hộp nhựa đựng giày trong suốt tiện dụng, giúp bạn cất giày dép gọn gàng, ngăn nắp và khoa học.\r\n\r\n'),
(430, 83, 'acdd2ff83879f13d1e13e45faf33a3cc.jpg', NULL, 'Bảo quản giày trong điều kiện tốt, giữ sạch sẽ và không bị bám bụi.'),
(431, 84, '1d8eeea0b5adefbe6ede513e95341421.jpg', NULL, 'Ổ khóa 10 số an toàn, tiện dụng\r\n'),
(432, 84, 'c38eac5322b59c72723cb3a2dc049445.jpg', NULL, 'Sản phẩm được sản xuất theo công nghệ tiên tiến, mẫu mã thiết kế đẹp mắt, nhỏ gọn.\r\n'),
(433, 84, '581cd79030811aa4289ad97980910897.jpg', NULL, 'Trọng lượng nhẹ, tiện dụng khi mang theo. Có thể dùng để khóa xe máy, xe đạp, khóa cửa...'),
(434, 84, 'c5032fb8afa8c0add7fd4c9a5a77ecfd.jpg', NULL, 'Mã số khóa gồm 5 chữ số, dễ bấm, dễ nhớ.\r\n'),
(435, 84, '99684bd4de5aa34a51d03c7f798f4f5b.jpg', NULL, 'Xuất xứ: Trung Quốc. Chất liệu: Hợp kim. Kích thước: 3.5 x 7cm. Màu sắc: bạc\r\n'),
(436, 84, '2ba9fb357404f3698e83676659a03253.jpg', NULL, ''),
(437, 85, 'fd0605926947dcb7bf3dd7b321cf605b.jpg', NULL, '\r\nXuất xứ: Trung Quốc\r\nKích thước: cao 18cm, ngang 14cm, đường kính 6cm. Màu sắc: trắng.\r\n\r\n'),
(438, 85, 'c3ce09a62cc668bd03e1d3cb8758936e.jpg', NULL, 'Đây là một dụng cụ không thể thiếu giúp cho các gia đình có thể thưởng thức các món bún,mì thơm ngon và bổ dưỡng.'),
(439, 85, '254f5b1257be5b0ae3469f38e0665a66.jpg', NULL, 'Bạn có thể tạo thành những sợi bún, mì đều tăm tắp với phần khuôn cố định sẵn.\r\n'),
(440, 85, '59bcb35f0f90596d140b966e2ea45e24.jpg', NULL, 'Sản phẩm có 2 đầu để làm sợi bún và mì.'),
(441, 85, '8bc2ae57a79c21b0d0541e9a63bdb6d8.jpg', NULL, 'Dụng cụ làm bún tươi, mì được làm từ chất liệu inox cao cấp ít bám dầu mỡ, dễ rửa, không bị mốc, không độc hại.'),
(442, 85, 'ea27b0b7b1ff796b973b9e8605b000de.jpg', NULL, ''),
(443, 86, '7f9d127849c4ae59f783e60665ea006c.jpg', NULL, 'Vỉ nướng cá: dài 67cm (cả tay cầm), ngang 15cm.. Vỉ nướng thịt: dài 63cm (cả tay cầm), ngang 34cm.\r\n\r\n'),
(444, 86, 'b935c2fa6c8005ae2fb0ad774a14d3e7.jpg', NULL, 'An toàn, tiện lợi, dẫn nhiệt tốt và đều khắp bề mặt vỉ giúp thức ăn chín đều và giữ nguyên hương vị, tiết kiệm nhiên liệu khi nướng.'),
(445, 86, '1363fd7b93c957b695f246f660c8cdb7.jpg', NULL, ''),
(446, 86, '747aa9f88c1f7c60f18c50647858de11.jpg', NULL, 'Bề mặt vỉ nướng có thiết kế các rãnh nhỏ, mặt nướng rộng nên bạn có thể nướng nhiều thức ăn cùng lúc.'),
(447, 86, '361b96bf19382e56729fbe754aae96d8.jpg', NULL, 'Thiết kế nhỏ gọn và đơn giản giúp dễ dàng tháo lắp và cất giữ.\r\n'),
(448, 86, '6d3e6aad4c6be1267cc32eefe2553811.jpg', NULL, ''),
(449, 87, 'e7ca1a759c197141357a7abb36ac3207.jpg', NULL, 'Xuất xứ: Việt Nam. Kích thước: 21 x 17cm (đường kính bên trong)\r\nMàu sắc: xanh, xanh đen, vàng, đỏ, kem.\r\n'),
(450, 87, 'eb14d60d27d81bcb622fbfbb2d8c004b.jpg', NULL, 'Phía trước có kính bảo vệ, giúp bạn thoải mái chạy dưới nắng gắt hoặc trời mưa.'),
(451, 87, '443946363885cc425c369202462f66d3.jpg', NULL, 'Nón được làm từ nhựa ABS - chất liệu chuyên dùng cho nón bảo hiểm - có khả năng chịu tác động của ngoại lực cao.'),
(452, 87, '288a6b755f6eaf239071d7e22ebaa027.jpg', NULL, 'An toàn cho người sử dụng, bên trong có lớp lót siêu bền, an toàn cho người sử dụng.\r\n'),
(453, 87, 'a0ffe60f857a1cfb40f746494e511633.jpg', NULL, ''),
(454, 87, '425981ee0339107d62b91aa7618c52f7.jpg', NULL, ''),
(455, 87, '9b33519bef73fff675b99744a645735b.jpg', NULL, ''),
(456, 88, '8e7a3ca344476bd4927f54de92879c64.jpg', NULL, 'Võng được thiết kế chuyên dụng cho các chuyến du lịch, thuận tiện cho dân đi phượt, đi dã ngoại…\r\n\r\nBạn có thể tháo đầu dây 2 bên là chiếc võng sẽ thành bạt để mọi người ngồi tập trung ăn uống, trải ra ngồi chơi trong công viên….'),
(457, 88, '639fc7b2644b267864eb3e6964147a04.jpg', NULL, 'Hai đầu võng được may chắc chắn, có thể ngồi được 2 người sức nặng chịu được khoảng 100kg.\r\n'),
(458, 88, 'd1f9daf48bce78ee27ec6126c7216d8c.jpg', NULL, 'Một bên sườn của võng được may hở chiều dài giữa 2 tấm vải nên bạn có thể dùng sản phẩm để che nắng mưa cho xe gắn máy rất thuận tiện'),
(459, 88, 'a6469c7d044c7348fc020c541c28fe5d.jpg', NULL, 'Xuất xứ: Việt Nam. Chất liệu: vải kaki\r\nSản phẩm gồm: 01 võng dù + 01 túi đựng\r\nKích thước: 144cm - 103cm'),
(460, 88, 'ecba77ee08f7433ab63280b753a22385.jpg', NULL, ''),
(461, 88, 'a5176bf4157325e67711461686cd7655.jpg', NULL, ''),
(462, 89, '844eb8a7f49d54772d277a0667317c1c.png', NULL, 'Xuất xứ: Việt Nam.\r\nChất liệu: Hợp kim siêu chịu lực, cốt khóa bằng inox. Kích thước 4.5 x 5.5 cm.\r\n\r\n'),
(463, 89, '0962b82c4091f0f08bb70e766f63536c.png', NULL, 'Công dụng: khóa đĩa chống trộm xe máy, giúp bảo đảm an toàn cho xe của bạn, dùng cho các loại xe máy thắng đĩa từ xe ga đến xe số.'),
(464, 89, '82d439ab1c903dbc01c0bd9bcd52f5c8.png', NULL, 'Được sản xuất bằng hợp kim siêu chịu lực, cốt khóa 100% Inox, khóa chống trộm có khả năng chịu lực cao và không bị gỉ sét, kết cấu bên trong ổ khóa sử dụng ruột bi.'),
(465, 89, 'aef7fa35465457f232f973f99a538477.png', NULL, 'Sản phẩm gồm: 01 ổ khóa + 02 chìa khóa. Máu sắc: Đen, Đỏ, Xanh dương.\r\n'),
(466, 89, 'c6d7f7e738cb589a4c13f5deff84ff40.png', NULL, ''),
(467, 89, '10c6b957c6bf6a885968130daa0f8bc9.png', NULL, ''),
(468, 90, '51dd16547097577dcc6cd4a1ce945ee6.jpg', NULL, 'Xuất xứ: Trung Quốc.\r\nChiều dài 7,5 cm. Công dụng: chiếu sáng, đèn lazer, soi tiền.\r\n'),
(469, 90, '1b261fb8f6d66bfce832ef4dda2c7195.jpg', NULL, 'Có thể phân biệt dấu chìm của một số giấy tờ khác như: tiền giấy, bằng lái xe, tem nhập khẩu...'),
(470, 90, '92b492f14401f0539408174384851484.jpg', NULL, 'Tiền thật khi soi sẽ làm hiện rõ con số ẩn nằm giữa tờ giấy bạc polymer. \r\nNgược lại khi soi đèn vào giữa tiền giả thì không hiện thấy mệnh giá tiền (ẩn) và dấu chìm.'),
(471, 90, '5460872f04903c7e66d6a3298c9b42b3.jpg', NULL, 'Đèn pin soi tiền giả hoạt động dựa theo nguyên lý phát quang đặc biệt có độ chiếu sáng rất mạnh, góc chiếu sáng lớn.\r\n'),
(472, 90, '80fca2b559eb5ee57248829c104a5287.jpg', NULL, ''),
(473, 90, 'a7bcdae3ecc25f551a26dd8aaa098d72.jpg', NULL, ' Sản phẩm có nhiều màu sắc: đỏ, đen, xanh....'),
(474, 91, 'a8252554b10c1b732f7520a73dfd461f.jpg', NULL, 'Xuất xứ: Trung Quốc. Bảo hành 03 tháng: xem thông tin chi tiết.\r\nChất liệu: Nhựa PVC. Bộ sản phẩm gồm nhiều màu. Số lô cuốn: 10.\r\n\r\n\r\n\r\n'),
(475, 91, '480c9b650b5ed78dcbf70c2253dc1132.jpg', NULL, 'Đem lại cho bạn mái tóc với những sóng tóc tự nhiên, giữ nếp tóc xoăn bền hơn, mềm mại, tự nhiên và đều nếp.'),
(476, 91, '03b0439c7352342422a31a2a54b4a9da.jpg', NULL, 'Cách sử dụng đơn giản, giúp bạn tiết kiệm chi phí, thời gian. '),
(477, 91, '20d06f6615b03e9cb33b6d513de28b5a.jpg', NULL, 'Giúp tạo kiểu tóc xoăn gợi cảm, không gây tổn hại, xơ hoặc chẻ ngọn.'),
(478, 91, 'ff292527a4de034482573653dd529f80.jpg', NULL, ''),
(479, 91, 'c38047dea9e7acdf455cc29dd2063b88.jpg', NULL, ''),
(480, 91, '9f373d5a2bdf0049effbd87f68477151.jpg', NULL, 'Kích thước: Cả bộ sản phẩm: 16cm x 7cm (dài x rộng); chiều dài dây điện: 1,1m. Đường kính lô: 3cm, chiều dài 1 lô cuốn: 6cm.\r\nĐiện áp: 220V/50Hz. Công suất: 30-100W. Nhiệt độ: 30-60 độ C.'),
(481, 92, '0cc68d5b8f0e4772fcc4432386459484.jpg', NULL, 'Xuất xứ: Việt Nam. Màu sắc: đỏ, tím.\r\nChất liệu: vải kate, mềm mỏng, dễ chịu khi mặc, thích hợp cả mùa hè lẫn mùa đông.\r\n'),
(482, 92, 'a77ea13b9210843c3be427c3ea651d06.jpg', NULL, 'Thích hợp mặc đi học, đi làm, dạo phố...'),
(483, 92, 'a85b45c67211b4a63885c444b7c18346.jpg', NULL, 'Dễ dàng kết hợp với chân váy, quần âu, quần jean, quần short...\r\n'),
(484, 92, '536a49a617d382f4770525db012e36d0.jpg', NULL, 'Áo tay dài với cổ sơ mi lịch sự, sọc caro với màu sắc tươi tắn mang lại vẻ trẻ trung, cá tính.\r\n'),
(485, 92, '16f5ef31087dd3e977a37f248daa1481.jpg', NULL, 'Kích thước: ngang vai 35cm, dài 65cm, ngang ngực 46cm, ngang eo 43cm, dài tay 58cm.\r\n'),
(486, 93, 'f0e8b9421d0a54b10602ed0d848ba84c.jpg', NULL, 'Áo thun ba lỗ cho nam giúp khoe nét đẹp hình thể khỏe khoắn, năng động, cá tính cho nam giới.\r\n\r\n\r\n'),
(487, 93, '7584731520bf572ccc3ee3965399d9dc.jpg', NULL, 'Xuất xứ: Việt Nam. Kích thước áo: dài 65cm, ngang ngực: 37cm, ngang vai 30cm'),
(488, 93, '23e08581369573d846943754593e8d8d.jpg', NULL, ''),
(489, 93, '1e80d3bda172a985f1d39e84b5b002ce.jpg', NULL, 'Chất liệu: Thun co giãn, bền đẹp, tạo cảm giác thoải mái, dễ chịu cho bạn mặc ở nhà, chơi thể thao.'),
(490, 93, '8a827754fb2499841ad39cb3c87eea05.jpg', NULL, 'Dễ dàng mix đồ cho nhiều cá tính, phong cách khách nhau.'),
(491, 93, '53b8ed4f04501bf8a8c7c7d765070ad1.jpg', NULL, ''),
(492, 94, '07ac875a95f3ec1cb55ab2bc8d7e8ab3.jpg', NULL, 'Màu sắc: kem. Size: 28, 29, 30, 31, 32, 34. \r\n'),
(493, 94, 'e830e799edd9bff620652f4fe4eb1f28.jpg', NULL, 'Thích hợp mặc ở nhà, đi dạo và chơi thể thao như (đá banh, chạy bộ, đi biển…).'),
(494, 94, '9fad441e13dedda6ba8636d0cb56214b.jpg', NULL, 'Quần short nam được thiết kế trẻ trung và thoải mái với quần dạng lửng, 2 túi 2 bên tiện dụng.\r\n '),
(495, 94, '4e9c2ca49e4083f1757de48ddb7a4600.jpg', NULL, ''),
(496, 95, '6399916f84d3c72739911bf85241b738.jpg', NULL, 'Xuất xứ: Việt Nam. Chất liệu: giả da.\r\nMàu sắc: đen, nâu nhạt, nâu đậm. Kích thước: 12 x 9.7cm.\r\n\r\n'),
(497, 95, '0dac0c4a23017a41573539f1138a3085.jpg', NULL, ''),
(498, 95, '0adf34e354818129b3c740e5ee9ed5fd.jpg', NULL, 'Dạng nút bấm tiện dụng, có 02 ngăn lớn và nhiều ngăn nhỏ, giúp tiền và giấy tờ không bị nhăn hoặc nhàu nát.\r\n'),
(499, 95, 'a57521867feb6c11c56197e30532cc1b.jpg', NULL, 'Là phụ kiện giúp các bạn nam thể hiện được đẳng cấp phái mạnh, có thể sử dụng trong nhiều hoàn cảnh khác nhau như dự tiệc, đi chơi ...\r\n'),
(500, 95, 'c5e910512302989327318a5a02f70a08.jpg', NULL, 'Kiểu dáng nhỏ gọn, cầm vừa tay, tôn lên sự sang trọng và lịch lãm, mạnh mẽ cho các đấng mài râu.'),
(501, 95, 'a494dc0a30d2cf6dd5c95559260a9c79.jpg', NULL, 'Có hộp đựng sang trọng, thích hợp làm quà tặng.'),
(502, 95, '09c4f910892b7ecd112c412d6f259dd5.jpg', NULL, ''),
(503, 95, '173f7e1162c669dabb1a94f2c9423e4a.jpg', NULL, ''),
(504, 96, '58a0f6435ef4bc56b002b9b7488e77ca.jpg', NULL, 'Kích thước: Size M: ngang vai 41cm, chiều dài 65cm, size L: ngang vai 43cm, chiều dài: 67cm\r\n'),
(505, 96, 'cc3dc1e58a54b1dca1fa11268bef11f0.jpg', NULL, 'Sản phẩm sẽ làm nổi bật cá tính của người mặc trước đám đông, toát lên sự mạnh mẽ, phù hợp cho những buổi họp mặt bạn bè'),
(506, 96, 'ac4f7c1d3f10a1cba12cb281d0fc7396.jpg', NULL, 'Áo được may bằng chất liệu thun, thoáng  mát, dễ thấm hút mồ hôi, dễ mix với quần bò, quần ngố, sooc.... để bạn đi học, đi chơi, picnic hoặc dạo phố.'),
(507, 96, '12d668ff805e86869566a0ff76a6ab46.jpg', NULL, 'Thiết kế áo không cổ, ngắn tay, form áo khỏe khoắn cho các chàng trai sự trẻ trung mà vẫn thanh lịch.\r\n'),
(508, 96, 'e998c0afdb85f2099d2d383bcaec5f92.jpg', NULL, 'Có 04 màu: nâu, trắng, xám, hồng nhạt\r\n'),
(509, 96, '86804e4b0d16e57811337c2b48256003.jpg', NULL, ''),
(510, 96, '841be35cc451cfaab7c0395663608b98.jpg', NULL, ''),
(511, 97, '5511706e2f341079e795b98415f4b7af.jpg', NULL, 'Kích thước: 120cm x 4cm . Màu sắc: đen, nâu\r\nChất liệu: Giả da.\r\n\r\n'),
(512, 97, '1fda37daa22814400a9fbee713f927b7.jpg', NULL, 'Tạo phong cách sang trọng, lịch lãm với thời trang công sở hay cá tính và nổi bật khi đi chơi cùng bạn bè'),
(513, 97, '710bf078a0a9cdc419b48477fdbafcea.jpg', NULL, 'Với màu sắc trang nhã, tạo phong cách lịch lãm cho phái mạnh. Mặt thắt lưng bằng kim loại với thiết kế đơn giản nhưng sang trọng, dễ phối với nhiều trang phục khác nhau.'),
(514, 97, 'ff826528a742b21013fb84cc7b05d2dd.jpg', NULL, ''),
(515, 97, 'd687b65db94db2f2dda6c3bf665c066f.jpg', NULL, ''),
(516, 98, '1c820f86697005f20e23caa0fe08d9e7.jpg', NULL, 'Xuất xứ: Việt Nam. Sản phẩm có 2 màu: Nâu, Đen\r\n\r\n'),
(517, 98, '70f49ef931b150f9b9738bd93c620d39.jpg', NULL, '\r\nKhóa gài chắc chắn, bên trong có thêm dây kéo, giúp bảo vệ đồ đạc an toàn hơn. \r\nKích thước: 35cm x 30cm (Rộng x cao).'),
(518, 98, 'ed7e2c414b6701f218dfa1b148f25afb.jpg', NULL, 'Với thiết kế đơn giản, màu sắc trẻ trung phù hợp với giới trẻ năng động, cho bạn tự tin khoe cá tính.'),
(519, 98, '107d03fa97679c57da1425f0270cfd5c.jpg', NULL, 'Cặp có 3 ngăn rộng rãi, đựng được máy laptop, cho bạn thoải mái đựng vật dụng khi ra ngoài. '),
(520, 98, '405044cedabd68441e4133f757e042d2.jpg', NULL, ''),
(521, 98, '2fb09077db65e739b1aa31757b94719e.jpg', NULL, 'Chất liệu giả da, làm nổi bật hẳn lên vẻ sang trọng của sản phẩm. \r\n'),
(522, 98, '853526f82c2b89e1977c82ff4ea6a180.jpg', NULL, ''),
(523, 99, 'c3a9f85bfeb6bd186bb7b4ea77973b0c.jpg', NULL, 'Dây cáp HDMI được dùng chủ yếu cho những kết nối tới các thiết bị cần độ phân giải cao như đầu ghi DVD HD hay HDTV.\r\n\r\n'),
(524, 99, 'bbe3f8aa202a40090b67b057ae4af8ed.jpg', NULL, 'Dùng kết nối các thiết bị cần độ phân giải cao: đầu HD DVD; Blu-ray hay HDTV...'),
(525, 99, 'ec836bff1c975a555e50faa8fb43dc3f.jpg', NULL, 'Tính năng nhỏ gọn, dễ kết nối đường truyền tín hiệu chất lượng cao.'),
(526, 99, '932cb557d1f466f89e6a8b88cf4a7673.jpg', NULL, 'Dây cáp HDMI cho bạn xem phim chuẩn HD tại nhà với hình ảnh âm thanh cực kì sống động.\r\n'),
(527, 99, 'cb4df2bf58cc661dbc66bed43e5142dc.jpg', NULL, 'Cáp HDMI là một chuẩn kết nối kỹ thuật số có khả năng truyền tải video HD cũng như âm thanh chất lượng cao trên cùng một sợi cáp.\r\n'),
(528, 99, 'eb2ee065faefd7233ae7f50ee1ed29c7.jpg', NULL, ''),
(529, 99, '9a48e83a7588eeef49194084af21ea5d.jpg', NULL, ''),
(530, 100, '73d6f236c4c9f742da99e3712255e3fa.jpg', NULL, 'Xuất xứ: Trung Quốc\r\nKích thước: 19cm x 25cm.  Sản phẩm phù hợp với iPad 2, 3,4.\r\n\r\n'),
(531, 100, 'cc1dcfd252cbaaddda42629d9e6d5858.jpg', NULL, 'Sản phẩm có nhiều màu xinh xắn cho bạn thỏa sức lựa chọn: xanh lá, đỏ, nâu.\r\n'),
(532, 100, '428cb001e0387a968121893f451aa68a.jpg', NULL, 'Bạn có thể sử dụng ipad ở nhiều tư thế khác nhau: để nằm, để đứng theo nhiều nấc tùy chỉnh rất thuận tiện trong quá trình sử dụng iPad.'),
(533, 100, '0245f312ff20b80611c2e6992539f0d9.jpg', NULL, 'Viền bọc iPad được làm từ nhựa chắc chắn, bên ngoài là lớp giả da cao cấp mềm mại. Giúp bảo vệ an toàn tối đa cho iPad của bạn như tránh khỏi các tác động của va đập, trầy xước...'),
(534, 100, 'ec2f280f110b78074fbf6044da037b01.jpg', NULL, ''),
(535, 100, 'd1fff9c754ff609cf07bf11640c4ad0c.jpg', NULL, ''),
(536, 101, '6cc947dac1fa8d5a1f24686a789680dd.jpg', NULL, 'Xuất xứ: Trung Quốc - công nghệ Đài Loan. Bảo hành 06 tháng - 1 đổi 1 trong 7 ngày (xem thông tin chi tiết)\r\n\r\n '),
(537, 101, 'f582d3d7e6b0aaabdbac7e5e456a52e8.jpg', NULL, 'Là dòng pin dự trữ, cho phép người dùng điện thoại có thể sạc mọi lúc mọi nơi. Sạc tốc độ nhanh hơn 2 - 4 lần so với sạc thông thường. Thời gian sạc từ 6 -7 tiếng.\r\n'),
(538, 101, '2155c83d4a754f6d8160f4a081d5b808.jpg', NULL, 'Thiết kế nhỏ gọn, sang trọng, dễ dàng mang theo. Sản phẩm chỉ có 01 màu trắng.'),
(539, 101, '257b7c7b95d5d92608dda2c2e3b5f1eb.jpg', NULL, 'Phù hợp cho hầu hết các thiết bị kỹ thuật số với DC 5V đầu vào, chẳng hạn như máy tính bảng (Ipad 3 sạc được khoảng 50%), điện thoại thông minh, iPhone, iPod, MP3, MP4, GPS, PSP... hoặc có dây cáp USB chuẩn của các dòng sản phẩm đó.\r\n'),
(540, 101, '6cd2bde9a7a81f80f5010d4525dd414e.jpg', NULL, 'Trọn bộ gồm: 01 Pin sạc (12.5 x 4.5cm) + 01 Dây cáp. Tặng kèm cáp sạc đa năng 3 trong 1.'),
(541, 101, '3bff3796315964ec78c762f10d46080d.jpg', NULL, ''),
(542, 101, '1e551a02718a71627e45971105e032b6.jpg', NULL, ''),
(543, 102, 'fdc8b7d359ff4ca5fd582a732466b543.jpg', NULL, 'Xuất xứ: Thái Lan. Bảo hành 12 tháng (Xem phần thông tin chi tiết). Model OF-210.\r\nKích thước: 35.5 x 35.5 x 24 cm - Trọng lượng 6,6 kg - Màu: Trắng - Chất liệu: Thủy tinh.\r\nDung tích khoang lò 300 x 150mm (17L).\r\n\r\n'),
(544, 102, '084bcceea061ce9b00b68c5802c844dc.jpg', NULL, 'Các công dụng: quay, nướng, làm nóng, rã đông, sấy khô và khử trùng thực phẩm, đem đến sự tiện lợi cho người nội trợ khi chuẩn bị bữa ăn cho gia đình.'),
(545, 102, '3a720f8aec084fd2d16971fada3927b0.jpg', NULL, 'Công nghệ làm nóng halogen đối lưu, giúp thức ăn chín nhanh và đều từ trong ra ngoài, giảm lượng Cholesterol đến mức tối thiểu. Không có khói, không bị khét, bảo tồn dưỡng chất, giữ được hương vị tự nhiên của thực phẩm.'),
(546, 102, 'f757fa72501e9b72f3d88f939819c581.jpg', NULL, 'Dụng cụ kèm theo: chân lò, vành inox, vĩ nướng (cao, thấp), thanh gác nắp lò, dụng cụ lấy vĩ nướng.\r\n'),
(547, 102, '623d757de371ddc108fe80c337a9d008.jpg', NULL, 'Lò đạt được 250 độ C chỉ trong 6 phút. Có mạch điều chỉnh nhiệt tự động giúp tiết kiệm điện.\r\n'),
(548, 103, 'dcb6e8ff47a8944cbd41a2095f10311b.jpg', NULL, 'Xuất xứ: Trung Quốc. Chất liệu: simili\r\nKích thước: 21cm  x 11xm\r\n\r\n'),
(549, 103, '5cc15bf0e82e439526a5be02913161aa.jpg', NULL, 'Ví cầm tay là phụ kiện quan trọng, không thể thiếu cho phái đẹp. Không chỉ giúp bạn bảo vệ tốt hơn các vật dụng cá nhân, ví cầm tay còn là điểm nhấn, giúp bạn thêm phần tự tin và nổi bật.'),
(550, 103, '36678c2cc4d8d215750dfb2f00d6f81d.jpg', NULL, 'Đường nét tinh xảo, đường chỉ may chắc chắn. Khóa kéo bền, đẹp. Phong cách trẻ trung, sang trọng.\r\n'),
(551, 103, 'f572335dd6a8a9bec1a2eb4f37903e1d.jpg', NULL, ''),
(552, 103, 'a5e8b93172683609e5273dfda48c9626.jpg', NULL, ''),
(553, 103, 'f5bd24cc71fdbc9b9322dd9b5e9c11cf.jpg', NULL, ''),
(554, 103, '432ec5482be02a9fc53f71d5ca5a0d57.jpg', NULL, 'Ví có 3 ngăn chính và nhiều ngăn riêng biệt, thuận tiện cho việc đựng tiền, thẻ, card, giấy tờ một cách ngăn nắp và ngay thẳng.'),
(555, 104, 'bf797847ce21cba3f431a239e7622ee1.jpg', NULL, 'Xuất xứ: Trung Quốc. Túi xách thời trang mang đến cho bạn gái phong cách trẻ trung, sành điệu.\r\n\r\n\r\n\r\n\r\n\r\n'),
(556, 104, '67c39631e0e5704de3731f188735b715.jpg', NULL, 'Màu sắc: vàng - hồng, hồng - xanh dương, cam - đen. Kích thước: 38cm x 31cm x 10cm.'),
(557, 104, '391edffdd405efabb62e98c69f4f9a0e.jpg', NULL, 'Túi xách gồm 1 ngăn lớn và nhiều ngăn nhỏ để đựng nhiều vật dụng khi ra ngoài.\r\n'),
(558, 104, '1d9d754d2b016e87a5e5c5ab30117f2e.jpg', NULL, 'Phối màu hài hòa, trẻ trung, thể hiện nét tinh tế của bạn nữ.'),
(559, 104, '26c8552b8307010dc32297a99f785f71.jpg', NULL, ''),
(560, 104, '665740ff4316cb0ecfa3a97db92f0353.jpg', NULL, 'Thiết kế đơn giản dạng túi xách tay, nổi bật ở chất liệu da sáng bóng cùng đường may đều, khéo léo.'),
(561, 104, '88e71a1a64ede08a26e53dfda9b120c0.jpg', NULL, ''),
(562, 105, 'bfa3faefbb90527da2fccea6ebf9b2b7.jpg', NULL, 'Xuất xứ: Trung Quốc. Chất liệu: nhựa simili\r\nKích thước: 30 - 42 - 12cm (Cao - ngang - rộng)\r\n\r\n\r\n'),
(563, 105, 'f40fe6009c3976c288f1979ac2ae7be8.jpg', NULL, 'Có thể đeo túi xách để đi làm, dạo phố hay những cuộc hẹn quan trọng, party ... Mix hoàn hảo với những bộ đầm, chân váy hoa, quần short, quần jeans dài...'),
(564, 105, '4cc61b0950bd5cf220e35b46be69d2f2.jpg', NULL, 'Đường may chắc chắn. Dây khóa kéo túi chắc chắn và giúp bạn gái dễ dàng mở, đóng túi.\r\n'),
(565, 105, 'b7d2b3384380eb9fabc6da92351522d1.jpg', NULL, 'Thiết kế nữ tính, độc đáo, giúp bạn gái vừa làm túi xách đeo chéo ngang vai hiện đại, vừa làm bóp cầm tay ngộ nghĩnh, xinh xắn.'),
(566, 105, 'd4e5510aa985264963b9d4b1528bd83e.jpg', NULL, 'Túi xách thu đông với chất liệu nhựa trong mềm mại, thời trang.'),
(567, 105, 'e8855585efe89924c7f359014d386ac9.jpg', NULL, ''),
(568, 106, 'ab017884116f720a5558e999bd9a8b20.jpg', NULL, 'Túi xách có 1 ngăn lớn (có ngăn nhỏ bên trong) và 2 ngăn 2 bên hông túi.\r\nKhóa kéo tinh tế, sáng bóng, dây gài sành điệu, thời trang. Đường may chắc chắn, dây xách vừa tay, êm ái.\r\n'),
(569, 106, 'bf4a92baaaefd09e8d8077ad86dd8b92.jpg', NULL, 'Xuất xứ: Trung Quốc. Kích thước: 28 x 18 x 10cm, dài dây: 120cm.'),
(570, 106, '58df7dc178d8017a54933ca060b9479c.jpg', NULL, 'Chất liệu: Vải bố bền đẹp.\r\nTúi có hoa văn đẹp mắt, màu sắc trẻ trung, giúp bạn thể hiện nét năng động. '),
(571, 106, 'c8bcdbf21f6f86fd4db68ed2871f613b.jpg', NULL, '\r\nCó 03 màu: Đỏ, Xanh dương, Đen. '),
(572, 106, '5ea0252d71297fd5165fd8ebc33e9edc.jpg', NULL, 'Túi xách thời trang với thiết kế đơn giản, gam màu cá tính, thời trang, tiện lợi khi sử dụng, mang đến sự trẻ trung, thanh lịch.'),
(573, 106, '3d7a4de5dfbe99d5d2cd2c9446f6b7ce.jpg', NULL, ''),
(574, 107, '8fe8e4c53465bf177c8b0744470e5423.jpg', NULL, '- Mũ gồm 3 kiểu: hình cá sấu, hình voi, hình sư tử sống động, nhiều màu sắc.\r\n'),
(575, 107, '24d64ced4fe2f23db0b7a01a0dcd7079.jpg', NULL, '- Thích hợp làm quà tặng các bé nhỏ.'),
(576, 107, '5cf24c66d91680e96a3c070c52ccead3.jpg', NULL, ''),
(577, 107, '36e9e8daefe5c78213558355bf40180b.jpg', NULL, ''),
(578, 107, 'c2888b0e7ae9e8095ce2da6171e85524.jpg', NULL, '- Mũ đội cho bé Fancy Kiddy Cap thiết kế hình thú ngộ nghĩnh, dễ thương, khiến bé trông thật đáng yêu, tinh nghịch.'),
(579, 107, 'ef101bbe5d8fc202d6e71af77f09c8d1.jpg', NULL, ''),
(580, 107, '6fa0b321a066eabca32f66f97cf89429.jpg', NULL, '- Chất liệu mũ mềm mại, khung nón co giãn, ôm sát vòng đầu nhưng vẫn tạo cho bé cảm giác vô cùng thoải mái.'),
(581, 107, 'e2b2a23421faf853d3a0397008578fa8.jpg', NULL, ''),
(582, 108, '03d2ee6d95c8608ebb9860eed011ad06.jpg', NULL, '\r\n'),
(583, 108, '722b1ecc15d4b0eb4f64ee1f91b0ffb4.jpg', NULL, ''),
(584, 108, '80c4ec84e711a8365cc577ca91ae7a89.jpg', NULL, '- Sản phẩm được kết từ dây ruy băng đẹp, bóng với khung và dây cột chắc chắn, thỏa thích cho các bé làm điệu.'),
(585, 108, 'b146a7c5d94d8051b73553e5a4661841.jpg', NULL, '- Kiểu dáng dễ thương, tô điểm mái tóc thêm xinh, cho bé trông thật điệu đà, xinh xắn.\r\n'),
(586, 108, 'b215489a2d2ad19cf36c4f50e3249867.jpg', NULL, ''),
(587, 108, '6ddf8c68c9b7bcee27eb1aa8e272ad8b.jpg', NULL, ''),
(588, 108, '385f1a1438c8d12d183671e89dff1698.jpg', NULL, '- Gồm nhiều màu tươi tắn để lựa chọn, thích hợp làm quà tặng bé yêu.'),
(589, 108, 'b573be310dedf6b6d288565dd625fbb1.jpg', NULL, '- Bộ sản phẩm gồm: 1 băng đô, 2 kẹp tóc mái, 2 cột tóc sau.\r\n'),
(590, 108, '5ba33986a430e6e19815a709637e63b3.jpg', NULL, ''),
(591, 109, '8d232dee3a3222f5d2c8143f6588e5a9.jpg', NULL, '- Giày được làm từ chất liệu vải mềm, rất êm ái với đôi chân.\r\n\r\n\r\n'),
(592, 109, '17c468b2e169e2f2115b4ed00240c5a6.jpg', NULL, '- Nhiều màu sắc tươi tắn, giày thích hợp với các bé từ 6 tháng – 2 tuổi'),
(593, 109, '44529c7c9829071ef4c859646f2d887d.jpg', NULL, '- Có thể mua làm quà tặng cho những gia đình có con nhỏ.'),
(594, 109, '1490a9f87781d127c1cf8f5f847fa23f.jpg', NULL, '- Dễ kết hợp với nhiều loại trang phục khác nhau.\r\n'),
(595, 109, 'e0042126ce05143c188c91a13cbaa3a0.jpg', NULL, '- Có nhiều hình và kiểu dáng ngộ nghĩnh, dễ thương, đem đến cho bé vẻ ngoài xinh xắn, đáng yêu.\r\n'),
(596, 109, 'fccf6207fc8ba8cefa38741e18f8b7d0.jpg', NULL, '- Đế thiết kế chống trượt, giúp bé vui chơi an toàn hơn.'),
(597, 109, '7d40b3a02f572f9748cefda8d1b17a4f.jpg', NULL, ''),
(598, 109, 'fe7ba50c4d0660f3512bd02940bc0075.jpg', NULL, ''),
(599, 109, '8d00c454e4d1a0d3671227528b97b188.jpg', NULL, ''),
(600, 109, '5075d769b27ca3072f5fbe763ed2a17d.jpg', NULL, ''),
(601, 109, '324600b7d1172b7800a3ca036ff06813.jpg', NULL, ''),
(602, 110, '7fc1a6dc2757de7704896f9ac3775b55.jpg', NULL, '- Combo 2 bình đựng nước uống nhập khẩu từ Thái Lan, cấu tạo 2 lớp chắc chắn, được làm bằng chất liệu nhựa cao cấp, an toàn cho sức khỏe người dùng.\r\n\r\n'),
(603, 110, '3c421a07f2a7caa78205f95a00a90cbc.jpg', NULL, '- Thiết kế nhỏ gọn, xinh xắn, có nhiều họa tiết hình thú dễ thương, ngộ nghĩnh, phù hợp với các bé.\r\n'),
(604, 110, '4be212d738fb7d7e6ea1adfad2a0d155.jpg', NULL, '- Nắp đậy khít, không làm tràn nước uống ra bên ngoài.'),
(605, 110, 'e58c8b82cd291405aa79658dce96cba0.jpg', NULL, '- Trên nắp bình có hai lỗ nhỏ li ti, thuận tiện cho bé yêu uống nước, không lo bị sặc.'),
(606, 110, '5705a09ed4fa720fc772f6d12a857051.jpg', NULL, ''),
(607, 110, '887170e0cb8f43466de4fb1590f40ad9.jpg', NULL, ''),
(608, 110, '24f3e0c38a0746d51d7cde13b4d1f07a.jpg', NULL, ''),
(609, 111, '48c3a09204da58e948c3277664d04e08.jpg', NULL, '- Túi ngủ Tom Tom là sản phẩm chất lượng đến từ Thái Lan, được thiết kế đặc biệt dành riêng cho trẻ sơ sinh từ 0-6 tháng tuổi, cho bé sự bảo vệ êm ái, nhẹ nhàng, dễ dàng có được giấc ngủ ngon.\r\n\r\n'),
(610, 111, '0979b414ddca9e661c90308b35836107.jpg', NULL, '- Chất liệu cotton kết hợp với lớp bông xốp mềm mại, an toàn với làn da nhạy cảm của bé.'),
(611, 111, '475a0b5cd8fa65d16bdc6db203e88a27.jpg', NULL, '- Tác dụng giữ ấm cho bé trong lúc ngủ và mỗi khi ra ngoài'),
(612, 111, '9e9b94ac8814b2aa2f8a87b55877db7c.jpg', NULL, '- Túi ngủ có nón che chắn phần đầu, dây đai cố định, bé lại có thể duỗi chân thoải mái, không gò bó, bức bí như các mẫu túi ngủ cùng loại.\r\n'),
(613, 111, 'be4901e9211930054566ac987e858ded.jpg', NULL, ''),
(614, 111, 'f651c6b5d413a6d2361015b52a392218.jpg', NULL, ''),
(615, 111, '42c3efb99324714e92351b5c99878531.jpg', NULL, ''),
(616, 111, '7a108a7cd0c567ca207130763f6c3d0d.jpg', NULL, ''),
(768, 126, '2_004256 (27).jpg', NULL, ''),
(759, 111, '122c1af8aeb973e26489e7871a8d03dd.jpg', NULL, 'Test'),
(758, 111, '988816_663245400385786_90195878_n (5).jpg', NULL, 'Test'),
(757, 111, '49ce0e35d4740fffa69229ba61c85d5c.jpg', NULL, ''),
(756, 111, '1526494_662858200424506_1552060230_n (2).jpg', NULL, ''),
(755, 111, '988816_663245400385786_90195878_n (4).jpg', NULL, 'Test'),
(621, 112, '727820d21713fd8bfe4d00f3631f5a9b.jpg', NULL, '- Phát triển khả năng tưởng tượng, tư duy sáng tạo của trẻ nhỏ.\r\n'),
(622, 112, '244d623cd95222377f48d0d37f720b59.jpg', NULL, '- Giúp bé vừa thỏa thích vui chơi, vừa rèn luyện sự khéo léo của đôi tay, tính tỉ mỉ, kiên nhẫn.\r\n'),
(623, 112, 'cafc2fdcdec31c7323b9f6fd3e02fe1e.jpg', NULL, ''),
(624, 113, 'bafb1bc818707a0a0a70bb13bfc285ec.jpg', NULL, '- Combo sản phẩm gồm: 1 thú bông xì trum và 1 thú bông minion.\r\n'),
(625, 113, '1727bf678b6afbba6e2e5472d2c3f0be.jpg', NULL, '- Thích hợp làm quà tặng các bé nhỏ, bạn gái, những người thân yêu.'),
(626, 113, '5be207ef4bb879355f2c3b99b07b621d.jpg', NULL, '- Kiểu dáng nhỏ nhắn, có móc treo để trang trí.\r\n'),
(627, 113, '7d91ae3499540dd5a04949be2a1c23e1.jpg', NULL, '- Được làm từ chất liệu sợi bông mềm, đường may đẹp, chắc chắn.\r\n'),
(628, 113, '24baee022ca63210ed24df82891a16bf.jpg', NULL, '- Tạo hình ngộ nghĩnh, dễ thương, giống hệt nhân vật hoạt hình.\r\n'),
(629, 113, '4b2e570fe04ac1b2901ecec768ae5c70.jpg', NULL, ''),
(630, 113, 'f541b57abf771184d0a93471d9bc42ec.jpg', NULL, ''),
(631, 114, '977ddf9477019300fe86f32724e1cb74.jpg', NULL, '- Bộ đồ dùng 6 món cho bé gồm: lược, bàn chải, kéo, bấm móng, giũa móng và bàn chải đánh răng.\r\n\r\n'),
(632, 114, 'a68a755b23667a7119582cff7da67717.jpg', NULL, '- Chất liệu cao cấp, không gây hại cho sức khỏe của trẻ.'),
(633, 114, 'a1206a2865a2ed96ee3780e35768b82d.jpg', NULL, '- Sản phẩm chuyên dùng cho trẻ nên được thiết kế rất nhỏ gọn, mềm mại.\r\n'),
(634, 114, '2ad4c4d879c2ced157178d7206e6e745.jpg', NULL, '- Giúp cho việc vệ sinh răng miệng, tay chân, đầu tóc… cho bé trở nên nhanh chóng, sạch sẽ và an toàn hơn.'),
(635, 114, 'ef4a5a51afe2e5c6664d90d2aa6a49de.jpg', NULL, ''),
(636, 114, '152b50697e1e21ed9111ffa5e5ab2ad1.jpg', NULL, ''),
(637, 114, 'd58d2cd5ede319b8c34d387e0ec55c0a.jpg', NULL, ''),
(638, 114, 'b315a90ff1156a7a6ae00237929d4060.jpg', NULL, ''),
(639, 114, '01033a98720fb4ac3cd97988614aaedd.jpg', NULL, ''),
(640, 115, 'f0efe0ce2307a1e946189ad0c951a01b.jpg', NULL, '- Bảng chữ cái điện tử cho bé gồm: 1 bảng + 7 trang học + 1 viết bảng kèm lau bảng.\r\n\r\n'),
(641, 115, '0fd7722e393545ba6ae500308e5e4e13.jpg', NULL, '- Thích hợp sử dụng cho bé từ 3 tuổi trở lên.'),
(642, 115, '7632b07b3955c25aedec8a6030e33348.jpg', NULL, '- Sử dụng pin AAA tiện dụng.\r\n'),
(643, 115, '6d26a68894fed4ed02a784d295b62358.jpg', NULL, '- Cảm ứng điện tử rất nhạy, đơn giản, dễ sử dụng.\r\n'),
(644, 115, '2bd06bc303e8a0a1f89c99f181b6d7d9.jpg', NULL, '- Thiết kế sinh động với các chức năng đọc, luyện đọc, đặt câu hỏi, nghe nhạc,… giúp bé nhanh chóng làm quen với các con số, chữ cái, từ vựng cả bằng tiếng Việt và tiếng Anh, từ đó phát triển tư duy và trí não cho trẻ.'),
(645, 115, '873292698a416667ceb13e8a2f85f5e3.jpg', NULL, '- Bảng có 2 mặt:\r\n+ Một mặt là bảng điện tử gồm các ô nhỏ có các nhân vật, các loại động vật, chữ cái (Song ngữ Anh – Việt, mỗi bảng có 36 ô nhỏ).\r\n+ Mặt sau là bảng trắng để bé viết chữ, vẽ hình.\r\n'),
(646, 116, '88a5457abf976630d547c4ec03707c21.jpg', NULL, '- Sản phẩm chất lượng cao, mẫu mã tinh tế.\r\n'),
(647, 116, '5758e4ed22bef7e47b2deb332da5f8bb.jpg', NULL, '- Có đầu cắm USB, tiết kiệm điện năng.'),
(648, 116, '16ce2fd23afe3323aec8b47240b681d9.jpg', NULL, '- Dành cho Laptop 13inch, 14inch, 15inch, 16 inch...'),
(649, 116, '2128fd712edba0ff1ec0898e39dd32dd.jpg', NULL, '- Thiết kế đẹp, thông minh. Kiểu dáng sang trọng.\r\n'),
(650, 116, 'a0f0fb48fa12e33b9a425721d03e4655.jpg', NULL, '- Tốc độ quạt nhanh và khỏe, chạy êm, thích hợp cho mọi dòng máy.\r\n'),
(651, 116, 'c24271ff8d78a19550185c754db9a65a.jpg', NULL, '- Cánh quạt lớn cho khả năng làm mát tối đa.\r\n'),
(652, 116, '2a551679d67032d54e98d347bd12ab24.jpg', NULL, '- Chức năng làm mát và tản nhiệt cho laptop.\r\n'),
(653, 116, '6a322e67f582ff0002f35bb4827f9352.jpg', NULL, ''),
(654, 117, 'ba1bcd38bdcdfd28404663b8fe146df8.jpg', NULL, '- Giúp bạn thay đổi cách thức trải nghiệm âm nhạc của mình.\r\n\r\n'),
(655, 117, '35e1a897731eefcf25c138998fae426d.jpg', NULL, '- Có 3 mẫu cho bạn lựa chon.'),
(656, 117, '1ec8d31486588b4baeac2bf5cb83d2a1.jpg', NULL, '- Vừa giúp bạn làm vật tranng trí, vừa giúp bạn cảm nhận âm nhạc khác lạ hơn.'),
(657, 117, 'd9d1989ad1c9684602d4b1b10fb71fff.jpg', NULL, '- Chất lượng âm thanh chuẩn, trung thực, không bị rè.\r\n'),
(658, 117, 'bc310fb7cb146a7180773061723ef8cd.jpg', NULL, '- Một tuyệt phẩm độc đáo, mới lạ.\r\n- Có nút điều chỉnh âm lượng.'),
(659, 117, '5be33471154ef1ac366a66e8e03705ce.jpg', NULL, ''),
(660, 117, '8478bfe45758033db9df85553208419e.jpg', NULL, '- Với 2 loa tích hợp bên trong 2 chú gấu bông xinh xắn.\r\n'),
(661, 117, '3e79694132ee11d86817323375d8b5a4.jpg', NULL, ''),
(662, 117, 'd9cf01038f5486b00ab62ab2175567a1.jpg', NULL, ''),
(663, 118, 'f50501a927a3bc1e1ece495ca7d0b764.jpg', NULL, '- Sản phẩm chất lượng cao, mẫu mã tinh tế.\r\n'),
(664, 118, '0756fda1cfd5d0fa8525cdc631f31e3c.jpg', NULL, '- Có đầu cắm USB, tiết kiệm điện năng.'),
(665, 118, '9ee9b2fafa578c2cf5e6c381e8b37c85.jpg', NULL, '- Dành cho Laptop 13inch, 14inch, 15inch, 16 inch...'),
(666, 118, '339bf835bcb3fb309adffbb068c08a7e.jpg', NULL, 'Thiết kế gọn nhẹ, thông minh. Kiểu dáng sang trọng.\r\n'),
(667, 118, '72b4bdae3dbd4702773a8da9318887b5.jpg', NULL, '- Gồm cánh quạt cho khả năng làm mát tối đa.\r\n'),
(668, 118, 'a834971751acce9c220211f06bc59966.jpg', NULL, '- Tốc độ quạt nhanh và khỏe, chạy êm, thích hợp cho mọi dòng máy.\r\n'),
(669, 118, '5fcd1990cd3d89d7eda4181f52e5cf86.jpg', NULL, '- Chức năng làm mát và tản nhiệt cho laptop.\r\n'),
(670, 118, '0e6f0c9ee1952932844b12587a8c8b56.jpg', NULL, ''),
(671, 118, '08e8d6d4729e6dcb115d16ead9de1e01.jpg', NULL, ''),
(672, 119, '5d7443a4a36238d4394b2f0ae9f83ff9.jpg', NULL, 'Bao da iPhone 5/5S/5C - phụ kiện điện thoại thời trang, sành điệu, cá tính dành cho các bạn trẻ.'),
(673, 119, '5c738abeafa597fb5c29b7b0d0235728.jpg', NULL, 'Thiết kế an toàn, thuận tiện mang theo khi đi đường hoặc cầm tay.'),
(674, 119, '05f1264164d5848c254b29835aabf1a8.jpg', NULL, ' Khung nhựa ôm sát bảo vệ thân máy hoàn hảo, chống trơn trượt, trầy xước khi sử dụng. '),
(675, 119, '1b4125c7d9ce3e35780249d38817aeb8.jpg', NULL, ' Chất liệu da + nhựa cao cấp, mịn, êm, bền, bảo vệ iPhone khỏi trầy xước khi gặp va chạm.'),
(676, 119, '4d8d7e2bc0dd809ddc29a011f2c8a4d9.jpg', NULL, ''),
(677, 119, 'f9b042cf9ba07ec4e0f2b604de5f12d8.jpg', NULL, ''),
(678, 119, '61012560d22abfa4b1b320c02eb9fa73.jpg', NULL, ''),
(679, 119, 'b0553f7907bb15738aff85bca9a09c83.jpg', NULL, ''),
(680, 120, '9800edf7f6c73c53b689cdee1e02fbf2.jpg', NULL, 'Xuất xứ: Trung Quốc.  Chất liệu: đá mắt rắn\r\n'),
(681, 120, 'c5445d930efdd6ff17239140d2c7fb37.jpg', NULL, 'Màu sắc nổi bật, sang trọng, có thể kết hợp với váy, đầm khi đi dạo phố hay dự tiệc'),
(682, 120, '30aff685e7b8050e94b6cf90e1cc2d67.jpg', NULL, 'Chiếc vòng tay được chế tác tinh xảo, đính đá càng làm tăng lên sự sang trọng và phong cách của người đeo.'),
(683, 120, '8e0281380eac7d88a50c6b26f0f3645e.jpg', NULL, ''),
(684, 120, '13f1055c68d7a2b2fa6c082e1fa911f9.jpg', NULL, 'Combo gồm: một chuỗi hạt đính kim sa + một vòng đeo tay đá mắt rắn\r\nThiết kế đẹp mắt thể hiện phong cách. Gia công chi tiết , tỉ mỉ\r\n'),
(685, 121, '219f5c0e3ccd6d2c742b73c9d9aeaea4.jpg', NULL, 'Xuất xứ: Trung Quốc.\r\n\r\n'),
(686, 121, '44ef3794e767b561e6fec5f54eed62ed.jpg', NULL, 'Thiết kế giả da beo độc đáo mang lại nét nổi bật và không kém phần cá tính cho chủ nhân, nút bấm đóng/mở tiện dụng và chắc chắn.\r\nMàu sắc: trắng, nâu.'),
(687, 121, '29979d81ef718d06bcc7f177026f7793.jpg', NULL, 'Chất liệu: giả da. Kích thước: 18cm x 10cm\r\n'),
(688, 121, 'c3b972f3baa3ff026a6b54ea12512e8c.jpg', NULL, 'Ví có 2 ngăn chính, 1 ngăn có dây kéo và nhiều ngăn nhỏ đựng thẻ.'),
(689, 121, '45da38fc3c687785e2905feed4ec5aed.jpg', NULL, ''),
(690, 121, '0e6663404e7eb4ed06d41fce5c3b8195.jpg', NULL, ''),
(691, 121, 'a011183c272cc5ce69498cc8c8756a94.jpg', NULL, ''),
(692, 122, '4fef5e6883778d1755fe9fcccdc57b9d.jpg', NULL, 'Xuất xứ: Thụy Điển. Dung tích 75ml/chai.\r\n\r\n'),
(693, 122, 'aee06ae11efcbd8f6a5b4a3973243727.jpg', NULL, 'Thích hợp cho những quý ông năng động, thường xuyên đi công tác.'),
(694, 122, '861444096b86a557e895d2f6f9eb0712.jpg', NULL, 'Thể hiện phong cách tự tin và dáng vẻ phong độ của nam giới dù ở bất cứ nơi đâu.\r\n'),
(695, 122, 'd2875a00540bec014648efc06c6b9e53.jpg', NULL, 'Sản phẩm kết hợp hương thơm cay nồng của ớt Paprika, cà phê đen và hương trầm bí ẩn.'),
(696, 122, '357929a1cdfadf833a158cea3eaa3041.jpg', NULL, ''),
(697, 123, '756cfed4b9b42c17d4aec4fbf0e3084b.jpg', NULL, 'Xuất xứ: Trung Quốc\r\n\r\n'),
(698, 123, 'c2617a377e1dc62842fbf525a32ee809.jpg', NULL, 'Sản phẩm tương thích các loại điện thoại có chức năng kết nối bluetooth.\r\nSản phẩm cho chất lượng âm thanh to, rõ, trong, ít tạp âm và khả năng bắt sóng với điện thoại tốt.'),
(699, 123, 'b0bfafd535e5f2255b1e634ca4a1819a.jpg', NULL, 'Kiểu dáng gọn nhẹ, có miếng móc tai nghe dẻo điều chỉnh được.'),
(700, 123, 'ff48beaf77a2107bec78305da65ccccc.jpg', NULL, 'Công nghệ truyền tải âm thanh không dây thông minh\r\n'),
(701, 123, 'c0058ef65713256af4cb42ea73953a6a.jpg', NULL, ''),
(702, 123, '00da6d819091b90ee1375a4a19be2c53.jpg', NULL, ''),
(703, 123, 'dbc4238c065f9fcbb43b0545ab7d6426.jpg', NULL, ''),
(704, 123, '0218bc7052a7c690c0650a752e55113d.jpg', NULL, ''),
(705, 124, '866246b49ed0e15cbb9936110c3b799a.jpg', NULL, ''),
(706, 124, '88b35576d7873b80dd4cf0acf806c6f7.jpg', NULL, 'Xuất xứ: Trung Quốc.\r\nKích thước: Chiều cao 20cm.\r\n\r\n\r\n'),
(707, 124, 'a2ac24208c933743236007c34c0b7a15.jpg', NULL, 'Phần khung có khả năng hít vào mặt lưng của điện thoại, iPad. '),
(708, 124, 'a47dd8d176f405407f6a143c4543e919.jpg', NULL, 'Giá để điện thoại, iPad,... với phần thân được làm bằng nhựa cứng chắc chắn.'),
(709, 124, 'e681c8e03ca568a5c3dbe00608210e40.jpg', NULL, 'Thiết kế nhỏ gọn, dễ dàng gấp gọn để mang đi bất cứ nơi đâu bạn muốn. Sản phẩm có thể xoay 360 độ dễ dàng.'),
(710, 124, '73b2f55e3916c16b46d7f797802e31f7.jpg', NULL, 'Phần đế chắc chắc giúp cố định giá đỡ ở bất kỳ đâu.'),
(720, 112, '7e047949439cd074d73cae8d91da2653 (13).jpg', NULL, ''),
(721, 112, '11 (9).jpg', NULL, ''),
(723, 112, '08 (10).jpg', NULL, ''),
(724, 112, '232_338a7087ff4c9bf6101760aab9fb318b (8).jpg', NULL, ''),
(767, 126, '01 (29).jpg', NULL, ''),
(754, 111, '1526494_662858200424506_1552060230_n (1).jpg', NULL, ''),
(753, 111, '1515002_666005406776452_1178014210_n (1).png', NULL, ''),
(752, 111, '1506961_665727040137622_1270170497_n (1).jpg', NULL, ''),
(751, 111, '1504937_663264913717168_475506776_n (1).jpg', NULL, ''),
(750, 111, '1504110_662858270424499_1242480930_n (2).jpg', NULL, ''),
(747, 111, '988816_663245400385786_90195878_n (3).jpg', NULL, ''),
(748, 111, '995583_666036250106701_1171022663_n (3).jpg', NULL, ''),
(749, 111, '1468765_666005483443111_424825540_n (3).jpg', NULL, ''),
(769, 126, '7e047949439cd074d73cae8d91da2653 (23).jpg', NULL, ''),
(770, 126, '4JBUrNs (11).jpg', NULL, ''),
(771, 126, '08 (20).jpg', NULL, ''),
(772, 126, '11 (20).jpg', NULL, ''),
(773, 127, 'bored_with_the_internet.jpg', NULL, ''),
(774, 128, 'bored_with_the_internet.jpg', NULL, ''),
(775, 129, 'bored_with_the_internet (1).jpg', NULL, ''),
(776, 130, 'bored_with_the_internet (3).jpg', NULL, ''),
(777, 130, 'Duy.jpg', NULL, ''),
(779, 132, '01 (30).jpg', NULL, ''),
(782, 135, '11 (21).jpg', NULL, ''),
(783, 136, '01 (31).jpg', NULL, ''),
(805, 158, '2a2970fa68000f685100525780a8c972.jpg', NULL, ''),
(806, 159, 'c0285137a8e8a268f0bf021467dc1216.jpg', NULL, ''),
(786, 152, 'b7970b0fecdf2680a6ab149fd9469e25.jpg', NULL, ''),
(787, 152, '637847001e311faf8789e5cce6b74855.jpg', NULL, ''),
(799, 31, 'coffee_cup_2-wallpaper-960x600 (8).jpg', NULL, ''),
(808, 160, 'eb603c9f65968437e0e28d62c64838ef.jpg', NULL, ''),
(813, 164, 'b55897c31e44acbf7ebcdb751e139f94.jpg', NULL, ''),
(882, 163, '18bb44dd79722e04226bba15aedb2426.png', NULL, ''),
(814, 165, 'c57ee25f67e169f6304a307104514e66.jpg', NULL, ''),
(815, 166, '73fc3cb4d907d222e894d145f69af34a.jpg', NULL, ''),
(816, 167, '46009c253322a66f0a88e7de0faaada4.png', NULL, ''),
(817, 168, '0a5893103a6a6b7a065856cc5918a756.jpg', NULL, ''),
(818, 169, '76b964aa11e8e726d3f0dcf2157ba02e.png', NULL, ''),
(819, 170, 'd6aceb59d5542fb1e7a1ddbb27b4b52b.png', NULL, ''),
(820, 171, '83b342d1ae5f75ecfda2c8ea1c82647c.jpg', NULL, ''),
(821, 172, '112291dd1c55200f797cefabee3487b0.jpg', NULL, ''),
(863, 174, 'fd03b538ade46d7cd848cd2a8e2ed112.jpg', NULL, ''),
(864, 175, 'fd03b538ade46d7cd848cd2a8e2ed112.jpg', NULL, ''),
(865, 176, '3e9f3ec05b0df194c303154351a518c3.jpg', NULL, ''),
(866, 177, '3e9f3ec05b0df194c303154351a518c3.jpg', NULL, ''),
(867, 178, '3e9f3ec05b0df194c303154351a518c3.jpg', NULL, ''),
(858, 172, 'a8f2ab1892c92c1755b7f9b3b93917b3.png', NULL, ''),
(862, 173, 'adf9bb8e9117b5eb667d1f3b58572ad0.jpg', NULL, ''),
(860, 172, '8e3d3d83da12f8536d1973ab43cff415.png', NULL, ''),
(868, 179, '3e9f3ec05b0df194c303154351a518c3.jpg', NULL, ''),
(869, 180, '3e9f3ec05b0df194c303154351a518c3.jpg', NULL, ''),
(870, 181, '3e9f3ec05b0df194c303154351a518c3.jpg', NULL, ''),
(871, 182, '6f2b3f8821f2346a16770a025b0dcebb.jpg', NULL, ''),
(874, 185, '3e2713cf4c950fb3ed49a0c931e948b1.png', NULL, ''),
(876, 186, '10072a32ed43b396f43bce8a4a5775ac.png', NULL, ''),
(878, 188, '3b6cf289d671eb38f3b6a8a478729db1.png', NULL, ''),
(884, 197, 'ebdeefa4820865a9ef6a4ba9fc16d9a5.JPG', NULL, ''),
(885, 198, 'b64f5d55da6bb973c3fe3d98380ee263.jpg', NULL, ''),
(886, 199, 'd251410b776327cf72af67e198a054ef.JPG', NULL, ''),
(887, 200, '80e9544d46c61a7ea50288938236126c.JPG', NULL, ''),
(900, 211, 'd5e78712dfe53a23703610e1591878f7.jpg', NULL, ''),
(889, 202, '8202faf33dd18bb8c0c177e32449a05a.jpg', NULL, ''),
(890, 203, '4a91b53fa15a21d4472b1be49c8b99f8.jpg', NULL, ''),
(891, 204, '63ae91f1d1dd4edb331926bcceb49958.JPG', NULL, ''),
(899, 210, '22091d601f657450a5bc6b3758310817.jpg', NULL, ''),
(898, 209, '7891a1c3616b1d9ada05de4434b47eca.jpg', NULL, ''),
(897, 208, '711698cf15e9a67098218ba6d7475c16.jpg', NULL, ''),
(896, 207, 'bdb0cb29ba3014a1e90e0ebb19c3ea56.jpg', NULL, ''),
(901, 212, '9f6c27353539994e90c07be9c4f82e29.jpg', NULL, ''),
(902, 213, '7b08eccd72af2540fb588f1cc5edb797.jpg', NULL, ''),
(903, 214, '36ea8b80c8433503fcc041c1e644a0bf.jpg', NULL, ''),
(904, 215, 'f7c34e0bfb5975d4c0326b47dfefee70.jpg', NULL, ''),
(905, 216, '598fc23059cd21cf0b9b76c3c95c1e0a.jpg', NULL, ''),
(906, 217, '87812191308268d4d5c5275795cf0ea4.jpg', NULL, ''),
(907, 218, '0a539194c8f8c8fe365f991c5784a4f6.jpg', NULL, ''),
(908, 219, '21922d9dfbf03763ebf2475e83ab92ba.jpg', NULL, ''),
(909, 220, '7d98bf3aca1f51a7def31b80f576a12e.jpg', NULL, ''),
(910, 221, '2c74383e393be634ba8d2d8e0a288eec.jpg', NULL, ''),
(911, 222, 'e45baf5c12c99fcd03dd5be148df51d1.jpg', NULL, ''),
(912, 223, '6c005d115709be358a8fe1a2b3bdce69.jpg', NULL, ''),
(913, 224, '3f4838d7a934cad7273bfe3163411379.jpg', NULL, ''),
(914, 227, '8669ff884f0f2352200c752d472bea1a.jpg', NULL, ''),
(915, 228, '8669ff884f0f2352200c752d472bea1a.jpg', NULL, ''),
(916, 229, '8669ff884f0f2352200c752d472bea1a.jpg', NULL, '');

-- --------------------------------------------------------

--
-- Table structure for table `product_option`
--

CREATE TABLE IF NOT EXISTS `product_option` (
  `product_option_id` int(10) unsigned NOT NULL AUTO_INCREMENT,
  `product_id` int(11) NOT NULL,
  `options_id` int(11) NOT NULL,
  `created_at` timestamp NOT NULL DEFAULT '0000-00-00 00:00:00',
  `updated_at` timestamp NOT NULL DEFAULT '0000-00-00 00:00:00',
  PRIMARY KEY (`product_option_id`)
) ENGINE=InnoDB  DEFAULT CHARSET=utf8 COLLATE=utf8_unicode_ci AUTO_INCREMENT=10 ;

--
-- Dumping data for table `product_option`
--

INSERT INTO `product_option` (`product_option_id`, `product_id`, `options_id`, `created_at`, `updated_at`) VALUES
(1, 217, 0, '0000-00-00 00:00:00', '0000-00-00 00:00:00'),
(2, 217, 9, '0000-00-00 00:00:00', '0000-00-00 00:00:00'),
(4, 221, 11, '0000-00-00 00:00:00', '0000-00-00 00:00:00'),
(5, 223, 12, '0000-00-00 00:00:00', '0000-00-00 00:00:00'),
(6, 224, 10, '0000-00-00 00:00:00', '0000-00-00 00:00:00'),
(7, 227, 10, '0000-00-00 00:00:00', '0000-00-00 00:00:00'),
(8, 228, 10, '0000-00-00 00:00:00', '0000-00-00 00:00:00'),
(9, 229, 10, '0000-00-00 00:00:00', '0000-00-00 00:00:00');

-- --------------------------------------------------------

--
-- Table structure for table `product_price`
--

CREATE TABLE IF NOT EXISTS `product_price` (
  `id` int(11) NOT NULL AUTO_INCREMENT,
  `product_id` int(11) DEFAULT NULL,
  `product_price` float DEFAULT NULL,
  `dateline` int(10) DEFAULT NULL,
  PRIMARY KEY (`id`)
) ENGINE=InnoDB  DEFAULT CHARSET=utf8 COLLATE=utf8_unicode_ci AUTO_INCREMENT=416 ;

--
-- Dumping data for table `product_price`
--

INSERT INTO `product_price` (`id`, `product_id`, `product_price`, `dateline`) VALUES
(1, 43, 250000, 1387359082),
(2, 42, 490000, 1387359082),
(3, 41, 350000, 1387359082),
(4, 40, 350000, 1387359082),
(5, 14, 190, 1387359082),
(6, 15, 290000, 1387359082),
(7, 16, 290000, 1387359082),
(8, 17, 190000, 1387359082),
(9, 18, 250000, 1387359082),
(10, 19, 0, 1387359082),
(11, 20, 0, 1387359082),
(12, 21, 150000, 1387359082),
(13, 22, 165000, 1387359082),
(14, 23, 190000, 1387359082),
(15, 24, 190000, 1387359082),
(16, 25, 120000, 1387359082),
(17, 26, 175000, 1387359082),
(18, 27, 160000, 1387359082),
(19, 28, 99000, 1387359082),
(20, 29, 179000, 1387359082),
(21, 30, 320000, 1387359082),
(22, 31, 300000, 1387359082),
(23, 32, 150000, 1387359082),
(24, 33, 280000, 1387359082),
(25, 34, 150000, 1387359082),
(26, 35, 300000, 1387359082),
(27, 36, 320000, 1387359082),
(28, 37, 290000, 1387359082),
(29, 38, 49000, 1387359082),
(30, 39, 280000, 1387359082),
(31, 44, 250000, 1387359082),
(32, 45, 290000, 1387359082),
(33, 46, 350000, 1387359082),
(34, 47, 350000, 1387359082),
(35, 48, 290000, 1387359082),
(36, 49, 290000, 1387359082),
(37, 50, 290000, 1387359082),
(38, 51, 480000, 1387359082),
(39, 52, 120000, 1387359082),
(40, 53, 170000, 1387359082),
(41, 54, 120000, 1387359082),
(42, 55, 120000, 1387359082),
(43, 56, 170000, 1387359082),
(44, 57, 99000, 1387359082),
(45, 58, 200000, 1387359082),
(46, 59, 80000, 1387359082),
(47, 60, 190000, 1387359082),
(48, 61, 190000, 1387359082),
(49, 62, 100000, 1387359082),
(50, 63, 69000, 1387359082),
(51, 64, 60000, 1387359082),
(52, 65, 85000, 1387359082),
(53, 66, 130000, 1387359082),
(54, 67, 90000, 1387359082),
(55, 68, 0, 1387359082),
(56, 69, 175000, 1387359082),
(57, 70, 59000, 1387359082),
(58, 71, 49000, 1387359082),
(59, 72, 49000, 1387359082),
(60, 73, 90000, 1387359082),
(61, 74, 110000, 1387359082),
(62, 75, 555000, 1387359082),
(63, 76, 178000, 1387359082),
(64, 77, 178000, 1387359082),
(65, 78, 195000, 1387359082),
(66, 79, 180000, 1387359082),
(67, 80, 150000, 1387359082),
(68, 81, 35000, 1387359082),
(69, 82, 750000, 1387359082),
(70, 83, 75000, 1387359082),
(71, 84, 49000, 1387359082),
(72, 85, 189000, 1387359082),
(73, 86, 60000, 1387359082),
(74, 87, 93000, 1387359082),
(75, 88, 75000, 1387359082),
(76, 89, 75000, 1387359082),
(77, 90, 49000, 1387359082),
(78, 91, 75000, 1387359082),
(79, 92, 103000, 1387359082),
(80, 93, 35000, 1387359082),
(81, 94, 130000, 1387359082),
(82, 95, 140000, 1387359082),
(83, 96, 85000, 1387359082),
(84, 97, 65000, 1387359082),
(85, 98, 140000, 1387359082),
(86, 99, 65000, 1387359082),
(87, 100, 119000, 1387359082),
(88, 101, 290000, 1387359082),
(89, 102, 800000, 1387359082),
(90, 103, 85000, 1387359082),
(91, 104, 129000, 1387359082),
(92, 105, 95000, 1387359082),
(93, 106, 95000, 1387359082),
(94, 107, 125000, 1387359082),
(95, 108, 70000, 1387359082),
(96, 109, 69000, 1387359082),
(97, 110, 190000, 1387359082),
(98, 111, 399000, 1387359082),
(99, 112, 55000, 1387359082),
(100, 113, 99000, 1387359082),
(101, 114, 125000, 1387359082),
(102, 115, 159000, 1387359082),
(103, 116, 99000, 1387359082),
(104, 117, 149000, 1387359082),
(105, 118, 99000, 1387359082),
(106, 119, 200000, 1387359082),
(107, 120, 77000, 1387359082),
(108, 121, 95000, 1387359082),
(109, 122, 369000, 1387359082),
(110, 123, 250000, 1387359082),
(111, 124, 99000, 1387359082),
(112, 112, 55000, 1387441396),
(113, 112, 55000, 1387441426),
(114, 112, 55000, 1387441435),
(115, 112, 55000, 1387441527),
(116, 112, 55000, 1387441593),
(117, 112, 55000, 1388141285),
(118, 112, 55000, 1388141289),
(119, 112, 55000, 1388141293),
(120, 112, 55000, 1388141312),
(121, 112, 55000, 1388141356),
(122, 112, 55000, 1388141394),
(123, 112, 55000, 1388141398),
(124, 125, 100000, 1388372399),
(125, 126, 100000, 1388375581),
(126, 127, 100000, 1388890110),
(127, 128, 100000, 1388890132),
(128, 129, 1, 1388890167),
(129, 130, 1, 1388890284),
(130, 130, 1, 1388891039),
(131, 130, 1, 1388891045),
(132, 130, 1, 1388891063),
(133, 131, 1, 1389203530),
(134, 132, 1, 1389203540),
(135, 133, 1, 1389203623),
(136, 134, 1, 1389203645),
(137, 135, 10000, 1389326133),
(138, 136, 1000, 1389601308),
(139, 137, 100000, 1393481167),
(140, 138, NULL, 1393958510),
(141, 139, NULL, 1393958536),
(142, 140, NULL, 1393959138),
(143, 141, NULL, 1393959288),
(144, 142, NULL, 1393959294),
(145, 143, NULL, 1393959319),
(146, 144, NULL, 1393959360),
(147, 145, NULL, 1393959377),
(148, 146, NULL, 1393959388),
(149, 147, NULL, 1393959559),
(150, 148, NULL, 1393959596),
(151, 149, NULL, 1393959756),
(152, 150, NULL, 1393959791),
(153, 151, 100000, 1394004805),
(154, 152, 100000, 1394007382),
(155, 153, 10000, 1394007436),
(156, 31, 300000, 1394030050),
(157, 31, 3000000, 1394030054),
(158, 31, 3001000, 1394030063),
(159, 31, 3001000, 1394030073),
(160, 31, 3001000, 1394030110),
(161, 31, 3001000, 1394030117),
(162, 31, 3001000, 1394030122),
(163, 31, 3001000, 1394031841),
(164, 31, 0, 1394031847),
(165, 31, 10000, 1394032543),
(166, 31, 10000, 1394032858),
(167, 31, 10000, 1394032866),
(168, 31, 10000, 1394032884),
(169, 31, 10000, 1394032893),
(170, 31, 10000, 1394032922),
(171, 31, 10000, 1394033085),
(172, 31, 10000, 1394033110),
(173, 31, 10000, 1394033117),
(174, 31, 10000, 1394033204),
(175, 31, 10000, 1394033208),
(176, 31, 10000, 1394033227),
(177, 31, 10000, 1394033800),
(178, 31, 10000, 1394033847),
(179, 31, 10000, 1394033865),
(180, 31, 10000, 1394034059),
(181, 31, 100000, 1394034080),
(182, 31, 100000, 1394034176),
(183, 31, 100000, 1394034264),
(184, 31, 100000, 1394034491),
(185, 31, 100000, 1394034527),
(186, 31, 100000, 1394034541),
(187, 31, 100000, 1394034571),
(188, 31, 100000, 1394034755),
(189, 31, 100000, 1394034772),
(190, 31, 100000, 1394034845),
(191, 154, 111, 1395855286),
(192, 155, 111, 1395855304),
(193, 156, 111, 1395855360),
(194, 157, 1111, 1395855379),
(195, 158, 111, 1395903205),
(196, 159, 1, 1395985410),
(197, 160, 1, 1395985537),
(198, 161, 11, 1397123816),
(199, 162, 10000000, 1397532036),
(200, 162, 10000000, 1397729872),
(201, 162, 10000000, 1397729899),
(202, 163, 11111, 1397906725),
(203, 96, 85000, 1399433672),
(204, 161, 11, 1399536938),
(205, 161, 11, 1399536950),
(206, 161, 11, 1399536963),
(207, 164, 100000, 1399553698),
(208, 165, 1000, 1399554087),
(209, 166, 11111, 1399554261),
(210, 166, 111110, 1399652643),
(211, 167, 1111, 1399869547),
(212, 167, 1111, 1400296584),
(213, 168, 150000, 1400310283),
(214, 169, 100000, 1400824690),
(215, 170, 111111, 1400825510),
(216, 171, 1234120, 1401033042),
(217, 171, 1234120, 1401034678),
(218, 171, 1234120, 1401034742),
(219, 171, 1234120, 1401034779),
(220, 171, 1234120, 1401034818),
(221, 171, 1234120, 1401034866),
(222, 171, 1234120, 1401068779),
(223, 171, 1234120, 1401069466),
(224, 171, 1234120, 1401069912),
(225, 171, 1234120, 1401070454),
(226, 171, 1234120, 1401070464),
(227, 171, 1234120, 1401071200),
(228, 172, 100000, 1401075204),
(229, 171, 1234120, 1401075760),
(230, 168, 150000, 1401075826),
(231, 168, 150000, 1401075866),
(232, 168, 150000, 1401075906),
(233, 168, 150000, 1401075908),
(234, 168, 150000, 1401075914),
(235, 168, 150000, 1401075962),
(236, 168, 150000, 1401075967),
(237, 168, 150000, 1401075977),
(238, 168, 150000, 1401075981),
(239, 171, 1234120, 1401076031),
(240, 172, 100000, 1401076646),
(241, 172, 100000, 1401076651),
(242, 172, 100000, 1401076656),
(243, 172, 100000, 1401076704),
(244, 172, 100000, 1401156743),
(245, 172, 100000, 1401163742),
(246, 172, 100000, 1401163774),
(247, 172, 100000, 1401425277),
(248, 172, 100000, 1401425406),
(249, 172, 100000, 1401425413),
(250, 172, 100000, 1401425460),
(251, 172, 100000, 1401425472),
(252, 172, 100000, 1401425623),
(253, 172, 100000, 1401425641),
(254, 172, 100000, 1401425652),
(255, 172, 100000, 1401425671),
(256, 172, 100000, 1401425737),
(257, 172, 100000, 1401425766),
(258, 172, 100000, 1401425784),
(259, 172, 100000, 1401425808),
(260, 172, 100000, 1401425826),
(261, 172, 100000, 1401425858),
(262, 172, 100000, 1401425874),
(263, 172, 100000, 1401426128),
(264, 172, 100000, 1401430127),
(265, 172, 100000, 1401430135),
(266, 172, 100000, 1401430243),
(267, 172, 100000, 1401430252),
(268, 172, 100000, 1401430835),
(269, 172, 100000, 1401431008),
(270, 172, 100000, 1401431038),
(271, 172, 100000, 1401431045),
(272, 172, 100000, 1401431070),
(273, 172, 100000, 1401431076),
(274, 172, 100000, 1401431082),
(275, 172, 100000, 1401431116),
(276, 172, 100000, 1401431275),
(277, 172, 100000, 1401431287),
(278, 172, 100000, 1401431295),
(279, 172, 100000, 1401431309),
(280, 172, 100000, 1401431317),
(281, 172, 100000, 1401431642),
(282, 172, 100000, 1401431755),
(283, 172, 100000, 1401431763),
(284, 172, 100000, 1401431817),
(285, 172, 100000, 1401432136),
(286, 172, 100000, 1401432153),
(287, 172, 100000, 1401432172),
(288, 172, 100000, 1401432192),
(289, 172, 100000, 1401432198),
(290, 172, 100000, 1401432222),
(291, 172, 100000, 1401432229),
(292, 172, 100000, 1401432242),
(293, 172, 100000, 1401432277),
(294, 172, 100000, 1401432299),
(295, 172, 100000, 1401432316),
(296, 172, 100000, 1401432329),
(297, 173, 123123, 1401612946),
(298, 174, 111111, 1402902074),
(299, 175, 111111, 1402902168),
(300, 176, 111111, 1402902201),
(301, 177, 111111, 1402902225),
(302, 178, 111111, 1402902396),
(303, 179, 111111, 1402902423),
(304, 180, 111111, 1402902502),
(305, 181, 111111, 1402902528),
(306, 182, 1234, 1403016599),
(307, 183, 11111, 1403238726),
(308, 184, 100000, 1403609456),
(309, 185, 12344, 1404284643),
(310, 186, 112312, 1404292645),
(311, 186, 112312, 1404377536),
(312, 187, 100000, 1404450106),
(313, 188, 123412, 1404450303),
(314, 189, 123412, 1404450343),
(315, 189, 123412, 1404452802),
(316, 189, 123412, 1404470020),
(317, 189, 123412, 1404470032),
(318, 163, 11111, 1406100761),
(319, 185, 12344, 1406102539),
(320, 185, 12344, 1406102726),
(321, 163, 11111, 1406104044),
(322, 185, 12344, 1406104092),
(323, 185, 12344, 1406104112),
(324, 190, 150000, 1407039411),
(325, 191, 10000, 1410414352),
(326, 163, 11111, 1410856017),
(327, 192, 1000000, 1411374415),
(328, 192, 10000000, 1413392267),
(329, 192, 2000, 1413392282),
(330, 158, 1110, 1413392293),
(331, 193, 45456, 1417671682),
(332, 194, 454355, 1417672767),
(333, 195, 243434, 1417675977),
(334, 196, 243434, 1417676168),
(335, 197, 243434, 1417676464),
(336, 198, 243434, 1417676615),
(337, 199, 243434, 1417676688),
(338, 200, 243434, 1417676752),
(339, 201, 243434, 1417676859),
(340, 202, 243434, 1417677018),
(341, 203, 243434, 1417677362),
(342, 204, 243434, 1417677673),
(343, 205, 243434, 1417677713),
(344, 206, 243434, 1417677852),
(345, 206, 243434, 1417766223),
(346, 206, 243434, 1417766498),
(347, 206, 243434, 1417766865),
(348, 206, 243434, 1417768984),
(349, 206, 243434, 1417769131),
(350, 206, 243434, 1417769486),
(351, 206, 243434, 1417769539),
(352, 206, 243434, 1417769606),
(353, 207, 12000, 1418795029),
(354, 208, 120000, 1418809906),
(355, 209, 120000, 1418810992),
(356, 210, 120000, 1418811468),
(357, 211, 120000, 1418816752),
(358, 211, 120000, 1418983026),
(359, 211, 120000, 1418983184),
(360, 211, 120000, 1418984320),
(361, 212, 120000, 1418984830),
(362, 213, 120000, 1418985053),
(363, 214, 120000, 1418985126),
(364, 215, 120000, 1418985507),
(365, 216, 1220000, 1418985690),
(366, 217, 243434, 1419239261),
(367, 218, 243434, 1419246729),
(368, 219, 243434, 1419247115),
(369, 220, 243434, 1419247488),
(370, 221, 243434, 1419247547),
(371, 221, 243434, 1419311433),
(372, 221, 243434, 1419311452),
(373, 222, 300000, 1419319376),
(374, 223, 300000, 1419319491),
(375, 224, 400000, 1419322540),
(376, 224, 400000, 1419322668),
(377, 224, 400000, 1419322684),
(378, 224, 400000, 1419322693),
(379, 224, 400000, 1419673551),
(380, 224, 400000, 1419673566),
(381, 224, 400000, 1419673679),
(382, 224, 400000, 1419673715),
(383, 224, 400000, 1419673792),
(384, 224, 400000, 1419673798),
(385, 224, 400000, 1419673804),
(386, 225, 120000, 1421945122),
(387, 226, 120000, 1421946723),
(388, 227, 120000, 1421946935),
(389, 228, 120000, 1421947062),
(390, 229, 120000, 1421947284),
(391, 229, 120000, 1421948642),
(392, 229, 120000, 1421949500),
(393, 229, 120000, 1421952830),
(394, 229, 120000, 1421952836),
(395, 229, 120000, 1421952850),
(396, 229, 120000, 1421952910),
(397, 229, 120000, 1421952976),
(398, 229, 120000, 1421953222),
(399, 229, 120000, 1421953240),
(400, 229, 120000, 1421953252),
(401, 229, 120000, 1421953297),
(402, 229, 120000, 1421953313),
(403, 229, 120000, 1421954166),
(404, 229, 120000, 1421954167),
(405, 229, 120000, 1421954185),
(406, 229, 120000, 1421954352),
(407, 229, 120000, 1421954521),
(408, 229, 120000, 1421954611),
(409, 229, 120000, 1421954652),
(410, 229, 120000, 1421954793),
(411, 229, 120000, 1421954859),
(412, 229, 120000, 1422008201),
(413, 229, 120000, 1422008241),
(414, 229, 120000, 1422008255),
(415, 222, 300000, 1422273932);

-- --------------------------------------------------------

--
-- Table structure for table `product_price_cond`
--

CREATE TABLE IF NOT EXISTS `product_price_cond` (
  `product_price_cond_id` int(10) unsigned NOT NULL AUTO_INCREMENT,
  `product_id` int(11) NOT NULL,
  `from_quantity` int(11) NOT NULL,
  `price` int(11) NOT NULL,
  `created_at` timestamp NOT NULL DEFAULT '0000-00-00 00:00:00',
  `updated_at` timestamp NOT NULL DEFAULT '0000-00-00 00:00:00',
  PRIMARY KEY (`product_price_cond_id`)
) ENGINE=InnoDB  DEFAULT CHARSET=utf8 COLLATE=utf8_unicode_ci AUTO_INCREMENT=71 ;

--
-- Dumping data for table `product_price_cond`
--

INSERT INTO `product_price_cond` (`product_price_cond_id`, `product_id`, `from_quantity`, `price`, `created_at`, `updated_at`) VALUES
(1, 223, 20, 290, '2014-12-23 14:24:52', '2014-12-23 14:24:52'),
(2, 223, 30, 280, '2014-12-23 14:24:52', '2014-12-23 14:24:52'),
(3, 223, 40, 260, '2014-12-23 14:24:52', '2014-12-23 14:24:52'),
(23, 224, 20, 380000, '2014-12-27 16:50:04', '2014-12-27 16:50:04'),
(24, 224, 30, 360000, '2014-12-27 16:50:04', '2014-12-27 16:50:04'),
(25, 227, 40, 100000, '2015-01-23 00:15:36', '2015-01-23 00:15:36'),
(26, 227, 80, 80000, '2015-01-23 00:15:36', '2015-01-23 00:15:36'),
(27, 228, 40, 100000, '2015-01-23 00:17:42', '2015-01-23 00:17:42'),
(28, 228, 80, 80000, '2015-01-23 00:17:42', '2015-01-23 00:17:42'),
(69, 229, 40, 100000, '2015-01-23 17:17:35', '2015-01-23 17:17:35'),
(70, 229, 80, 80000, '2015-01-23 17:17:35', '2015-01-23 17:17:35');

-- --------------------------------------------------------

--
-- Table structure for table `product_price_unit`
--

CREATE TABLE IF NOT EXISTS `product_price_unit` (
  `id` int(11) NOT NULL AUTO_INCREMENT,
  `product_id` int(11) NOT NULL,
  `product_min_unit` int(5) NOT NULL,
  `product_max_unit` int(5) NOT NULL,
  `product_price` float NOT NULL,
  PRIMARY KEY (`id`)
) ENGINE=InnoDB DEFAULT CHARSET=utf8 AUTO_INCREMENT=1 ;

-- --------------------------------------------------------

--
-- Table structure for table `product_province`
--

CREATE TABLE IF NOT EXISTS `product_province` (
  `id` int(11) NOT NULL AUTO_INCREMENT,
  `product_id` int(11) DEFAULT NULL,
  `province_id` int(11) DEFAULT NULL,
  PRIMARY KEY (`id`)
) ENGINE=InnoDB  DEFAULT CHARSET=latin1 AUTO_INCREMENT=30 ;

--
-- Dumping data for table `product_province`
--

INSERT INTO `product_province` (`id`, `product_id`, `province_id`) VALUES
(1, 3, 1),
(2, 3, 9),
(3, 3, 17),
(4, 3, 29),
(5, 4, 1),
(6, 4, 9),
(7, 4, 17),
(8, 4, 29),
(9, 5, 1),
(10, 5, 9),
(11, 5, 17),
(12, 5, 29),
(13, 6, 2),
(14, 6, 5),
(15, 7, 2),
(16, 7, 5),
(17, 8, 5),
(18, 9, 1),
(19, 9, 5),
(20, 10, 1),
(21, 10, 5),
(22, 11, 1),
(23, 11, 5),
(24, 12, 1),
(25, 12, 5),
(26, 13, 1),
(27, 13, 5),
(28, 14, 1),
(29, 14, 5);

-- --------------------------------------------------------

--
-- Table structure for table `product_size`
--

CREATE TABLE IF NOT EXISTS `product_size` (
  `size_id` tinyint(4) NOT NULL AUTO_INCREMENT,
  `size_name` char(4) DEFAULT NULL,
  `size_type` tinyint(4) DEFAULT NULL COMMENT '0=giay 1=thoi trang',
  PRIMARY KEY (`size_id`)
) ENGINE=InnoDB DEFAULT CHARSET=latin1 AUTO_INCREMENT=1 ;

-- --------------------------------------------------------

--
-- Table structure for table `product_status`
--

CREATE TABLE IF NOT EXISTS `product_status` (
  `product_status_id` int(10) unsigned NOT NULL AUTO_INCREMENT,
  `admin_status_text` varchar(255) COLLATE utf8_unicode_ci NOT NULL,
  `identity` varchar(255) COLLATE utf8_unicode_ci NOT NULL,
  `is_show` tinyint(1) NOT NULL DEFAULT '0',
  `created_at` timestamp NOT NULL DEFAULT '0000-00-00 00:00:00',
  `updated_at` timestamp NOT NULL DEFAULT '0000-00-00 00:00:00',
  `admin_action_text` varchar(255) COLLATE utf8_unicode_ci NOT NULL,
  `user_status_text` varchar(255) COLLATE utf8_unicode_ci NOT NULL,
  `user_action_text` varchar(255) COLLATE utf8_unicode_ci NOT NULL,
  PRIMARY KEY (`product_status_id`)
) ENGINE=InnoDB  DEFAULT CHARSET=utf8 COLLATE=utf8_unicode_ci AUTO_INCREMENT=4 ;

--
-- Dumping data for table `product_status`
--

INSERT INTO `product_status` (`product_status_id`, `admin_status_text`, `identity`, `is_show`, `created_at`, `updated_at`, `admin_action_text`, `user_status_text`, `user_action_text`) VALUES
(1, 'Đang chạy', 'dang-chay', 1, '2015-01-21 19:23:57', '2015-01-21 19:23:57', 'Đang chạy', 'Đang chạy', 'Đang chạy'),
(3, 'Tạm khóa', 'tam-khoa', 0, '2015-01-23 15:50:33', '2015-01-23 15:50:33', 'Tạm khóa', 'Tạm khóa', 'Tạm khóa');

-- --------------------------------------------------------

--
-- Table structure for table `product_status_changeable_accept`
--

CREATE TABLE IF NOT EXISTS `product_status_changeable_accept` (
  `changeable_accept_id` int(10) unsigned NOT NULL AUTO_INCREMENT,
  `status_id` int(11) NOT NULL,
  `accept_id` int(11) NOT NULL,
  `message_required` tinyint(1) NOT NULL DEFAULT '0',
  `created_at` timestamp NOT NULL DEFAULT '0000-00-00 00:00:00',
  `updated_at` timestamp NOT NULL DEFAULT '0000-00-00 00:00:00',
  PRIMARY KEY (`changeable_accept_id`)
) ENGINE=InnoDB  DEFAULT CHARSET=utf8 COLLATE=utf8_unicode_ci AUTO_INCREMENT=5 ;

--
-- Dumping data for table `product_status_changeable_accept`
--

INSERT INTO `product_status_changeable_accept` (`changeable_accept_id`, `status_id`, `accept_id`, `message_required`, `created_at`, `updated_at`) VALUES
(2, 1, 2, 1, '0000-00-00 00:00:00', '0000-00-00 00:00:00'),
(3, 2, 1, 0, '0000-00-00 00:00:00', '0000-00-00 00:00:00'),
(4, 1, 3, 0, '0000-00-00 00:00:00', '0000-00-00 00:00:00');

-- --------------------------------------------------------

--
-- Table structure for table `product_status_history`
--

CREATE TABLE IF NOT EXISTS `product_status_history` (
  `product_status_history_id` int(10) unsigned NOT NULL AUTO_INCREMENT,
  `product_id` int(11) NOT NULL,
  `status_id` int(11) NOT NULL,
  `message` text COLLATE utf8_unicode_ci,
  `created_at` timestamp NOT NULL DEFAULT '0000-00-00 00:00:00',
  `updated_at` timestamp NOT NULL DEFAULT '0000-00-00 00:00:00',
  `user_id` int(11) DEFAULT NULL,
  PRIMARY KEY (`product_status_history_id`)
) ENGINE=InnoDB  DEFAULT CHARSET=utf8 COLLATE=utf8_unicode_ci AUTO_INCREMENT=5 ;

--
-- Dumping data for table `product_status_history`
--

INSERT INTO `product_status_history` (`product_status_history_id`, `product_id`, `status_id`, `message`, `created_at`, `updated_at`, `user_id`) VALUES
(1, 226, 1, NULL, '2015-01-23 00:12:03', '2015-01-23 00:12:03', 1),
(2, 227, 1, NULL, '2015-01-23 00:15:35', '2015-01-23 00:15:35', 1),
(3, 228, 1, NULL, '2015-01-23 00:17:42', '2015-01-23 00:17:42', 1),
(4, 229, 1, NULL, '2015-01-23 00:21:24', '2015-01-23 00:21:24', 1);

-- --------------------------------------------------------

--
-- Table structure for table `product_warranty_status`
--

CREATE TABLE IF NOT EXISTS `product_warranty_status` (
  `product_warranty_status_id` int(10) unsigned NOT NULL AUTO_INCREMENT,
  `admin_status_text` varchar(255) COLLATE utf8_unicode_ci NOT NULL,
  `identity` varchar(255) COLLATE utf8_unicode_ci NOT NULL,
  `is_warranty` tinyint(1) NOT NULL DEFAULT '0',
  `created_at` timestamp NOT NULL DEFAULT '0000-00-00 00:00:00',
  `updated_at` timestamp NOT NULL DEFAULT '0000-00-00 00:00:00',
  `admin_action_text` varchar(255) COLLATE utf8_unicode_ci NOT NULL,
  `user_status_text` varchar(255) COLLATE utf8_unicode_ci NOT NULL,
  `user_action_text` varchar(255) COLLATE utf8_unicode_ci NOT NULL,
  PRIMARY KEY (`product_warranty_status_id`)
) ENGINE=InnoDB  DEFAULT CHARSET=utf8 COLLATE=utf8_unicode_ci AUTO_INCREMENT=10 ;

--
-- Dumping data for table `product_warranty_status`
--

INSERT INTO `product_warranty_status` (`product_warranty_status_id`, `admin_status_text`, `identity`, `is_warranty`, `created_at`, `updated_at`, `admin_action_text`, `user_status_text`, `user_action_text`) VALUES
(1, 'Chờ xác nhận', 'cho-xac-nhan', 0, '2015-01-21 19:19:29', '2015-01-21 19:44:02', 'Đăng kí', 'Chờ xác nhận', 'Đăng kí'),
(2, 'Đã xác nhận', 'da-xac-nhan-ncc', 1, '2015-01-21 19:20:21', '2015-01-21 19:29:16', 'Xác nhận', 'Đã xác nhận', 'Xác nhận'),
(3, 'Từ chối sản phẩm', 'tu-choi-san-pham', 0, '2015-01-21 19:29:57', '2015-01-21 19:29:57', 'Từ chối sản phẩm', 'Từ chối sản phẩm', 'Từ chối sản phẩm'),
(4, 'NCC hủy đăng kí sản phẩm', 'ncc', 0, '2015-01-21 19:30:49', '2015-01-21 19:31:26', 'NCC hủy đăng kí sản phẩm', 'Đã yêu cầu hủy đăng kí', 'Yêu cầu hủy đăng kí'),
(5, 'NCC yêu cầu hủy đảm bảo', 'ncc-yeu-cau-huy-dam-bao', 1, '2015-01-21 19:32:11', '2015-01-21 19:32:11', 'NCC yêu cầu hủy đảm bảo', 'Đã yêu cầu hủy đảm bảo', 'Yêu cầu hủy đảm bảo'),
(6, 'Đã hủy đảm bảo', 'da-huy-dam-bao', 0, '2015-01-21 19:32:43', '2015-01-21 19:32:43', 'Hủy đảm bảo', 'Đã hủy đảm bảo', 'Hủy đảm bảo'),
(7, 'NCC đăng kí lại sản phẩm', 'ncc-dang-ki-lai-san-pham', 0, '2015-01-21 19:33:19', '2015-01-21 19:33:19', 'NCC đăng kí lại sản phẩm', 'Đang đăng kí lại sản phẩm', 'Đăng kí lại sản phẩm'),
(8, 'TTS từ chối yêu cầu hủy đảm bảo', 'tts-tu-choi-yeu-cau-huy-dam-bao', 1, '2015-01-21 19:34:44', '2015-01-21 19:34:44', 'Từ chối yêu cầu hủy đảm bảo', 'TTS từ chối yêu cầu hủy đảm bảo', 'Từ chối yêu cầu hủy đảm bảo'),
(9, 'Chưa đăng kí', 'chua-dang-ki', 0, '2015-01-21 19:43:28', '2015-01-21 19:43:28', 'Chưa đăng kí', 'Chưa đăng kí', 'Chưa đăng kí');

-- --------------------------------------------------------

--
-- Table structure for table `product_warranty_status_changeable_accept`
--

CREATE TABLE IF NOT EXISTS `product_warranty_status_changeable_accept` (
  `changeable_accept_id` int(10) unsigned NOT NULL AUTO_INCREMENT,
  `status_id` int(11) NOT NULL,
  `accept_id` int(11) NOT NULL,
  `is_admin_show` tinyint(1) NOT NULL DEFAULT '0',
  `is_user_show` tinyint(1) NOT NULL DEFAULT '0',
  `message_required` tinyint(1) NOT NULL DEFAULT '0',
  `created_at` timestamp NOT NULL DEFAULT '0000-00-00 00:00:00',
  `updated_at` timestamp NOT NULL DEFAULT '0000-00-00 00:00:00',
  PRIMARY KEY (`changeable_accept_id`)
) ENGINE=InnoDB  DEFAULT CHARSET=utf8 COLLATE=utf8_unicode_ci AUTO_INCREMENT=18 ;

--
-- Dumping data for table `product_warranty_status_changeable_accept`
--

INSERT INTO `product_warranty_status_changeable_accept` (`changeable_accept_id`, `status_id`, `accept_id`, `is_admin_show`, `is_user_show`, `message_required`, `created_at`, `updated_at`) VALUES
(1, 1, 2, 1, 0, 0, '0000-00-00 00:00:00', '0000-00-00 00:00:00'),
(2, 1, 3, 1, 0, 0, '0000-00-00 00:00:00', '0000-00-00 00:00:00'),
(4, 2, 5, 0, 1, 1, '0000-00-00 00:00:00', '0000-00-00 00:00:00'),
(6, 3, 7, 0, 1, 0, '0000-00-00 00:00:00', '0000-00-00 00:00:00'),
(9, 9, 1, 0, 1, 0, '0000-00-00 00:00:00', '0000-00-00 00:00:00'),
(10, 1, 4, 0, 1, 0, '0000-00-00 00:00:00', '0000-00-00 00:00:00'),
(11, 5, 8, 1, 0, 1, '0000-00-00 00:00:00', '0000-00-00 00:00:00'),
(12, 5, 6, 1, 0, 1, '0000-00-00 00:00:00', '0000-00-00 00:00:00'),
(13, 6, 7, 0, 1, 0, '0000-00-00 00:00:00', '0000-00-00 00:00:00'),
(14, 7, 2, 1, 0, 0, '0000-00-00 00:00:00', '0000-00-00 00:00:00'),
(15, 7, 3, 1, 0, 1, '0000-00-00 00:00:00', '0000-00-00 00:00:00'),
(16, 8, 2, 1, 0, 0, '0000-00-00 00:00:00', '0000-00-00 00:00:00'),
(17, 2, 6, 1, 0, 1, '0000-00-00 00:00:00', '0000-00-00 00:00:00');

-- --------------------------------------------------------

--
-- Table structure for table `product_warranty_status_history`
--

CREATE TABLE IF NOT EXISTS `product_warranty_status_history` (
  `product_warranty_status_history_id` int(10) unsigned NOT NULL AUTO_INCREMENT,
  `product_id` int(11) NOT NULL,
  `status_id` int(11) NOT NULL,
  `message` text COLLATE utf8_unicode_ci,
  `created_at` timestamp NOT NULL DEFAULT '0000-00-00 00:00:00',
  `updated_at` timestamp NOT NULL DEFAULT '0000-00-00 00:00:00',
  `user_id` int(11) DEFAULT NULL,
  PRIMARY KEY (`product_warranty_status_history_id`)
) ENGINE=InnoDB  DEFAULT CHARSET=utf8 COLLATE=utf8_unicode_ci AUTO_INCREMENT=11 ;

--
-- Dumping data for table `product_warranty_status_history`
--

INSERT INTO `product_warranty_status_history` (`product_warranty_status_history_id`, `product_id`, `status_id`, `message`, `created_at`, `updated_at`, `user_id`) VALUES
(1, 211, 1, NULL, '2015-01-22 17:05:19', '2015-01-22 17:05:19', 1),
(2, 19, 1, NULL, '2015-01-22 17:06:14', '2015-01-22 17:06:14', 1),
(3, 19, 2, NULL, '2015-01-22 17:06:24', '2015-01-22 17:06:24', 1),
(4, 227, 1, NULL, '2015-01-23 00:15:35', '2015-01-23 00:15:35', 1),
(5, 228, 1, NULL, '2015-01-23 00:17:42', '2015-01-23 00:17:42', 1),
(6, 229, 1, NULL, '2015-01-23 00:21:24', '2015-01-23 00:21:24', 1),
(7, 229, 1, NULL, '2015-01-23 00:29:17', '2015-01-23 00:29:17', 1),
(8, 229, 2, NULL, '2015-01-23 00:29:36', '2015-01-23 00:29:36', 1),
(9, 222, 1, NULL, '2015-01-26 19:04:34', '2015-01-26 19:04:34', 1),
(10, 222, 2, NULL, '2015-01-26 19:05:07', '2015-01-26 19:05:07', 1);

-- --------------------------------------------------------

--
-- Table structure for table `province`
--

CREATE TABLE IF NOT EXISTS `province` (
  `id` int(10) NOT NULL AUTO_INCREMENT,
  `province_name` varchar(50) COLLATE utf8_unicode_ci DEFAULT NULL,
  `level` tinyint(10) DEFAULT NULL,
  `usetype` tinyint(10) DEFAULT NULL,
  `parent_id` tinyint(10) DEFAULT NULL,
  PRIMARY KEY (`id`)
) ENGINE=MyISAM DEFAULT CHARSET=utf8 COLLATE=utf8_unicode_ci AUTO_INCREMENT=1 ;

-- --------------------------------------------------------

--
-- Table structure for table `purchase`
--

CREATE TABLE IF NOT EXISTS `purchase` (
  `id` bigint(15) NOT NULL AUTO_INCREMENT,
  `user_id` bigint(15) DEFAULT NULL,
  `product_id` bigint(10) DEFAULT NULL,
  `sponsor_id` int(10) DEFAULT NULL,
  `dateline` int(11) DEFAULT NULL,
  `code` varchar(50) DEFAULT NULL,
  `status` tinyint(10) DEFAULT NULL COMMENT '0 = chua lien he, 1 = da lien he, 2 = huy, 3 = dong y dat hang',
  `note` text,
  PRIMARY KEY (`id`)
) ENGINE=InnoDB DEFAULT CHARSET=latin1 AUTO_INCREMENT=1 ;

-- --------------------------------------------------------

--
-- Table structure for table `report`
--

CREATE TABLE IF NOT EXISTS `report` (
  `id` int(11) NOT NULL AUTO_INCREMENT,
  `type` tinyint(5) NOT NULL,
  `ref_id` int(11) NOT NULL,
  `dateline` int(11) NOT NULL,
  `user_id` int(11) NOT NULL,
  `ref_user` int(11) NOT NULL,
  PRIMARY KEY (`id`)
) ENGINE=InnoDB  DEFAULT CHARSET=utf8 AUTO_INCREMENT=6 ;

--
-- Dumping data for table `report`
--

INSERT INTO `report` (`id`, `type`, `ref_id`, `dateline`, `user_id`, `ref_user`) VALUES
(1, 1, 161, 1398142091, 2, 25),
(2, 1, 161, 1398142136, 2, 25),
(3, 1, 161, 1398142159, 2, 25),
(4, 3, 161, 1398142162, 2, 25),
(5, 2, 161, 1398142205, 2, 25);

-- --------------------------------------------------------

--
-- Table structure for table `report_log`
--

CREATE TABLE IF NOT EXISTS `report_log` (
  `report_id` bigint(15) NOT NULL AUTO_INCREMENT,
  `user_id` bigint(15) DEFAULT NULL,
  `product_id` int(11) DEFAULT NULL,
  `report_type` tinyint(1) DEFAULT NULL,
  `dateline` int(11) DEFAULT NULL,
  PRIMARY KEY (`report_id`)
) ENGINE=MyISAM DEFAULT CHARSET=utf8 COLLATE=utf8_unicode_ci AUTO_INCREMENT=1 ;

-- --------------------------------------------------------

--
-- Table structure for table `retailer`
--

CREATE TABLE IF NOT EXISTS `retailer` (
  `id` int(11) NOT NULL AUTO_INCREMENT,
  `name` varchar(200) COLLATE utf8_unicode_ci DEFAULT NULL,
  `website` varchar(200) COLLATE utf8_unicode_ci DEFAULT NULL,
  `business` text COLLATE utf8_unicode_ci,
  `dateline` int(10) DEFAULT NULL,
  `userid` int(10) DEFAULT NULL,
  `approve` tinyint(1) DEFAULT NULL,
  `contacter_name` varchar(50) COLLATE utf8_unicode_ci DEFAULT NULL,
  `contacter_phone` varchar(50) COLLATE utf8_unicode_ci DEFAULT NULL,
  `contacter_email` varchar(100) COLLATE utf8_unicode_ci DEFAULT NULL,
  PRIMARY KEY (`id`)
) ENGINE=InnoDB  DEFAULT CHARSET=utf8 COLLATE=utf8_unicode_ci AUTO_INCREMENT=524 ;

--
-- Dumping data for table `retailer`
--

INSERT INTO `retailer` (`id`, `name`, `website`, `business`, `dateline`, `userid`, `approve`, `contacter_name`, `contacter_phone`, `contacter_email`) VALUES
(514, 'aisdjflasd', 'http://phimnhanh.net', '', 1387269919, 19, 0, 'Le Quy', '01685995603', 'nhattieu@gmail.com'),
(515, 'aisdjflasd', 'http://phimnhanh.net', '', 1387269947, 20, 0, 'Le Quy', '01685995603', 'nhattieu@gmail.com'),
(516, 'Le Quy', '', '', 1396421486, 27, NULL, 'Le Quy', '01685995603', 'asdfasfd@gmail.com'),
(517, 'sdfa', '', '', 1396769558, 29, NULL, '', '01685995603', 'lasdfasd@gmail.com'),
(518, 'fasdf', '', '', 1396770396, 30, NULL, '', '01685995603', 'asdfas@gmail.com'),
(519, 'adsfasd', '', '', 1398676897, 34, NULL, '', '01685995603', 'fasdfasdf@gmail.com'),
(520, 'asdfasd', '', '', 1399484612, 35, NULL, '', '01685995603', 'lequivn@gmail.coma'),
(521, 'asdfasd', '', '', 1399484683, 36, NULL, '', '01685995603', 'lequivn@gmail.coma'),
(522, 'asdfasd', '', '', 1399484742, 37, NULL, '', '01685995603', 'lequivn@gmail.coma'),
(523, 'asdfasdf', '', '', 1403322571, 46, NULL, '', '', '');

-- --------------------------------------------------------

--
-- Table structure for table `retailer_email`
--

CREATE TABLE IF NOT EXISTS `retailer_email` (
  `id` int(11) NOT NULL AUTO_INCREMENT,
  `email` varchar(100) COLLATE utf8_unicode_ci DEFAULT '0',
  `retailer_id` int(11) DEFAULT '0',
  PRIMARY KEY (`id`)
) ENGINE=InnoDB  DEFAULT CHARSET=utf8 COLLATE=utf8_unicode_ci AUTO_INCREMENT=382 ;

--
-- Dumping data for table `retailer_email`
--

INSERT INTO `retailer_email` (`id`, `email`, `retailer_id`) VALUES
(4, 'contact@xdeal.vn', 4),
(5, 'ly.ho@xdeal.vn', 4),
(6, 'contact@xdeal.vn', 5),
(7, 'ly.ho@xdeal.vn', 5),
(8, 'contact@xdeal.vn', 6),
(9, 'ly.ho@xdeal.vn', 6),
(10, 'contact@xdeal.vn', 7),
(11, 'ly.ho@xdeal.vn', 7),
(12, 'contact@xdeal.vn', 8),
(13, 'ly.ho@xdeal.vn', 8),
(14, 'webmaster@phimnhanh.net', 9),
(15, 'lequivn@gmail.com', 9),
(16, 'Không có', 10),
(17, 'thanhcong07@yahoo.com', 12),
(18, 'thienhuy@baore.vn', 12),
(19, 'contact.click48@gmail.com ', 13),
(20, 'lienhe.click48@gmail.com', 13),
(21, 'damquanghuy83@gmail.com', 14),
(22, 'info@dealhotday.com', 16),
(23, '', 16),
(24, 'hotro.emart365@gmail.com', 17),
(25, 'info@hideal.vn', 18),
(26, 'info@laritaclona.com ', 19),
(27, 'hoptachcm@muachung.vn', 20),
(28, 'hcm@muachung.vn', 20),
(29, 'info@muaredeal.com', 21),
(30, 'info@nhommua.com', 22),
(31, '', 22),
(32, 'redeal.vn@gmail.com', 23),
(33, 'support@sieumua.com', 24),
(34, 'lienhe@168group.vn', 25),
(35, 'admin@7deal.vn', 26),
(36, 'admin@cohoimua.com ', 28),
(37, 'tranxuandien1206@gmail.com', 28),
(38, ' hotro@cungmua.com', 29),
(39, 'Deal1hcm@gmail.com', 30),
(40, 'Managertiti@gmail.com', 30),
(41, 'xuanngoc306@gmail.com', 31),
(42, 'info@dealmoi.vn', 32),
(43, 'sales@dealmoi.vn', 32),
(44, 'giovanggiatot@gmail.com', 34),
(45, 'evadeal@mail.com', 35),
(46, 'kinhdoanh@hotdeal.vn', 36),
(47, 'info@muasamtaigia.vn  ', 38),
(48, 'hotro@saha.vn', 40),
(49, 'wowquare@yahoo.com', 42),
(50, ' kinhdoanh@abcdeal.vn', 43),
(51, ' info@1tot.vn', 44),
(52, 'sales@1tot.vn', 44),
(53, 'biz@couponhot.vn', 45),
(54, '', 45),
(55, 'contact@cungmuasam.net', 46),
(56, 'support@deal18.vn', 47),
(57, 'info@dealdocla.vn', 48),
(58, 'dealprovn@gmail.com', 49),
(59, ' support@dealvip.vn ', 50),
(60, 'sales@dealvip.vn', 50),
(61, 'groupmuavn@gmail.com', 51),
(62, 'info@kay.vn', 52),
(63, 'info@kay.vn', 53),
(64, 'luckydeal.vn@gmail.com', 54),
(65, 'muahangvip2011@gmail.com', 55),
(66, 'Redeal.vn@gmail.com', 56),
(67, '', 56),
(68, 'info@saigonmua.vn', 57),
(69, 'info@hqshop.com', 58),
(70, 'info247@247shopping.vn', 59),
(71, 'help@babydeal.vn', 60),
(72, 'support@cheapdeal.vn   ', 61),
(73, '', 61),
(74, 'info@cucre.vn ', 62),
(75, 'hcm@cucre.vn', 62),
(76, 'info@cungsam.vn', 63),
(77, 'dichvuhotro247@gmail.com', 64),
(78, ' info@dealsaigon.com', 65),
(79, 'info@dhdeal.vn', 66),
(80, 'info@hanggiasoc.vn', 67),
(81, 'info@mientaymua.com', 68),
(82, 'hotro@mualaloi.com    ', 69),
(83, 'Retunggiayvn@gmail.com', 70),
(84, '', 70),
(85, 'ad_24h@asia.com', 71),
(86, 'kinhdoanh@yandeal.vn', 72),
(87, 'hotro@yandeal.vn', 72),
(88, 'support@51deal.vn', 73),
(89, 'cheappay.vn@gmail.com', 74),
(90, 'cungvaomua.com@gmail.com', 75),
(91, 'contact@deal60giay.vn', 76),
(92, ' info@diadiemvang.net', 78),
(93, 'info@kiddeal.vn ', 80),
(94, ' info@moxdeals.vn', 81),
(95, 'info@muamoingay.com', 82),
(96, ' info@nhanhmua.vn', 83),
(97, ' shopdore.com@gmail.com', 84),
(98, 'Saleyeah1deal@gmail.com', 86),
(99, ' trendyfashion.vn@gmail.com', 94),
(100, 'kinhdoanh@quanaoredep.com', 96),
(101, 'nnlinh239@gmail.com', 98),
(102, 'shopteu@gmail.com', 99),
(103, 'info@giasiaothun.com', 100),
(104, 'alicehoanggiang@gmail.com', 101),
(105, 'Jerryshop246@yahoo.com.vn', 102),
(106, 'sale@yumefashion.net', 103),
(107, 'jajo888@gmail.com', 104),
(108, 'arunishop@gmail.com', 105),
(109, ' suju_bags@yahoo.com.vn', 106),
(110, 'hoangthuhien192@gmail.com', 107),
(111, 'dathang@zonbig.com', 108),
(112, ' zbebuz321tinh@gmail.com', 109),
(113, 'hotcha168@yahoo.com', 111),
(114, 'shopvelvet1@yahoo.com ', 113),
(115, 'fivestyle.shop@gmail.com  ', 115),
(116, 'dollteeny_shop@yahoo.com', 116),
(117, 'shopwoaini@gmail.comc', 117),
(118, 'support@mydeal.vn', 118),
(119, 'negahcm@yahoo.com', 119),
(120, 'info@delight.com.vn', 120),
(121, 'info@ninomaxx.com.vn', 121),
(122, ' thoitrangtichtac@gmail.com', 122),
(123, 'customer@zalora.vn', 123),
(124, 'hao.hahashop@yahoo.com', 124),
(125, 'fon_hahashop@yahoo.com', 124),
(126, 'gulu_shop@yahoo.com', 126),
(127, ' kentasale@gmail.com', 127),
(128, ' thoitrang.minhngoc@yahoo.com', 128),
(129, 'sunflower6264@yahoo.com.vn', 131),
(130, ' thoitrangcuatoi.com@gmail.com', 132),
(131, 'sale@gpg.vn', 133),
(132, 'thoitrangxinh2@yahoo.com', 134),
(133, ' info@vananhshop.com', 135),
(134, 'kinhdoanh@motgia.com ', 136),
(135, 'sales@kkfashion.vn', 138),
(136, 'meo_shop90@yahoo.com.vn', 140),
(137, 'style@style4u.vn', 141),
(138, 'sangbabyshop@yahoo.com', 142),
(139, 'sangbabyshop@yahoo.com', 143),
(140, 'sangtao@sangtao.info', 146),
(141, 'hokiphong@yahoo.com', 148),
(142, 'info@shopthailan.com', 149),
(143, ' info@chulun.vn', 150),
(144, 'atintin.com@gmail.com', 153),
(145, 'safashions80@yahoo.com.vn', 154),
(146, 'cavalloshop@gmail.com', 155),
(147, 'facioshop@gmail.com', 156),
(148, 'http://shop249.com/', 158),
(149, 'tonikimshop@gmail.com', 161),
(150, 'jeandonggia@yahoo.com', 163),
(151, ' vinhcompany@ymail.com', 165),
(152, 'yessyshop@gmail.com', 166),
(153, 'boo@bosua.vn', 169),
(154, 'haibatrung.hcm@bosua.vn', 169),
(155, 'info@mbcare.com.vn  ', 170),
(156, 'info@sensorial.vn', 171),
(157, 'shopkoga@gmail.com', 173),
(158, 'rosafashionvn@gmail.com', 174),
(159, 'mymyshop92@yahoo.com', 175),
(160, 'likeshop.mn@gmail.com', 176),
(161, ' ivynguyen1003@yahoo.com', 177),
(162, 'lienhe@fashionstyle.com.vn', 178),
(163, 'sale@navyshop.vn', 179),
(164, 'nky.babe@gmail.com', 180),
(165, 'freeshopvn@yahoo.com', 182),
(166, ' shoptinhnhan247@yahoo.com  ', 183),
(167, 'shophangla@yahoo.com.vn', 184),
(168, 'madamdzi@gmail.com', 185),
(169, 'HangHieuDoc.com@gmail.com', 186),
(170, 'bedieu.vn@gmail.com', 188),
(171, ' littleangel_32@yahoo.com.vn', 189),
(172, 'lienhe@catsashop.com', 191),
(173, 'kinhdoanh24hdeal@gmail.com', 192),
(174, 'K300shop1@yahoo.com ', 193),
(175, 'K300shop2@yahoo.com', 193),
(176, 'Shopthoitrangcantho@yahoo.com ', 194),
(177, 'pretty_vu69@yahoo.com', 195),
(178, 'quangworking@gmail.com', 196),
(179, 'tutupetti@gmail.com', 197),
(180, 'vathoitrang@yahoo.com', 200),
(181, 'shop@thoitrangkorea.com', 202),
(182, ' thuytrang28_2@yahoo.com', 203),
(183, 'admin@muatop.vn', 205),
(184, 'thuan0701@yahoo.com.vn', 207),
(185, 'business@apalife.com', 208),
(186, 'thoitrangtd.vn@gmail.com', 209),
(187, 'nava@nct.vn', 210),
(188, 'shopnhat.phuonglinh@yahoo.com', 211),
(189, 'tranyenngoc9x@gmail.com', 212),
(190, 'sales@topstyle.vn', 213),
(191, ' kimlong10119@yahoo.com', 219),
(192, 'mqshine@gmail.com', 220),
(193, 'cola@colafashion.com', 222),
(194, 'sales@f5fashion.vn', 223),
(195, 'thoitrangdemi@gmail.com', 224),
(196, 'sale@fshop14.com', 227),
(197, ' thotrangdep24h.com@gmail.com ', 229),
(198, ' nguyenkimlong01@gmail.com', 231),
(199, 'thoitrangxuatkhauhcm@yahoo.com', 232),
(200, 'Jimi.luxury@gmail.com', 234),
(201, 'MrT_Shop@yahoo.com', 235),
(202, 'son@mikifashion.com.vn', 236),
(203, 'info@shopdamxinh.vn ', 237),
(204, 'yennguyen3911@yahoo.com.vn ', 238),
(205, 'bui.anphu@yahoo.com', 238),
(206, 'hotrokhachhang@mymartvn.com', 240),
(207, '123chon@123chon.vn ', 241),
(208, ' info@evashoes.com.vn ', 244),
(209, 'loveforget17@yahoo.com	', 245),
(210, 'namnguyen100386@yahoo.com.vn', 247),
(211, 'nammifashion@gmail.com', 247),
(212, 'thuynguyenqtkd@yahoo.com', 248),
(213, 'nga_shop68@yahoo.com', 253),
(214, 'info@elenasty.com', 254),
(215, 'mary_cute_best77@yahoo.com', 256),
(216, 'contact@hello247.net  ', 260),
(217, 'nxan06@gmail.com', 262),
(218, 'anshanghai@yahoo.com', 262),
(219, 'mjuxjnh_2110@yahoo.com.vn', 264),
(220, 'kan.shop19@yahoo.com.vn', 265),
(221, 'info@cutekids.vn ', 266),
(222, 'cutekidsvietnam@gmail.com', 266),
(223, 'nguyennga0711@yahoo.com', 267),
(224, 'nyshop.ny@gmail.com', 271),
(225, 'kpshopvn@yahoo.com', 274),
(226, 'pesuamilu@yahoo.com', 275),
(227, 'one_one121@yahoo.com', 275),
(228, 'sammystore88@gmail.com', 277),
(229, 'enolamat@yahoo.com.vn', 281),
(230, 'thoitrangxitin@gmail.com', 283),
(231, 'thoitrangno1.vn@gmail.com', 284),
(232, 'shoptwins.net@gmail.com', 286),
(233, 'diemtrang2808@yahoo.com.vn', 287),
(234, ' info@abcdeal.vn', 288),
(235, 'http//bionline.vn', 290),
(236, 'nguyendan@sunfly.com.vn ', 291),
(237, ' info@canifa.com ', 292),
(238, 'saleonline@canifa.com', 292),
(239, 'hao@orangestyle.vn', 295),
(240, 'hotro@lamdieu.com', 299),
(241, 'cloudhouseshop@yahoo.com.vn', 303),
(242, 'tuyetnhi921988@yahoo.com', 306),
(243, 'ime_fashion@yahoo.com', 310),
(244, 'contact@hoangphucinternational.com', 311),
(245, 'trangngan2152003@yahoo.com', 314),
(246, 'info@zaa.vn', 316),
(247, 'FashionTV.vn@gmail.com', 325),
(248, 'DocLa.vn@gmail.com', 325),
(249, 'remmyson.1988@yahoo.com.vn', 331),
(250, 'son@remmy.vn', 331),
(251, 'info@gal.com.vn', 334),
(252, 'rose_shop@yahoo.com', 335),
(253, 'baotoan@thoitrangjolie.com', 340),
(254, 'sales@shop3mien.com', 341),
(255, 'ngotuongan@gmail.com', 341),
(257, 'info@brada-maxi.com', 344),
(258, 'vuhangkd@yahoo.com.vn', 346),
(259, ' annacollection0207@yahoo.com.vn', 348),
(260, 'canary5863@yahoo.com', 353),
(261, 'biengioihg@gmail.com', 354),
(262, 'phucxin1805@yahoo.com.vn	', 355),
(263, 'jennifer.lao.au@gmail.com', 357),
(264, ' heygirlshop@yahoo.com', 361),
(265, 'nguyenhoathinh@gmail.com', 362),
(266, 'pigofashion@yahoo.com', 363),
(267, 'CaoCap24h.vn@gmail.com', 366),
(268, 'crystal_trinh125@yahoo.com', 367),
(269, 'shock_ti3u_thu@yahoo.com', 368),
(270, 'shop79_aothunteen@yahoo.com', 370),
(271, 'nxan06@gmail.com ', 373),
(272, 'anshanghai@yahoo.com', 373),
(273, ' nga_shop68@yahoo.com.vn', 374),
(274, 'quanaotreemxuatkhau2210@gmail.com', 376),
(275, 'tuanperfume@yahoo.com ', 377),
(276, 'heinekenshop@yahoo.com', 378),
(277, 'othunart@yahoo.com', 379),
(278, 'boorinkidshop@yahoo.com ', 380),
(279, '', 380),
(280, '', 380),
(281, 'thoitrangxuatkhaugm@yahoo.com', 381),
(282, 'mynguyen8087@gmail.com', 381),
(283, 'yeuconlam2012@yahoo.com', 382),
(284, 'sales@gkshop912.com', 383),
(285, 'naman_lsx@yahoo.com.vn', 384),
(289, 'shop_mayly1@yahoo.com', 386),
(290, 'amazingtee@amazingtee.com', 343),
(292, 'camgiang117@gmail.com', 387),
(293, 'thanhmaishop@yahoo.com', 389),
(294, 'prettyshop_vn@yahoo.com', 389),
(295, 'nhadat1989@gmail.com', 390),
(296, 'nguyenhongbg@ymail.com', 391),
(297, 'AothunKungFu@gmail.com', 392),
(298, 'vaydamcongso1@yahoo.com.vn', 393),
(299, 'jelyn_fashion@yahoo.com', 394),
(300, 'info@sieunhommua.com ', 395),
(301, 'zannyshop@yahoo.com', 397),
(302, 'anhbanmai8118@gmail.com', 398),
(303, 'kivaboutique@yahoo.com', 400),
(304, 'tieuuyendiep@gmail.com ', 403),
(305, 'vuhangkd@yahoo.com.vn', 404),
(306, 'thoitrangpinkshop@gmail.com', 405),
(307, 'xoxoshop4u@gmail.com', 406),
(308, 'ktfashion1@yahoo.com', 408),
(309, 'ktfashion303@yahoo.com.vn', 408),
(310, 'doanthu121@gmail.com', 408),
(311, 'angellamshop@yahoo.com', 411),
(312, 'shopxbibi@yahoo.com', 412),
(313, 'cocosinshop@gmail.com', 414),
(314, 'Cuxi.line@gmail.com', 415),
(315, 'minhhienk15@gmail.com', 422),
(316, 'DucThanhs@yahoo.com.vn', 426),
(317, 'leprintempsvn@gmail.com', 429),
(318, 'shoplananh7x@yahoo.com', 430),
(319, 'korea2vn@yahoo.com', 431),
(320, 'camnhung1983@gmail.com ', 433),
(321, 'hnngocanh89@gmail.com', 434),
(322, 'thoi.trang.bui@gmail.com', 435),
(323, 'Littlesh0p@yahoo.com.vn', 437),
(324, 'thoitrangxteen91@yahoo.com.vn', 439),
(325, 'tunhi95@gmail.com', 440),
(326, 'info@xiteenshop.net ', 441),
(327, 'le_tu_star@yahoo.com.vn', 442),
(328, 'bibinguyen86@yahoo.com.vn', 448),
(329, 'ngocthao@thoitrangmim.com', 449),
(330, 'info@luuly.com', 450),
(331, 'banhang.susu@gmail.com', 451),
(332, 'sales@thoitrangtresusu.com', 451),
(333, 'thoitrangshinh@gmail.com ', 452),
(334, 'info@jstylefashion.com', 453),
(335, 'info@shopbexinh.vn', 454),
(336, 'shoptigonvn@gmail.com', 455),
(337, 'sagovn.com@gmail.com', 456),
(338, 'thoitrangviet.baby@yahoo.com.vn', 457),
(339, 'tthanhthanh@yahoo.fr ', 458),
(340, 'nadushop@yahoo.com', 461),
(341, 'daohainam2006@yahoo.com', 461),
(342, 'business@apalife.com', 465),
(343, 'ngocnga0109@gmail.com', 466),
(344, 'info@tmgroup.com.vn', 467),
(345, ' info.sboutique@yahoo.com', 468),
(346, 'mai.ttpham@yahoo.com ', 468),
(347, 'support@beo.vn', 470),
(348, 'info@kimiboutique.com', 471),
(349, 'contact@tinyink.com.vn', 474),
(350, 'shop.violets@yahoo.com.vn', 475),
(351, 'shoplanchi@gmail.com', 477),
(352, 'shop_welcom123@yahoo.com.vn', 478),
(353, 'info@thoitrangsile.com', 479),
(354, 'sale@mmifashion.com', 482),
(355, 'support@2en.vn', 484),
(356, 'dkproshop@yahoo.com.vn', 487),
(357, 'info@konheo.com', 488),
(358, 'lemonshop1023@gmail.com', 490),
(359, 'contact@lingo.vn', 492),
(360, 'support@vian.vn', 493),
(361, 'inffo@vian.vn', 493),
(362, 'tang_chieu_cao@yahoo.com', 495),
(363, 'nanaxiuxiushop@zing.vn', 496),
(364, 'winwinshop88@yahoo.com.vn ', 497),
(365, 'baby@shopqua.com', 498),
(366, 'hanstylevn@gmail.com', 499),
(367, 'lookbook.saigon@gmail.com', 504),
(368, 'mymyshopaholic@gmail.com', 505),
(369, 'fashionista.shop@live.com', 506),
(370, 'MatBuShop@gmail.com', 507),
(371, 'kenbinshop79@gmail.com', 510),
(372, 'tinhvt89@gmail.com', 512),
(373, 'l', 515),
(374, 'a', 516),
(375, 'l', 517),
(376, 'a', 518),
(377, 'f', 519),
(378, 'l', 520),
(379, 'l', 521),
(380, 'l', 522),
(381, 'a', 523);

-- --------------------------------------------------------

--
-- Table structure for table `retailer_office`
--

CREATE TABLE IF NOT EXISTS `retailer_office` (
  `id` int(11) NOT NULL AUTO_INCREMENT,
  `retailer_id` int(11) NOT NULL DEFAULT '0',
  `address` varchar(200) COLLATE utf8_unicode_ci DEFAULT NULL,
  `city` int(5) DEFAULT NULL,
  `district` int(5) DEFAULT NULL,
  PRIMARY KEY (`id`)
) ENGINE=InnoDB  DEFAULT CHARSET=utf8 COLLATE=utf8_unicode_ci AUTO_INCREMENT=863 ;

--
-- Dumping data for table `retailer_office`
--

INSERT INTO `retailer_office` (`id`, `retailer_id`, `address`, `city`, `district`) VALUES
(5, 4, '595 S? V?n H?nh, Ph??ng 13', 5, 146),
(6, 4, '339/15 Lê V?n S?, P.13', 5, 139),
(7, 4, '286/22 Tr?n H?ng ??o', 5, 146),
(8, 5, '595 S? V?n H?nh, Ph??ng 13', 5, 146),
(9, 5, '339/15 Lê V?n S?, P.13', 5, 139),
(10, 5, '286/22 Tr?n H?ng ??o', 5, 146),
(11, 6, '595 S? V?n H?nh, Ph??ng 13', 5, 146),
(12, 6, '339/15 Lê V?n S?, P.13', 5, 139),
(13, 6, '286/22 Tr?n H?ng ??o', 5, 146),
(14, 7, '595 S? V?n H?nh, Ph??ng 13', 5, 146),
(15, 7, '339/15 Lê V?n S?, P.13', 5, 139),
(16, 7, '286/22 Tr?n H?ng ??o', 5, 146),
(17, 8, '595 Sư Vạn Hạnh, Phường 13', 5, 146),
(18, 8, '339/15 Lê Văn Sỹ, P.13', 5, 139),
(19, 8, '286/22 Trần Hưng Đạo', 5, 146),
(20, 9, '243/9/10 Tô Hiến Thành', 5, 146),
(21, 9, 'Nha Trang', 32, 425),
(22, 10, 'Lầu 2, số 143 Lý Chính Thắng, Quận 3, Tp. Hồ Chí Minh', 5, 139),
(23, 11, 'Test', 5, 139),
(24, 11, 'Test', 17, 260),
(25, 12, '320/11A Huỳnh Văn Bánh, p.11, Quận Phú Nhuận, Tp. HCM', 5, 152),
(26, 12, '94/3 Phan Đăng Lưu , Phường 5, Quận Phú Nhuận', 5, 152),
(27, 13, '111/18/6 Tân Hai - Phường 13 - Quận Tân Bình - TP : Hồ Chí Minh', 5, 153),
(28, 13, '', 0, 132),
(29, 14, 'VP CựcVip - 63 Tùng Thiện Vương, P.11', 5, 144),
(30, 14, '', 0, NULL),
(31, 15, 'VP DalatDeal.vn Số 38/6 Hai Bà Trưng, Phường 6', 36, 469),
(32, 16, '505/15 Tân Kỳ Tân Quý, Phường Tân Quý', 5, 154),
(33, 16, '182/3 Lê Văn Sỹ, Phường 10', 5, 152),
(34, 17, ' SN63, Tổ 8, P.Quang Trung,', 55, 678),
(35, 17, 'Văn phòng Thái Nguyên. Số nhà 190, đường Lương Ngọc Quyến', 55, 671),
(36, 17, 'VP Hà Nội:P719 - Tòa Nhà Vân Nam - 26 Đường Láng ', 3, 85),
(37, 17, 'VP Nghệ An: Số nhà 17, ngõ A2, Đường Nguyễn Bỉnh Khiêm, Phường Hưng Dũng', 41, 529),
(38, 17, 'VP Vĩnh Phúc: Số nhà 612 Đường Hùng Vương, Phường Đồng Tâm', 62, 755),
(39, 18, 'F1/18C Ấp 6 Vĩnh Lộc A', 5, 132),
(40, 19, '626 Điện Biên Phủ, P.22', 5, 150),
(41, 20, 'VP Võ Văn Tần: Tầng trệt Cao ốc 123, 123 Võ Văn Tần, Phường 6', 5, 139),
(42, 20, 'VP Thành Thái: Khu kho bãi Lộc Điền, C30 Thành Thái, phường 14', 5, 146),
(43, 21, 'Lầu1, 159 Phạm Ngũ Lão, phường Phạm Ngũ Lão', 5, 137),
(44, 22, '331 Nguyễn Trọng Tuyển, Phường 10', 5, 152),
(45, 22, 'Tòa nhà Vincom, Tầng 14 72 Lê Thánh Tôn', 5, 137),
(46, 22, '50 Nguyễn Khuyến, Phường Văn Miếu', 3, 106),
(47, 23, '42/82 Huỳnh Thiện Lộc, P. Hoà Thạnh', 5, 154),
(48, 24, '236A/2 Lê Văn Sỹ, P.1', 5, 153),
(49, 25, 'CÔNG TY CỔ PHẦN QUỐC TẾ HOÀNG THIÊN: Tầng 06 , Diamond House - 34, Nguyễn Thị Định, Trung Hòa', 3, 105),
(50, 26, '286 Bà Hạt, Phường 9', 5, 146),
(51, 26, '', 0, NULL),
(52, 27, '115/11 Lê Văn Sĩ p.13 ', 5, 152),
(53, 28, '100/6 Thích Quảng Đức, Phường 5', 5, 152),
(54, 28, '100/6 Thích Quảng Đức, Phường 5', 0, 132),
(55, 28, '1 Cách Mạng Tháng 8 ', 14, 235),
(56, 28, '997/ 21 tổ 2 kp.Tân Bình, P.Tân Bình', 15, 244),
(57, 29, 'Tầng 2, 180-182 Lý Chính Thắng', 5, 139),
(58, 29, 'Tầng 4 – Lô 07-3A Khu CN Hoàng Mai', 3, 110),
(59, 29, 'Tầng 2, 180-182 Lý Chính Thắng', 0, 132),
(60, 29, 'Số E8, Đường N4, KDC Bửu Long', 22, 318),
(61, 29, '227/7 Trần Bình Trọng', 1, 72),
(62, 29, '62 Lưu Quý Kỳ', 2, 79),
(63, 29, '538 Lê Hồng Phong, P. Phước Long', 32, 425),
(64, 29, '107/11 Bình Giã, Phường 8', 7, 173),
(65, 30, 'Cửa hàng CÁ THỂ TITISHOP: 120, Nguyễn thái bình, P12', 5, 153),
(66, 31, '25 Lý Tự Trọng, P2', 23, 329),
(67, 32, '290C/20A Dương Bá Trạc, P1', 5, 144),
(68, 33, '76 đường Bàu Cát 3, Phường 14', 5, 153),
(69, 34, 'Số 3/31 Lương Định Của', 3, 106),
(70, 35, 'Tầng 16 & tầng 17 - Tòa nhà Gemadep - Số 6 đường Lê Thánh Tôn', 5, 137),
(71, 36, 'Trung Tâm Khách Hàng: 294 Hòa Bình, P.Hiệp Tân', 5, 154),
(72, 36, 'Công TNHH HotDeal: TẦNG 2, LỮ GIA PLAZA, 70 LỮ GIA, P.15', 0, 147),
(73, 37, 'Công ty TNHH Một Thành Viên Giờ Giải Lao: Tầng 2, tòa nhà Copac, số 12 Tôn Đản, phường 13', 5, 140),
(74, 38, '505/15 Tân Kỳ Tân Quý, Phường Tân Quý', 5, 154),
(75, 39, '824/28A-B Sư Vạn Hạnh, Phường 12', 5, 146),
(76, 40, ' 141/17 Bàn Cờ, P.3', 5, 139),
(77, 41, 'Công ty TNHH Thương Mại Dịch Vụ Minaland: 18/42/9 Dân Ý, phường 6', 5, 153),
(78, 41, 'VP Đại Diện: 451 Trần Hưng Đạo, phường Cầu Kho', 5, 137),
(79, 42, '273 Phan Xích Long, P.7', 5, 152),
(80, 42, '58/6A, Phạm Văn Thuận,Kp2,P.Tam Hiệp', 22, 318),
(81, 43, '5I25 Ấp 5, Tổ 7, đường Xuyên Lô - xã Phạm Văn Hai ', 5, 132),
(82, 44, '290C/20A Dương Bá Trạc, P1', 5, 144),
(83, 45, '30 Phùng Văn Cung , Phường 7', 5, 152),
(84, 46, '134-136, Đường Vĩnh Hội, P. 4', 5, 140),
(85, 47, '03 Bắc Hải, P.15', 5, 146),
(86, 48, '159 Phạm Ngũ Lão, phường Phạm Ngũ Lão', 5, 137),
(87, 49, '217A (Số Cũ) Hùng Vương, P.9', 5, 142),
(88, 50, 'Công ty cổ phần Dealvip Hồ Chí Minh: 49 Đường số 3, Cư Xá Đô Thành, P4', 5, 139),
(89, 51, 'Số nhà 38 ngõ 1 đường Đỗ Đức Dục', 3, 102),
(90, 52, '8D Nguyễn Thị Minh Khai, P.Đa Kao', 5, 137),
(91, 53, '8D Nguyễn Thị Minh Khai, P.Đa Kao', 5, 137),
(92, 54, '216/109, Lãnh Binh Thăng, F13', 5, 147),
(93, 55, '120 Nguyễn Thái Bình, P.12', 5, 153),
(94, 55, '449/6, Sư Vạn Hạnh, P.12', 5, 146),
(95, 55, '285, KP3, P.Thống Nhất', 22, 318),
(96, 56, '82 Đoàn Hồng Phước, Phường Hòa Thạnh', 5, 154),
(97, 57, '382/14, Nguyễn Thị Minh Khai, P.5', 5, 139),
(98, 58, '11/2 Nguyễn Trọng Tuyển', 5, 152),
(99, 59, '93 Trần Thiện Chánh P.12', 5, 146),
(100, 60, '66/4 Phạm Ngọc Thạch, Phường 6', 5, 139),
(101, 61, 'Văn phòng CheapDeal: 137/5A Lê Văn Sỹ, P.13', 5, 132),
(102, 61, '', 0, NULL),
(103, 62, '271, Đường 3/2, P.10', 5, 146),
(104, 62, 'Siêu thị giá tốt 27 Ngọc Khánh', 3, 104),
(105, 62, 'số 10 Trần Phú ', 3, 107),
(106, 63, '35 Nguyễn Văn Tráng, P.Bến Thành', 5, 137),
(107, 64, ' 84 Nguyễn Bá Tuyển, Phường 12,', 5, 153),
(108, 65, '656/35 Cách Mạng Tháng 8, Phường 11 (CÔNG TY TNHH ĐẦU TƯ THƯƠNG MẠI MINH THI)', 5, 139),
(109, 66, '129/21 Nguyễn Trãi, P2 (Công ty TNHH Máy Tính Dũng Hiền)', 5, 141),
(110, 67, 'Số 7 Nam Quốc Cang,P.Phạm Ngũ Lão', 5, 137),
(111, 68, '316 Lương Phú A, Lương Hòa Lạc (Công ty TNHH Công Nghệ Miền Tây Mua)', 58, 719),
(112, 69, 'Công ty TNHH Đinh Vàng: 48 Đinh Tiên Hoàng, P. Đakao', 5, 137),
(113, 70, '57 Tân Thành ,Phường 12 ', 5, 141),
(114, 70, 'Công Ty TNHH MTV Năng Thanh :908,Cách Mạng Tháng 8,Phường 5 ', 5, 153),
(115, 71, '72 Phan Huy Ích, P15', 5, 153),
(116, 72, '419/35 Cách Mạng Tháng 8, Phường 13', 5, 146),
(117, 73, 'Công ty Cổ phần Truyền Thông Hoàng Kim Long: Tầng 2 - Tòa nhà Nam Thanh Số 35B-35C đường Ba Tháng Ha', 5, 146),
(118, 74, 'Công ty TNHH Cheappay: Lô B3, Khu văn phòng Quốc hội - 217 đường La Thành', 3, 106),
(119, 75, 'E12 Lầu 12 Trung Đông Plaza 30 Trịnh Đình Thảo, P. Hòa Thạnh ', 5, 154),
(120, 76, 'Lầu 1, 13/170 Trần Văn Hoàng - P9', 5, 153),
(121, 77, '42/82A Hùynh Thiện Lộc, Hòa Thạnh', 5, 154),
(122, 78, '159 Phan Xích Long, Phường 7', 5, 152),
(123, 79, 'F6, TRƯỜNG SƠN, PHƯỜNG 15', 5, 146),
(124, 80, '139A Phạm Hữu Lầu, P.Phước Kiển', 5, 136),
(125, 81, 'Số 72 - Đường số 11 - KDC Him Lam 6A Bình Hưng', 5, 132),
(126, 82, '25 Đô Đốc Chấn, Phường Sơn Kỳ', 5, 154),
(127, 83, 'Số 64 Trương Định, Phường 7', 5, 139),
(128, 84, '354/27 (số cũ 270/27) Lý Thường Kiệt P.14 ', 5, 146),
(129, 85, '354/91 Phan Văn Trị, Phường 11', 5, 150),
(130, 86, '120 Nguyễn Thái Bình, P.12', 5, 153),
(131, 86, ' 449/6, Sư Vạn Hạnh, P.12', 5, 146),
(132, 86, '285, KP3, P.Thống Nhất', 22, 318),
(133, 87, 'YaMe I - 770F, Sư Vạn Hạnh (ND), P.12', 5, 146),
(134, 87, 'YaMe II - 190, Nguyễn Trãi, P.3', 5, 141),
(135, 87, 'YaMe V - 286, 3 tháng 2, P.12', 5, 146),
(136, 87, 'YaMe VIII - 770C, Sư Vạn Hạnh (ND), P.12', 5, 146),
(137, 87, 'YaMe X - 118, Nguyễn Trãi, P.3', 5, 141),
(138, 87, 'YaMe IV - 202, Huỳnh Văn Bánh, P.12', 5, 152),
(139, 87, 'YaMe VII - 1040 - 1042 Cách Mạng Tháng 8, P.4', 5, 153),
(140, 87, 'YaMe Thủ Đức - 336, Võ Văn Ngân', 5, 155),
(141, 87, 'YaMe I - 770F, Sư Vạn Hạnh (ND), P.12', 0, 132),
(142, 87, 'YaMe Biên Hòa - 27-29, đường 30/4, P. Trung Dũng', 22, 318),
(143, 87, 'YAME Đà Nẵng - 391, Lê Duẩn', 2, 83),
(144, 88, ' 338 Vĩnh Viễn, P8', 5, 146),
(145, 89, '740/2 Sư Vạn Hạnh, P.12', 5, 146),
(146, 89, '100 Trần Quang Diệu, P.14', 5, 139),
(147, 90, 'Shop Xì tin :706 Điện Biên Phủ ,P10', 5, 146),
(148, 90, 'Shop Xì tin :706 Điện Biên Phủ ,P10', 0, 132),
(149, 90, 'Roxy House: 82 Nguyễn Ái Quốc ,P.Tân Tiến ', 22, 318),
(150, 91, '75 ngõ 295 Bạch Mai ', 3, 108),
(151, 92, '271-273 Nguyễn Trãi, P2', 5, 141),
(152, 92, '271-273 Nguyễn Trãi, P2', 5, 141),
(153, 92, '692-694 Cách Mạng Tháng 8', 5, 153),
(154, 93, '197/110 i Nguyễn Kim, Phường 7', 5, 146),
(155, 93, 'Showroom: 272 Lê Văn Khương, Phường Thới An', 5, 148),
(156, 94, '436/11/1A  Cách mạng tháng 8, P11', 5, 139),
(157, 95, '236/12/12 Điện Biên Phủ, P17', 5, 150),
(158, 96, '386/31 Quang Trung, Phường 10', 5, 766),
(159, 97, ' 327 Lãnh Binh Thăng, Phường 8', 5, 147),
(160, 98, '302/15/13 Phan Huy Ích, P.12', 5, 766),
(161, 99, 'Tầng 2, Tòa nhà Số 56 Hoàng Văn Thái', 3, 113),
(162, 100, '69 Phan Văn Hân P.17', 5, 150),
(163, 101, 'L3, Quang Trung, Phường 11', 5, 766),
(164, 102, '1099/1 Đường 3/2, P6', 5, 147),
(165, 103, '145 Bàn Cờ , P.3 ', 5, 139),
(166, 104, '232/8 Ngô Quyền, P.8', 5, NULL),
(167, 105, '745/10 Lạc Long Quân, Phường 10', 5, 153),
(168, 106, ' 149/39 Bành Văn Trân , Phường 7', 5, 153),
(169, 107, '353/6C Nguyễn Trọng Tuyển , P1', 5, 153),
(170, 108, '78 Lê Niệm, F.Phú Thạnh', 5, 154),
(171, 109, ' 466/3/10 Phú Thọ Hòa, P. Phú Thọ Hòa', 5, 154),
(172, 110, '137/43 Lê Văn Sỹ, P.13', 5, 152),
(173, 111, '505 c/c Tuệ Tĩnh, P.12', 5, 147),
(174, 112, '695 Hồng Bàng, Phường 6', 5, 142),
(175, 113, ' 297/8 Lạc Long Quân, Phường 3', 5, 147),
(176, 113, '148/15/1 Đường Số 59, P.14', 5, 766),
(177, 114, '242/90 Đường Bà0 Hom, P13', 5, 142),
(178, 115, 'P.419, Lô G, Chung cư Bàu Cát 2, P.10', 5, 153),
(179, 116, 'Số 15 ngõ 61 Tây Sơn ', 3, 106),
(180, 117, '399B Cách Mạng Tháng Tám P.13 ', 5, 146),
(181, 117, '190/47 Nguyễn Tiểu LA, P.8', 5, 146),
(182, 117, '732 Nguyễn Trãi, P.13', 5, 146),
(183, 118, '80/7/3 Ba Vân, P.14', 5, 153),
(184, 119, '327 Lãnh Binh Thăng, Phường 8', 5, 147),
(185, 120, '17 Nguyễn Thiện Thuật, P2', 5, 139),
(186, 120, '32/34 Trương Hoàng Thanh, P12', 5, 153),
(187, 121, '84A Bà Huyện Thanh Quan', 5, 139),
(188, 122, ' 714/21 Đoàn Văn Bơ, P.16', 5, 140),
(189, 122, '98/1C Trần Hưng Đạo, P.An Nghiệp', 1, 72),
(190, 123, 'Tòa nhà COPAC Square: 12 Tôn Đản , Phường 13', 5, 140),
(191, 124, ' 336/5 Vĩnh Viễn, P.8', 5, 146),
(192, 125, '17/6  Phan Huy Ích', 5, 766),
(193, 126, 'Phòng 1402, Tòa nhà 130, đường Nguyễn Đức Cảnh', 3, 110),
(194, 127, ' 20 Cửu Long, P15', 5, 146),
(195, 128, '59 đường số 16 phường Bình Hưng Hòa', 5, 149),
(196, 129, '188C Trần Quang Khải', 5, 137),
(197, 130, 'Tầng 1 Tiến Thịnh Building: 135B Điện Biên Phủ, P.15', 5, 150),
(198, 130, '181 Ngõ Xã Đàn 2, Nam Đồng', 3, 106),
(199, 131, '100A Trần Quốc Toản, Phường 7', 5, 139),
(200, 132, 'Số 8 Ngõ 36A, Phạm Văn Đồng', 3, 102),
(201, 132, '811/16 -Đường Lũy Bán Bích - phường Tân Thành', 5, 154),
(202, 133, '798 Cách Mạng Tháng 8, P.5', 5, 153),
(203, 133, '77 Nguyễn Trãi, P.2, Q.5', 5, 141),
(204, 133, '79 Lê Văn Sỹ, P.13', 5, 152),
(205, 133, '274 Quang Trung, P.10', 5, 766),
(206, 133, '362 Võ Văn Ngân, P. Bình Thọ', 5, 155),
(207, 133, '160 Hùng Vương, ', 23, 329),
(208, 134, '60 Ngô Bệ, F13', 5, 153),
(209, 135, '329/28 Điện Biên Phủ , P.4', 5, 139),
(210, 136, '101B , Ngõ 61 , Phố Thái Thịnh ', 3, 0),
(211, 137, '199/40/7 Cách Mạng Tháng 8 ,P4', 5, 139),
(212, 138, '268 TÔ HIẾN THÀNH, P. 15', 5, 146),
(213, 138, '252 PHAN ĐÌNH PHÙNG, P.1', 5, 152),
(214, 138, ': 78 TRẦN QUANG DIỆU, P.14', 5, 139),
(215, 138, ' 259 NGUYỄN TRÃI, P.NGUYỄN CƯ TRINH', 5, 137),
(216, 139, '97 Chùa Láng ', 3, 106),
(217, 139, ' 607 Nguyễn Trãi', 3, 113),
(218, 140, '30/ 16 Phùng Văn Cung, P. 7', 5, 152),
(219, 141, '95 Pasteur', 5, 137),
(220, 142, '32 Đông Thạnh A, P. Mỹ Thạnh', 6, 164),
(221, 143, '32 Đông Thạnh A, P. Mỹ Thạnh', 6, 164),
(222, 144, '223A Phạm Viết Chánh, P. Nguyễn Cư Trinh', 5, 137),
(223, 144, '52 Trần Quang Diệu, P. 14', 5, 139),
(224, 144, '157 Phan Đăng Lưu', 5, 152),
(225, 144, '329 Nguyễn Trãi, P. 7', 5, 141),
(226, 144, '209A Bà Hom, P. 13', 5, 142),
(227, 144, '328 Nguyễn Thị Thập, P. Tân Quý', 5, 143),
(228, 144, '99 Lê Văn Việt, P. Hiệp Phú', 5, 145),
(229, 144, '145 Âu Cơ, P. 14', 5, 147),
(230, 144, '17 Bắc Hải, P. 15', 5, 146),
(231, 144, '99 Yersin, P. Hiệp Thành', 14, 235),
(232, 144, '450A Phạm Văn Thuận, P. Trung Dũng', 22, 318),
(233, 144, '320A Lê Duẩn', 2, 0),
(234, 145, '519 Huỳnh Văn Bánh, P14', 5, 152),
(235, 146, '282B Nguyễn Trọng Tuyển, P.10', 5, 152),
(236, 147, '4C Phan Văn Khỏe P.13', 5, 141),
(237, 148, ' 61 Phùng Văn Cung, Phường 2', 5, 150),
(238, 149, '93/11 TRẦN KHẮC CHÂN, P.TÂN ĐỊNH', 5, 137),
(239, 149, '384/20 NAM KỲ KHỞI NGHĨA,  P8', 5, 139),
(240, 150, '634 Đường CMT8, P11', 5, 139),
(241, 150, '524 Đường Nguyễn Trãi, P8', 5, 141),
(242, 150, '528 Đường Nguyễn Trãi, P8', 5, 141),
(243, 150, '289 Đường Bà Hom, P13', 5, 142),
(244, 150, '108 Đường Liên Tỉnh 5, P6', 5, 144),
(245, 150, '242A Đường Lãnh Binh Thăng, P13', 5, 147),
(246, 150, 'Làng Đại học quốc gia, P.Linh Trung', 5, 155),
(247, 150, '117 Đường Hòa Bình, P. Hiệp Tân', 5, 154),
(248, 150, '167 Đường Nguyễn Trãi, P.Thái Bình', 1, 72),
(249, 150, '189 Đường Nam Kỳ Khởi Nghĩa, P4', 58, 724),
(250, 150, '1082 Đường CMT8, P.Phú Thọ', 14, 235),
(251, 150, '774 Đường CMT8, P.4,', 53, 662),
(252, 150, '26/10 Đường Âu Cơ', 53, 658),
(253, 151, '735 Xô Viết Nghệ Tỉnh, Phường 26', 5, 150),
(254, 152, ' 660/8 Điện Biên Phủ, P11', 5, 146),
(255, 153, '113, Hoàng Hoa Thám,P.13', 5, 153),
(256, 154, '78 - 80- 82- 84 - 94 - 102, Huỳnh Văn Bánh, P.15', 5, 152),
(257, 155, '156/33B Lê Văn Thọ , phường 11', 5, 155),
(258, 156, '47/85 Lạc Long Quân, P.1', 5, 147),
(259, 157, '382A CÁCH MẠNG THÁNG TÁM , P.10', 5, 139),
(260, 157, '65 LÊ VĂN SĨ, P13', 5, 152),
(261, 157, '296 QUANG TRUNG, P10', 5, 766),
(262, 157, '387 SƯ VẠN HẠNH,P13', 5, 146),
(263, 157, '194 DƯƠNG BÁ TRẠC,P2', 5, 144),
(264, 157, '86 VÕ VĂN NGÂN,P.BÌNH THỌ', 5, 155),
(265, 157, '01 D2,P25', 5, 150),
(266, 158, ' 247 - 249 Tân Thành p15', 5, 141),
(267, 159, '01 Đường Thống Nhất - Phường Bình Thọ', 5, 155),
(268, 159, '481 Đường Lê văn sỹ - Phường 2', 5, 153),
(269, 159, '55 Đường Quang trung - Phường 10 ', 5, 766),
(270, 160, '99C/33 Cộng Hoà. P.4', 5, 153),
(271, 161, '938 Cách mạng tháng 8, P.5', 5, 153),
(272, 162, '87/66 Hồ Thị Kỷ, phường 1', 5, 146),
(273, 163, '199 Lê Văn Sỹ, P 14', 5, 152),
(274, 163, '298 Nguyễn Trãi, P8', 5, 141),
(275, 164, '20/17A2, Mễ Cốc, Phường 15', 5, 144),
(276, 165, '180/45 Nguyễn Hữu Cảnh, P.22', 5, 150),
(277, 165, '107 Đường số 8, P.Bình An', 5, 138),
(278, 166, '115/10 Trần Kế Xương, P.7 ', 5, 152),
(279, 166, '115/10 Trần Kế Xương -P.7 ', 0, 0),
(280, 166, '10C Phan Chu Trinh', 22, 318),
(281, 167, ' 52 Đất Thánh, P.6', 5, 153),
(282, 168, '489A/32 Huỳnh Văn Bánh P.13', 5, 152),
(283, 169, '84 Hàng Điếu', 3, 0),
(284, 169, '42C Lý thường kiệt', 3, 0),
(285, 169, '134 Nguyễn Trãi ', 5, 0),
(286, 169, 'BOO CITI :308 Bà Triệu', 3, 0),
(287, 169, '187A HBT, Q3', 5, 139),
(288, 169, '189 Nghi Tàm', 3, 112),
(289, 169, '187A Hai Bà Trưng', 5, 139),
(290, 170, 'VP Chính: 54-55 Phan Xích Long, P.3', 5, NULL),
(291, 171, 'Gian hàng 004 - 005, Số 2-4-6 Đồng Khởi ', 5, 137),
(292, 171, 'Gian hàng C02 - C03, Số 135 Nguyễn Huệ, P.Tân Phú', 5, 137),
(293, 171, 'Gian hàng 2F-23B Crescent Mall ,101 Tôn Dật Tiên', 5, 143),
(294, 171, 'R4-90, Đường nội khu Hưng Gia - PMH - P.Tân Phong ', 5, 143),
(295, 171, 'Gian hàng 1FL - 05, Tầng 1, Nha Trang Center - 20 Trần Phú', 32, 425),
(296, 171, 'Gian hàng XA 2031, Tầng 2, Imperial Plaza 159 - 163 Thùy Vân', 7, 173),
(297, 171, 'Gian hàng 6-15, Tầng 6, TTTM Tràng Tiền Plaza - 24 Hai bà Trưng', 3, 109),
(298, 172, ' 79/28 Lê Hoàng Phái - P17', 5, 766),
(299, 173, '72A, Quốc Lộ 1A, Tổ 1, Khu phố 2, Phường Đông Hưng Thuận', 5, 148),
(300, 174, 'BE3-7 Mỹ Đức, Phú Mỹ Hưng, Nguyễn Đức Cảnh, P.Tân Phong', 5, 143),
(301, 175, '4/4A , Đường 129 , Tổ 14 , Khu Phố 2 ,Phường Phước Long A', 5, 145),
(302, 176, 'Số 40/20D Nguyễn Giản Thanh, Phường 15', 5, 146),
(303, 177, ' 92/15 Trần Mai Ninh,P.12', 5, 153),
(304, 178, '182/120K Bạch Đằng, P.24', 5, 150),
(305, 179, ' 95 Cửu Long, Phường 15', 5, 146),
(306, 180, ' 1246 Kha Vạn Cân, P.Linh Trung', 5, 155),
(307, 181, '166 Hồ Văn Huê, P. 9', 5, 152),
(308, 182, ' 389 Phan Văn Trị', 5, 150),
(309, 183, '78C6 Phạm Ngũ Lão, Phường 3', 5, 766),
(310, 183, '111 Vườn Chuối, P.4', 5, 139),
(311, 183, ' 362 Nguyễn Kiệm', 5, 152),
(312, 184, '1- 136A Trần Kế Xương, P.7', 5, 152),
(313, 184, '2- 109 Vườn Chuối,P4', 5, 139),
(314, 184, '3_312/22A Quốc Lộ 1K (67/20/4 Ba Mươi Tháng Tư), P. Trung Dũng', 22, 318),
(315, 185, ' 74 Trần Quang Diệu, P. 14', 5, 139),
(316, 186, '121 Nguyễn Tất Thành', 5, 140),
(317, 187, '91A Nguyễn Tư Giãn, P12', 5, 766),
(318, 187, 'Kiot S11, SGSquare 1, 77-89 Nam Kì Khởi Nghĩa', 5, 147),
(319, 187, 'Kiot 20C, SGSquare 2, 7-9 Tôn Đức Thắng,', 5, 137),
(320, 188, '55/8H Ấp Hậu Lân', 5, 135),
(321, 189, ' 32/1 Hoàng Hoa Thám, Phường 12', 5, 153),
(322, 189, '643 Điện Biên Phủ, Phường 1 ', 5, 139),
(323, 190, '143/15 Ung Văn Khiêm, P 25', 5, 150),
(324, 191, '1190 Cách Mạng Tháng 8, P.4', 5, 153),
(325, 192, '438/77 Huỳnh Tấn Phát , Phường Tân Thuận', 5, 143),
(326, 193, '556 Lệ Trọng Tấn, Phường Tây Thạnh', 5, 154),
(327, 193, '830 Cách Mạng Tháng Tám, Phường 5', 5, 153),
(328, 193, '247 Quang Trung, Phường 10', 5, 766),
(329, 194, '108/49/58 – Đ.30/4', 1, 72),
(330, 195, '1/7 Trương Quyền, F6', 5, 139),
(331, 196, '281 Thịnh Quang', 3, 106),
(332, 197, 'Số 60/27A Vạn Kiếp, F3', 5, 150),
(333, 198, '146, 236, 327,415 - 417  Phan Thanh', 2, 83),
(334, 198, '81 Phan Đăng Lưu', 2, 79),
(335, 198, '50 Nguyễn Văn Thoại', 2, 81),
(336, 199, '1A Hồng hà, P.2', 5, 153),
(337, 199, '59/59 Tân Hòa Đông. P.14', 5, 142),
(338, 200, '34A/189 Hoàng Hoa Thám ', 3, 104),
(339, 201, '47CT Tam Đảo, Phường 15', 5, 146),
(340, 201, ' 95/1 Nguyễn Hữu Dật, Phường Tây Thạnh', 5, 154),
(341, 201, 'Tổ 4 ấp 1, xã Phước Vĩnh An', 5, 134),
(342, 202, 'Tòa Nhà GP - INVEST Số 170 Đường La Thành', 3, 106),
(343, 203, ' 810 Cách Mạng Tháng 8 Phường 5', 5, 153),
(344, 204, 'Số 8 Ngõ 36, Phạm Văn Đồng', 3, 102),
(345, 204, 'Số 1/2/14 Đường D3, Phường 25', 5, 150),
(346, 204, '811/16 -Đường Lũy Bán Bích - phường Tân Thành ', 5, 154),
(347, 205, ' 41/20 Đường Số 5 - P. Bình Hưng Hòa', 5, 149),
(348, 206, '421/21 Sư Vạn Hạnh, P.12', 5, 146),
(349, 206, '4B Nguyễn Cảnh Chân, P. Nguyễn Cư Trinh', 5, 137),
(350, 206, '413 Cách Mạng Tháng 8, P. 13', 5, 146),
(351, 206, '', 0, 0),
(352, 207, '208 Trần Duy Hưng', 3, 0),
(353, 208, 'Lầu 6 - Tòa nhà Sài Gòn ICT, Lô 46 CVPM Quang Trung, Tân Chánh Hiệp', 5, 148),
(354, 209, '4/1 Đồ Sơn, P.4', 5, 153),
(355, 210, ' 7/1 Thành Thái, Phường 14', 5, 146),
(356, 211, '207 Phố Huế', 3, 0),
(357, 211, '24A Phố Đường Thành', 3, 109),
(358, 212, 'Trần Vĩnh Khiết, Phường An Bình', 1, 72),
(359, 212, '20 Trần Văn Ơn, Phường 1', 10, 199),
(360, 213, '128A Hai Bà Trưng, P. Đa Kao', 5, 137),
(361, 213, '85 Nguyễn Trãi, P. Bến Thành', 5, 137),
(362, 214, 'Số 10b, ngách 68/21 Đội Cấn', 3, 104),
(363, 215, ' 969A LÒ GỐM F8', 5, 142),
(364, 216, '324 Huỳnh Văn Bánh P10', 5, 152),
(365, 217, '319 Nguyễn Trãi P.7 ', 5, 141),
(366, 217, '184 Nguyễn Trãi P.3', 5, 141),
(367, 217, '78 Lê Văn Sỹ P.11', 5, 152),
(368, 218, '37/14 Cầu Xéo, P.Tân Quý', 5, 154),
(369, 218, '', 0, 0),
(370, 219, 'H2A Bạch Mã , P15', 5, 146),
(371, 220, '  100 Bắc Hải , Phường 6', 5, 153),
(372, 221, 'Số 14, Đường 5B, Phường An Lạc A', 5, 149),
(373, 222, ' 41/1G Lê Thị Hà – Tân Xuân ', 5, 135),
(374, 223, '332/1 Cách mạng tháng 8 , P.10', 5, 146),
(375, 224, '607/2/13 Tân Sơn, P.12', 5, 766),
(376, 225, '56/16A Thích Quảng Đức - P5 ', 5, 152),
(377, 225, '305/4 Lê Văn Sỹ - P1 ', 5, 153),
(378, 226, '199/40/7 Cách Mạng Tháng 8 - P4 ', 5, 139),
(379, 227, '273/29/78A Nguyễn văn đậu p11', 5, 150),
(380, 228, 'Số 122 Chùa Láng', 3, 106),
(381, 228, 'Số 10, Phố Vọng', 3, 106),
(382, 228, 'Số 177 Lương Ngọc Quyến', 55, 678),
(383, 228, 'Số 22, ngõ 2, Trần Quý Kiên', 3, 105),
(384, 228, 'Số A12, Đường 19-5, Văn Quán', 3, 107),
(385, 228, ' 343 Trần Hưng Đạo ', 11, 0),
(386, 229, '407 Lê Văn Sỹ, Phường 2', 5, 153),
(387, 230, 'Số 36 ngõ 402/28, đường Mỹ Đình', 3, 102),
(388, 231, '332/1 Cách Mạng Tháng 8, P.10', 5, 139),
(389, 232, '86, đường 49, KP7, Hiệp Bình Chánh', 5, 155),
(390, 233, '416 Lê Văn Sỹ , Phường 14', 5, 139),
(391, 233, '133/1 Nguyễn Đức Thuận, Phường 13', 5, 153),
(392, 234, '39B Ngõ 2 - Quang Trung', 3, 106),
(393, 235, '21 lê Văn Sỹ, P.13', 5, 152),
(394, 235, '381 Huỳnh Văn Bánh,P.11', 5, 152),
(395, 236, '402/8 Lê Văn Sỹ, F.14', 5, 139),
(396, 236, '04 Lý Chính Thắng', 5, 139),
(397, 236, '545 Nguyễn Đình Chiểu', 5, 139),
(398, 236, '393 Võ Văn Tần', 5, 139),
(399, 236, '2F-05 ,TTTM Cresent Mall', 5, 143),
(400, 236, '66-68 Nguyễn Trãi', 0, 137),
(401, 237, '294/111 Xô Viết Nghệ Tĩnh, P21', 5, 150),
(402, 238, '144A Ông Ích Khiêm  Phường 5', 5, 147),
(403, 239, '495/18 Tô Hiến Thành', 5, 146),
(404, 239, '102 Trần Đại Nghĩa, Phường Đồng Tâm', 3, 108),
(405, 239, '322B Lý Thường Kiệt, Phường 14', 5, 146),
(406, 240, '730/94 Lạc Long Quân P9', 5, 153),
(407, 241, '495/18 Tô Hiến Thành, phường 14', 5, 146),
(408, 241, 'Vườn Lài, phường An Phú Đông,', 5, 148),
(409, 242, '43 Bắc Hải, phường 15', 5, 146),
(410, 243, '399 hàn hải nguyên p2', 5, 147),
(411, 244, '126 Bà Triệu', 3, 108),
(412, 244, '311 Giảng Võ', 3, 106),
(413, 244, '80 Nguyễn Phong Sắc', 3, 105),
(414, 244, 'Số 1 Trưng Trắc', 3, 107),
(415, 245, '149/39 Bành Văn Trân - Phường 7', 5, 153),
(416, 246, '78 Lê Niệm, F.Phú Thạnh', 5, 154),
(417, 247, '282/48 Bùi Hữu Nghĩa, F.2', 5, 150),
(418, 248, '65 Nguyễn Văn Lượng, P.17', 5, 766),
(419, 249, '490/35 Nguyễn Tri Phương, P.9', 5, 146),
(420, 250, '242/90 ĐƯỜNG BÀ HOM, P13', 5, 142),
(421, 251, 'Chung cư mỹ thuận,an dương vương,p.16', 5, 144),
(422, 252, '26/297G Nguyễn Văn Lượng F17', 5, 766),
(423, 253, '126/1D Phan Văn Trị - P12 ', 5, 150),
(424, 254, 'D08-08, Nguyễn Hữu Thọ', 5, 136),
(425, 255, '351/3B Lê Đại Hành F11', 5, 147),
(426, 256, '033 LÔ B CHUNG CƯ ẤN QUANG,ĐƯỜNG BÀ HẠT. P.9', 5, 146),
(427, 257, '606/107 Đường 3/2 Phường 14 ', 5, 146),
(428, 258, '22/98 Trần Bình Trọng, F1', 5, 141),
(429, 258, '156/20 Đặng Văn Ngữ, F.14', 5, 0),
(430, 259, '87/21, P.4', 5, 766),
(431, 260, '339/26 Tô Hiến Thành, P.12', 5, 146),
(432, 260, '245/6 Nguyễn Trãi, P Nguyễn Cư Trinh', 5, 137),
(433, 261, '37 Nguyễn Cảnh Chân, P. Nguyễn Cư Trinh', 5, 137),
(434, 262, '125/19 Đinh Tiên Hoang F3', 5, 137),
(435, 263, '339/19 Lê Văn Sỹ, P.13', 5, 139),
(436, 264, '80 Bắc Hải', 5, 153),
(437, 265, '191 Lạc Long Quân', 3, 112),
(438, 266, '330 Lạc Long Quân', 3, 112),
(439, 267, '223A Thái Phiên - Phường 9', 5, 146),
(440, 268, '22 Nguyễn Du , P.7', 5, 766),
(441, 269, '124/16 Tân Khai P.4', 5, 147),
(442, 270, '888/89 Lạc Long Quân Phường 8', 5, 153),
(443, 271, '0A đường 18, Linh Chiểu', 5, 155),
(444, 272, '247 Huỳnh Văn Bánh', 5, 152),
(445, 272, '60/43 Lý Chính Thắng', 5, 139),
(446, 273, '98/2 Trần Quang Cơ, P.Phú Thạnh', 5, 154),
(447, 274, ' 743/11/1 Hồng Bàng F6', 5, 142),
(448, 275, '143 Đường Hải Thượng Lãn Ông, Phường 13', 5, 141),
(449, 275, 'G3/5 ấp 7 xã lê minh xuân', 5, 132),
(450, 276, '413/7 Nguyễn Kiệm, P9', 5, 152),
(451, 277, '100 Tôn Đản, P.10', 5, 140),
(452, 278, '43 Lê Thiệt', 5, 154),
(453, 279, '47A lạc long quân', 5, 147),
(454, 280, '23 Nguyễn Trãi, P Bến Thành', 5, 137),
(455, 280, '194 Nguyễn Văn Thủ, P Đakao', 5, 137),
(456, 280, '433 Nguyễn Trãi, P 7', 5, 141),
(457, 280, '344 Phan Đình Phùng, P 1', 5, 154),
(458, 280, '357 Hai Bà Trưng, P 8', 5, 139),
(459, 280, '210 Hậu Giang, P 9', 5, 142),
(460, 280, '123 Quang Trung, P 10', 5, 766),
(461, 280, '702 CMT8, P 5', 5, 153),
(462, 280, '315 Âu Cơ, P Phú Trung', 5, 154),
(463, 281, ' 137 trần tuấn khải p5', 5, 141),
(464, 282, '7A/20 Thành Thái', 5, 146),
(465, 283, ' 190/47 Nguyễn Tiểu La P8', 5, 146),
(466, 284, 'Số7 Đường Thủy Lợi ,Phường Phước Long A ', 5, 145),
(467, 285, '100A Tôn Đản', 5, 140),
(468, 286, '15/24 Nguyễn Thị Minh Khai, P.Bến Nghé', 5, 137),
(469, 287, '143/28 Nguyển Du Phường 7', 5, 766),
(470, 288, '375/19 Nguyễn Văn Luông, P12', 5, 142),
(471, 289, '163/58 Thành Thái F14 ', 5, 146),
(472, 290, '49 Chùa Bộc ', 3, 106),
(473, 291, ' Lô A2 - CN6, cụm Công nghiệp Từ Liêm, Minh Khai', 3, 102),
(474, 292, '181 Giảng Võ ', 3, 106),
(475, 292, '', 0, 0),
(476, 293, '41 Khương Thượng', 3, 0),
(477, 293, '22 Đặng Văn Ngữ', 3, 0),
(478, 293, '112K6A ngõ 48 Tạ Quang Bửu', 3, 0),
(479, 294, '214 Bà  Triệu', 3, 0),
(480, 294, '90A Cầu Giấy', 3, 0),
(481, 294, '107C1 Phạm Ngọc Thạch', 3, 0),
(482, 294, '160 Quán Thánh', 3, 0),
(483, 294, '126 Quán Thánh', 3, 0),
(484, 294, '232 Kim Mã', 3, 0),
(485, 294, ' 98 Cầu Giấy', 3, 0),
(486, 295, '180 Bùi Viện', 5, 137),
(487, 295, '180, 190,230, 240 Bùi Viện', 5, 137),
(488, 295, '177 Đề Thám', 5, 137),
(489, 295, '122 Lý Tự Trọng', 5, 137),
(490, 295, '36 Lương Ngọc Quyến', 3, 109),
(491, 295, '43 Hàng Hòm', 3, 109),
(492, 295, '3/3 Trần Quang Khải', 32, 425),
(493, 296, 'A49 Khu dân cư Kim Sơn P. Tân Phong', 5, 143),
(494, 297, 'C1-Tầng 13, Số 335', 3, 105),
(495, 298, '83 Kim Mã', 3, 0),
(496, 298, '24 Trần Thái Tông', 3, 105),
(497, 299, 'Phòng 2D8, Tòa Nhà JVPE, CVPM Quang Trung, P. Tân Chánh Hiệp', 5, 148),
(498, 300, '67 – 69 Trần Quang Diệu, Phường 14', 5, 139),
(499, 301, ' 64 Hàng Nón', 3, 0),
(500, 301, '158 Quán Thánh', 3, 0),
(501, 301, '06C1 Phạm Ngọc Thạch', 3, 0),
(502, 302, '223 Lê Văn Sỹ – P.13', 5, 139),
(503, 302, '347, Võ Văn Tần  – P.5', 5, 139),
(504, 302, '231 nguyễn trãi ,P.Nguyễn cư trinh', 5, 137),
(505, 302, '136 Yên Bái, P. Hải Châu', 2, 79),
(506, 302, '224 Phạm Văn Thuận, P.Thống Nhất', 22, 318),
(507, 302, '42 Thống Nhất, P. Bình Thọ', 5, 155),
(508, 302, '176B Cách Mạng Tháng 8, P.10', 5, 139),
(509, 302, ' 62 NGUYỄN VĂN TRỖI,P.4', 7, 173),
(510, 302, '68 LÝ THÁNH TÔN, PHƯƠNG SÀI ', 32, 425),
(511, 303, ' 82 Trịnh Hoài Đức kéo dài (số 68 phố mới An Trạch)', 3, 0),
(512, 304, '147 Lê Duẩn ', 2, 0),
(513, 304, '258 Lê Duẩn', 2, 0),
(514, 305, '168 Cầu Giấy', 3, 0),
(515, 305, ' 101 Chùa Bộc', 3, 0),
(516, 305, '157A Bà Triệu', 3, 0),
(517, 306, '372 Hùng Vương', 2, 0),
(518, 307, '64a-64b-64c Trương Định', 3, 108),
(519, 308, 'số 285 Thụy Khuê', 3, 0),
(520, 308, 'số 24 ngách 33/12 ngõ 33 Lê Thanh Nghị', 3, 0),
(521, 309, ' 45 Trần Quang Diệu, Phường 14', 5, 139),
(522, 310, '115C Bà Triệu ', 3, 0),
(523, 311, 'Tầng 33, BITEXCO FINANCIAL TOWER 2 Hải Triều, Phường Bến Nghé', 5, 137),
(524, 311, '309-311 Lê Văn Sỹ', 5, 153),
(525, 311, '137 Nguyễn Trãi', 5, 137),
(526, 311, '187 Hai Bà Trưng', 5, 139),
(527, 311, ' 115 Nguyễn Trãi', 5, 137),
(528, 311, '460 Nguyễn Thị Minh Khai', 5, 139),
(529, 311, '76-78 Châu Văn Liêm', 5, 141),
(530, 311, '166 Võ Văn Ngân', 5, 155),
(531, 312, '160, Đường Minh Cầu', 55, 678),
(532, 312, '73 Chùa Bộc', 3, 0),
(533, 312, 'Savico Megamall, 7-9 Nguyễn Văn Linh', 3, 111),
(534, 313, '103 HỒ ĐẮC DI', 3, 0),
(535, 313, '19A NHÀ CHUNG', 3, 0),
(536, 314, '30 Trần Quốc Toản', 0, NULL),
(537, 315, '36 Hàng Nón', 3, 0),
(538, 315, '45 Thái Phiên', 3, 0),
(539, 315, '22 Điện Biên Phủ', 3, 0),
(540, 316, '29 Đường 45, P.6', 5, 140),
(541, 316, '88 Quang Trung', 5, 766),
(542, 316, ' 150 A Nguyễn Trãi', 5, 141),
(543, 316, '140 Lê Văn Sỹ', 5, 152),
(544, 316, '383D CMT8', 5, 146),
(545, 316, '14B Bà Triệu, Tràng Tiền', 3, 0),
(546, 317, '340 Nguyễn Đình Chiểu', 5, 139),
(547, 317, '200 Phạm Văn Thuận', 22, 318),
(548, 318, '500 Lê Văn Sỹ', 5, 139),
(549, 318, '67-69 Trần Quang Diệu', 5, 139),
(550, 319, 'Tầng 19 Tòa nhà Vincom Center, Khu văn phòng 72 Lê Thánh Tôn, P.Bến Nghé', 5, 137),
(551, 319, '33A - 35A Đường Lý Thường Kiệt', 3, 109),
(552, 320, 'Tầng 19 Tòa nhà Vincom Center, Khu văn phòng 72 Lê Thánh Tôn, P.Bến Nghé', 5, 137),
(553, 320, '33A - 35A Đường Lý Thường Kiệt', 3, 109),
(554, 321, '108 B6 Phạm Ngọc Thạch', 3, 0),
(555, 321, '267 Phố Huế', 3, 0),
(556, 321, ' 203 Cầu Giấy', 3, 0),
(557, 321, ' 245 Chùa Bộc', 3, 0),
(558, 321, '179 Cầu Giấy', 3, 0),
(559, 322, '2D Khâm Thiên', 3, 0),
(560, 322, '8 Trần Quốc Toản', 3, 0),
(561, 322, '6 Quán Thánh', 3, 0),
(562, 323, '19 Chân Cầm', 3, 109),
(563, 324, '140/51A Điện Biên Phủ, P.17', 5, 150),
(564, 325, '69BIS Cách Mạng Tháng 8 , P. Bến Thành', 5, 137),
(565, 325, '929 Cách Mạng Tháng 8 , P.7 ', 5, 153),
(566, 325, '614 Cách Mạng Tháng 8 , P. Phú Cường', 14, 235),
(567, 326, '50 Nguyễn Sơn', 3, 111),
(568, 326, '29 Bà Triệu', 3, 109),
(569, 326, 'Số 232 Lê Duẩn', 2, 0),
(570, 327, '114 Trần Quang Diệu', 5, 139),
(571, 328, '4 - 6 NGÔ QUYỀN, P.TÂN THÀNH', 5, 154),
(572, 328, '173 Hai bà Trưng, P.06', 5, 139),
(573, 328, '199A CMT8', 5, 139),
(574, 328, '191 Nguyễn Trãi', 5, 141),
(575, 328, '742 Luỹ bán Bích, P.Tân Thành', 5, 154),
(576, 328, '16A Nguyễn Trãi', 1, 0),
(577, 329, '63 Đường Thành', 3, 109),
(578, 329, ' 167 Xuân Thủy', 3, 105),
(579, 330, '36-38 Lê Văn Sỹ P.11', 5, 152),
(580, 330, '61 Ông Ích Khiêm P.10', 5, 147),
(581, 330, '103 Hàng Bông', 3, 0),
(582, 330, '204 Khánh hội F.6', 5, 140),
(583, 330, '169 Cầu Giấy ,P.Dịch Vọng', 3, 105),
(584, 330, '1282, KP1, Đường Phạm Văn Thuận, Tân Tiến', 22, 318),
(585, 331, '106 Triệu Việt Vương', 3, 0),
(586, 331, ' 252 Huỳnh Văn Bánh', 5, 152),
(587, 332, '17 Ngõ Vạn Kiếp, 94 Trần Hưng Đạo', 3, 109),
(588, 333, ' 69A Đội Cấn', 3, 104),
(589, 333, ' 153 Chùa Láng', 3, 106),
(590, 333, '112C1 Phạm Ngọc Thạch', 3, 106),
(591, 333, '21 Chùa Láng', 3, 106),
(592, 334, '48 Hòa Bình, P.5', 5, 147),
(593, 334, '252 Bình Tiên, P4', 5, 142),
(594, 334, '645 Nguyễn Đình Chiểu, P2', 5, 139),
(595, 334, '192K, Cách Mạng Tháng 8, P.10', 5, 139),
(596, 334, '3-5 Tên Lửa, P. An Lạc  A', 5, 149),
(597, 335, '62 Bạch Mai', 3, 108),
(598, 336, ' 218 Lê Duẩn', 3, NULL),
(599, 337, 'số 285 Thụy Khuê', 3, 112),
(600, 337, 'số 24 ngách 33/12 ngõ 33 Lê Thanh Nghị', 3, 0),
(601, 338, '73/4 Nguyễn Ảnh Thủ,Trung Chánh', 5, 135),
(602, 338, '155 Trương Vĩnh Ký ', 5, 154),
(603, 338, '36 Lê Hồng Phong, Nguyễn Trãi', 3, 107),
(604, 338, '75 Phan Đình Phùng, Thị trấn Phùng', 3, 0),
(605, 338, '25 -27 Uy Nỗ', 3, 88),
(606, 338, '153 nguyễn Đức Thuận', 3, 89),
(607, 338, ' 71 Cầu Trì', 3, 114),
(608, 338, '64 Núi Đôi', 3, 96),
(609, 339, '37/16 Hải Hồ,', 2, 79),
(610, 339, '473/5 Bà Hạt, P.8', 5, 146),
(611, 340, '433/14 Bình Quới,P.28', 5, 150),
(612, 340, 'Tầng2 LOTTEMART 469 Nguyễn Hữu Thọ', 5, 143),
(613, 340, '27 Lê Văn Sỹ,P.13', 5, 152),
(614, 340, '695 Xô Viết Nghệ Tĩnh,P.26', 5, 150),
(615, 340, '235 Nguyễn Văn Cừ', 5, 141),
(616, 341, '654 Phạm Văn Bạch, P.12', 5, 766),
(617, 342, '588/33B HUỲNH TẤN PHÁT, P.Tân Phú', 5, 143),
(620, 344, 'TTTM Maximart - Số 3, Đường 3/2,', 5, 146),
(621, 345, '45b Lý Thường Kiệt ', 3, 109),
(622, 346, '105 - Trương Định', 48, 0),
(623, 347, '349/130a Lê Đại Hành', 5, 147),
(624, 348, '256/29 Pasteur, P8', 5, 139),
(625, 349, '163/58 Thành Thái F14', 5, 146),
(626, 350, '38 Liên khu 2-5 Bình Trị Đông', 5, 149),
(627, 351, '331 Lê Văn Sỹ, P.1', 5, 153),
(628, 351, '443 Quang Trung, P.10', 5, 766),
(629, 351, '44/4 Đường TA32, Khu phố 3, P. Thới An', 5, 148),
(630, 351, '443 Quang Trung, Phường 10', 5, 766),
(631, 352, '252B Nguyễn Văn Luông, P.11', 5, 142),
(632, 353, '285/75, đường Cách Mạng Tháng 8, phường 12', 5, 146),
(633, 354, 'Nhà số 9 đường số 1, KP4, P. Linh Chiểu', 5, 155),
(634, 355, '147 Trần Hưng Đạo B,', 5, 141),
(635, 356, 'K115-K116 Nguyễn Bậc, P3', 5, 153),
(636, 357, ' 35 Bàn Cờ, Phường 3', 5, 139),
(637, 358, ' 72 Hà Tôn Quyền, P.15', 5, 141),
(638, 359, '68, đường D2, P25', 5, 150),
(639, 360, '888/89 Lạc Long Quân Phường 8', 5, 153),
(640, 361, '408 Trần Hưng Đạo P.2', 5, 141),
(641, 362, '267/6 Trần Phú, P.8', 5, 141),
(642, 363, '32/33/2C Ông Ích Khiêm, Phường 14', 5, 147),
(643, 364, '  240/2 Bình Quới , Phường 28', 5, 150),
(644, 365, ' B1 - Lầu 1A the Sho-fe Plaza. Số 36 Trương Quyền. P6.', 5, 139),
(645, 366, '123 Hoàng Hoa Thám, P13', 5, 153),
(646, 366, 'Số 36 Nguyễn Thái Học, TT Thương mại, Phường 7.', 7, 173),
(647, 367, '35/1 Đặng Minh Khiêm, P.4', 5, 147),
(648, 367, '15 Yersin, P.Cầu Ông Lãnh', 5, 137),
(649, 368, '12 đường 5,kp2, p.Tam bình', 5, 155),
(650, 369, '248, 3 THÁNG 2, P12', 5, 146),
(651, 370, '341/15 Lạc Long Quân, P5', 5, 147),
(652, 370, '789 Hậu Giang, P11', 5, 142),
(653, 370, '10 đường 4D, P. Linh Xuân', 5, 155),
(654, 370, '395 Lê Duẩn', 19, 291),
(655, 371, 'Số 27B HOÀNG DIỆU PHƯỜNG 10', 5, 152),
(656, 372, '177/1/19 LŨY BÁN BÍCH,P.HIỆP TÂN', 5, 154),
(657, 373, '95/32 Đinh Tiên Hoàng F3 ', 5, 150),
(658, 374, '126/1D Phan Văn Trị - P 12 ', 5, 150),
(659, 375, '321/10 Phan Đình Phùng, F15', 5, 152),
(660, 375, 'Hẻm 34 , 321/10 Trần Khắc Chân, F15', 5, 146),
(661, 376, '231 Nguyễn Thượng Hiền, P.6', 5, 150),
(662, 377, '121 Hàn Hải Nguyên P2 ', 5, 147),
(663, 378, '40 Đường Bến Phú Lâm, Phường 9', 5, 142),
(664, 379, '254/31 Âu Cơ', 5, 153),
(665, 380, 'Số 7 Quách Văn Tuấn, P1', 5, 153),
(666, 381, 'Phạm Văn Chiêu, phường 9', 5, 766),
(667, 382, '240/37/3 Nguyễn Văn Luông P.11', 5, 142),
(668, 383, ' số 06 đường D10, P. Tây Thạnh', 5, 154),
(669, 384, '575/66B Cách Mạng Tháng 8, Phường 15', 5, 146),
(670, 385, '594/2 Âu Cơ, P.10', 5, 153),
(674, 386, '30/68 Thích Quảng Đức, P.5', 5, NULL),
(675, 343, '235 Nguyễn Văn Cừ', 5, 147),
(676, 343, '299A Lý Thường Kiệt, P. 15', 5, NULL),
(678, 387, '313/2 Đường Nơ Trang Long, Phường 13', 5, NULL),
(679, 388, '137/32/13,Lê Văn Sỹ,F.13', 5, 152),
(680, 389, '565/2/1 Bình Thới, P. 10', 5, 147),
(681, 390, '7/9 Thành Thái - Phường 14', 5, 146),
(682, 391, '18 Giải Phóng, F.4', 5, 153),
(683, 392, 'Số 55, Đường số 6, Kp.5, P.Linh Tây', 5, 155),
(684, 393, '146 /23 HT37 P.Hiệp Thành', 5, 148),
(685, 394, '226, đường 3/2, P10', 5, 142),
(686, 395, '6/3 Tân Trụ, phường 15', 5, 153),
(687, 396, '258/18 Phạm Văn Bạch, F.15', 5, 153),
(688, 397, '61/17/10 Đất Thánh , p6', 5, 153),
(689, 397, '61/17/13 Đất Thánh , p6 ', 5, 153),
(690, 398, '12/4C Trần Quang Diệu, P14', 5, 139),
(691, 399, '99 Thống Nhất', 5, 766),
(692, 400, '58/7A Cao Văn Lầu P.1', 5, 142),
(693, 401, 'Số 473/5 Bà Hạt, P.8', 5, 146),
(694, 402, '588/33b Huỳnh Tấn Phát,Phường Tân Phú', 5, 143),
(695, 403, '76/33/1A Lê Văn Phan F.Phú Thọ Hòa ', 5, 154),
(696, 404, ' 105 - Trương Định', 48, 607),
(697, 405, '665 Quang Trung, Phường 11', 5, 766),
(698, 406, ' 54 Đường số 2 - Khu nhà Thanh Nhựt , An Dương Vương, P16', 5, 144),
(699, 407, '127/2/1A Bình Lợi F13', 5, 150),
(700, 408, '594/2 Âu Cơ, P.10', 5, 153),
(701, 409, '81B/3 Đường An Phú 34 - Khu Phố 2 - P.An Phú', 14, 234),
(702, 409, 'Khu Phố 8 - P. Trường Thọ', 5, 155),
(703, 410, '1110 Lô 11 Cư Xá Thanh Đa, P27', 5, 150),
(704, 411, '387 Huỳnh Văn Bánh, P11', 5, 152),
(705, 412, '40 Bãi Sậy ,phường 13', 5, 141),
(706, 413, '144/3 Lý Chính Thắng', 5, 139),
(707, 414, '328 Võ Văn Tần - p5', 5, 139),
(708, 415, '56 Nguyễn Văn Nguyễn, P.Tân Định', 5, 137),
(709, 416, ' 60/37 Trần Hưng Đạo B , Phường 7 ', 5, 141),
(710, 417, '84 Nguyễn Bá Tuyển, Phường 12', 5, 153),
(711, 418, '14/29 đường số 7, P7', 5, 766),
(712, 419, '119 Hồ Bá Kiện, P15', 5, 146),
(713, 420, '183/13/12 Bến Vân Đồn, P5', 5, 140),
(714, 421, '243/9/12e5 Tô Hiến Thành.F13', 5, 146),
(715, 422, '444/6a Cách Mạng Tháng 8, P.11', 5, 139),
(716, 423, '349/130a Lê Đại Hành', 5, 147),
(717, 424, '347B Nguyễn Trãi P7', 5, 141),
(718, 424, '63 Lê Văn Sỹ P13', 5, 152),
(719, 425, '195-197 Lê Văn Sỹ , P.14', 5, 152),
(720, 426, '49/14 Lê Đức Thọ, P17', 5, 766),
(721, 427, '141 Nguyễn Thiện Thuật,P.1', 5, 139),
(722, 428, '252B Nguyễn Văn Luông, P.11', 5, 142),
(723, 429, '8 Phan Xích Long, P.3', 5, 152),
(724, 430, '109/4 Lê Văn Khương, P. Hiệp Thành', 5, 148),
(725, 431, '1910 Tầng 19 - Tòa nhà CT6A - Đô thị Xa La', 3, 107),
(726, 431, 'Số 3A9 Trần Phú', 3, 107),
(727, 432, '413/56/29/56 Lê Văn Quới', 5, 149),
(728, 433, '266 NI SƯ HUỲNH LIÊN F10', 5, 153),
(729, 434, '128 Ngô Quyền, phường 5', 5, 146),
(730, 435, '51 Vạn kiếp, Phường 3', 5, 150),
(731, 436, 'SỐ 10, ĐƯỜNG C1, F.13', 5, 153),
(732, 437, '60/37 Lý chính Thắng Phường 8 ', 5, 139),
(733, 438, ' Lầu 10, Tòa nhà Beautiful Saigon2, 77 Hoàng Văn Thái, Phường Tân Phú', 5, 143),
(734, 438, '166-168 Nguyễn Lương Bằng, Khu phố RiverSide, Phường Tân Phú', 5, 143),
(735, 439, '99/14 Phạm Đăng Giảng, P.Bình Hưng Hoà', 5, 149),
(736, 440, '22/1 - Đường Phạm Văn Thuận - Phường Bình Đa', 22, 318),
(737, 441, '160 Huỳnh Văn Bánh - P.12', 5, 152),
(738, 442, '59/17A ĐINH BỘ LĨNH,P.26', 5, 150),
(739, 443, '30/33 TÂN QUÝ', 5, 154),
(740, 444, 'Số 20, đường D52, P.12', 5, 153),
(741, 445, '49C Nguyễn Thông,P.9', 5, 139),
(742, 445, ' 221/1/42 Đất Thánh P6', 5, 153),
(743, 446, '242 Cách Mạng Tháng 8, phường 10', 5, 139),
(744, 447, '21 Lê Đức Thọ, Phường 7', 5, 766),
(745, 448, '128B/20 Nguyễn Chí Thanh Phường 3', 5, 139),
(746, 449, '280/29/20 Bùi Hữu Nghĩa, Phường 2', 5, 150),
(747, 450, 'Số 42 Lê Lai, P.4', 5, 766),
(748, 451, '81B/3 Đường An Phú 34 - Khu Phố 2 - Phường An Phú', 14, 234),
(749, 451, 'Khu Phố 8 - Phường Trường Thọ', 5, 155),
(750, 452, '50/22 nhất chi mai p.13', 5, 153),
(751, 453, '67/5 Phạm Viết Chánh, P19', 5, 150),
(752, 454, '11 Hoa Hồng, P2', 5, 152),
(753, 455, '243A/80 Hòang Diệu, P.8', 5, 140),
(754, 456, '134/1 , Đường Lã Xuân Oai , P.Tăng Nhơn Phú A', 5, 145),
(755, 457, ' 198/41 Thoại Ngọc Hầu, p.Phú Thạnh', 5, 154),
(756, 458, '77-89 Nam Kỳ Khởi Nghĩa', 5, 137),
(757, 458, ' 7-9 Tôn Đức Thắng', 5, 137),
(758, 459, '55 Đường Số1, P.11', 5, 766),
(759, 460, '457a Lê Văn Sỹ, P.12', 5, 139),
(760, 461, '76 Trần Quang Cơ, phường Phú Thạnh', 5, 154),
(761, 462, '322D Huỳnh Văn Bánh, P.11', 5, 152),
(762, 462, '210/11 Đường số 11, Tổ 2, KP8, P. Trường Thọ', 5, 155),
(763, 463, '384/2G1, Cộng Hòa, Phường 13', 5, 153),
(764, 464, '24/12 Điện Biên Phủ, P.17', 5, 150),
(765, 465, ' Lầu 6 - Tòa nhà Sài Gòn ICT, Lô 46 CVPM Quang Trung, Tân Chánh Hiệp', 5, 148),
(766, 466, 'Lầu 1 - 1561 Đường 3/2 P16', 5, 147),
(767, 467, '3S Ngô Quyền', 3, 109),
(768, 467, '39/3 Sương Nguyệt Ánh', 5, 137),
(769, 468, ' 98 Hào Nam', 3, 106),
(770, 468, '76 Thợ Nhuộm', 3, 109),
(771, 469, '17B Đặng Văn Ngữ', 5, 152),
(772, 470, '54 Lý Quốc Sư', 3, 109),
(773, 470, '5/10 Ho Tong Thoc ', 27, 0),
(774, 470, '130 Hải Thượng Lãn Ông', 47, 0),
(775, 471, ' 224 Phạm Thái Bường, Phú Mỹ Hưng, P. Tân Phong', 5, 143),
(776, 472, ' 116 Nguyễn Trãi', 5, 137),
(777, 472, '278 Bà Triệu', 3, 108),
(778, 472, '30-32 Hoàng Hoa Thám', 2, 83),
(779, 472, '187 Yersin, Phường Phú Cường', 14, 235),
(780, 473, 'Lầu 2, số 46 Lê Lai,P.Bến Thành, Q.1', 5, 137),
(781, 474, '8 Nguyễn Phi Khanh, P.Tân Định', 5, 137),
(782, 475, '15A, Đường Tăng Nhơn Phú, Phường Phước Long B', 5, 145),
(783, 475, 'Số 5 Đường,35 Phường Long Thạnh Mỹ', 5, 145),
(784, 476, '182/5 Lê Văn Sỹ, phường 10', 5, 152),
(785, 477, 'Số 3 Đường 10, Phường Tân Quy', 5, 143),
(786, 478, '190/46 Nguyễn Tiểu La, Phường 8,', 5, 146),
(787, 479, '22/8 Đặng Lộ, P.7', 5, 153),
(788, 480, '6/29 Phan Xích Long P.3', 5, 152),
(789, 481, '006 Lô C1 Tân Vĩnh , Phường 06', 5, 140),
(790, 482, '870/48 Lạc Long Quân', 5, 153),
(791, 483, '320 Đường Bắc Hải  Phường 6', 5, 153),
(792, 483, '392 CMT8 - P.11', 5, 139),
(793, 483, '248 Lý Chính Thắng-P.9', 5, 139),
(794, 483, '159B Đường Bình Thới-F.11', 5, 147),
(795, 483, '60 Văn Cao', 5, 154),
(796, 483, '91 LÊ VĂN SỈ-P.13', 5, 152),
(797, 483, '680 NGUYỄN ĐÌNH CHIỂU-P3', 5, 139),
(798, 483, '1003 CMT8-P7', 5, 153),
(799, 483, '269 Âu Cơ-P.5', 5, 147),
(800, 483, '44 Hoàng Hoa Thám', 5, 153),
(801, 484, ' 223 Nam Kỳ Khởi Nghĩa, P.7', 5, 139),
(802, 485, '665 Trần Hưng Đạo, P1', 5, 141),
(803, 486, '89 Duy Tân, P. 15', 5, 152),
(804, 487, ' 255 Lê Văn Sỹ, P14', 5, 152),
(805, 487, '450 CMT8, P.11', 5, 139),
(806, 487, '305 CMT8, P12', 5, 146),
(807, 487, '336 Nguyễn Trãi, P8', 5, 141),
(808, 487, '190 Quang Trung, P10', 5, 766),
(809, 487, '5/3 Nguyễn Ánh Thủ, Trung Chánh', 5, 135),
(810, 487, '34 Võ Văn Ngân, Trường Thọ', 5, 155),
(811, 488, '32 Đinh Tiên Hoàng, P.1', 5, 150),
(812, 489, '75/5 Nguyễn Hữu Cầu - Phường Tân Định ', 5, 137),
(813, 490, '91 - Trần Huy Liệu, F12', 5, 152),
(814, 490, '977 - Trần Hưng Đạo, F5', 5, 141),
(815, 490, '137 - Trần Phú, F4', 5, 141),
(816, 490, '244 - Kim Mã', 3, 85),
(817, 491, 'Số 12 , Hồng Mai', 3, 108),
(818, 492, ' 36 Hoàng Cầu', 3, 106),
(819, 492, 'Số 96-98 Đào Duy Anh, Phường 9', 5, 152),
(820, 493, 'Số 46 Đường Số 5 Linh Tây', 5, 155),
(821, 494, '281 Huỳnh Văn Bánh, F.11', 5, 152),
(822, 495, 'P312 lô F cư xá Thanh Đa, F27', 5, 150),
(823, 495, '154 Điện Biên Phủ, P6', 5, 139),
(824, 495, '400 Hoàng Văn Thụ, P4', 5, 153),
(825, 496, '880 CÁCH MẠNG THÁNG TÁM,P5', 5, 153),
(826, 496, '27 Huỳnh Văn Bánh, P17', 5, 152),
(827, 497, '343 / 39 Sư Vạn Hạnh , P.12', 5, 146),
(828, 497, '714 / 17 Nguyễn Trãi, P.11', 5, 141),
(829, 498, '65 Nguyễn Cừ, P.Thảo Điền', 5, 138),
(830, 499, 'S26-1 Sky Garden1, Nguyễn Văn Linh', 5, 143),
(831, 500, ' 81/9 Nguyễn Bỉnh Khiêm - Phường 1 ', 5, 766),
(832, 501, '439 Nguyễn Trãi, F.7', 5, 153),
(833, 501, '700 Cách Mạng Tháng 8, F.5', 5, 152),
(834, 501, '13 Lê Văn Sỹ, F13', 5, 141),
(835, 501, '19 Nguyễn Trãi F.2', 5, 139),
(836, 501, '12A Lý Chính Thắng, F.8,', 5, 141),
(837, 501, '306 Nguyễn Trãi, F.8', 5, 766),
(838, 501, '163 Quang Trung', 5, 139),
(839, 501, '412 Lê Văn Sỹ, F.14', 5, 291),
(840, 501, '06 Bà Triệu', 19, 291),
(841, 501, '40 Hoàng Diệu', 19, NULL),
(842, 502, 'Số 83 Trần Văn Kỷ, phường 14', 5, 150),
(843, 503, '137 Trần Hưng Đạo B, P.10', 5, 141),
(844, 504, 'Lầu 2, 80 Nguyễn Trãi', 5, 137),
(845, 505, '182/20 Tuệ Tỉnh p12', 5, 147),
(846, 506, '209 Nguyễn Đình Chiểu', 5, 139),
(847, 507, '494 Lê Văn Sỹ, P.14', 5, 139),
(848, 508, '15 Huỳnh Văn Bánh P17', 5, 152),
(849, 509, '391 Cách Mạng Tháng 8, P.13', 5, 146),
(850, 510, '317 Lô A, Chung cư Lạc long quân', 5, 147),
(851, 511, 'Số 4, đường số 2, Thảo Điền', 5, 138),
(852, 512, '116/31 Nguyễn Văn Lượng, P17', 5, 766),
(853, 513, '335/5 Nguyễn Thái Sơn, F5', 5, 766),
(854, 515, 'f', 5, 7),
(855, 516, '0', 4, 5),
(856, 517, 'a', 4, 5),
(857, 518, 'f', 4, 5),
(858, 519, 'f', 5, 5),
(859, 520, 'a', 4, 5),
(860, 521, 'a', 4, 5),
(861, 522, 'a', 5, 5),
(862, 523, 'a', 47, 577);

-- --------------------------------------------------------

--
-- Table structure for table `retailer_phone`
--

CREATE TABLE IF NOT EXISTS `retailer_phone` (
  `id` int(11) NOT NULL AUTO_INCREMENT,
  `retailer_id` int(11) NOT NULL DEFAULT '0',
  `phone` varchar(100) COLLATE utf8_unicode_ci NOT NULL DEFAULT '0',
  PRIMARY KEY (`id`)
) ENGINE=InnoDB  DEFAULT CHARSET=utf8 COLLATE=utf8_unicode_ci AUTO_INCREMENT=881 ;

--
-- Dumping data for table `retailer_phone`
--

INSERT INTO `retailer_phone` (`id`, `retailer_id`, `phone`) VALUES
(1, 1, '841685995603'),
(2, 2, '841685995603'),
(3, 3, '841685995603'),
(4, 4, '0862.600.867'),
(5, 4, '0983.061.015 '),
(6, 5, '0862.600.867'),
(7, 5, '0983.061.015 '),
(8, 6, '0862.600.867'),
(9, 6, '0983.061.015 '),
(10, 7, '0862.600.867'),
(11, 7, '0983.061.015 '),
(12, 8, '0862.600.867'),
(13, 8, '0983.061.015 '),
(14, 9, '01685995603'),
(15, 9, '01666210561'),
(16, 10, '08).3848.0654 '),
(17, 10, '(08).3848.0513'),
(18, 12, '0902 699 902'),
(19, 12, '0936 250 279'),
(20, 12, '0838.908.036  '),
(21, 13, '090.3435.810 (Mr Vi?t)'),
(22, 14, '0906745466 '),
(23, 14, '0934172211'),
(24, 15, ' 0945 114 311'),
(25, 16, '(08) 38 474 262 '),
(26, 17, '02806.268.862 '),
(27, 17, '0988.888.992'),
(28, 18, '090.258.2925 '),
(29, 18, '0913.09.06.04'),
(30, 19, '0862.945.639 '),
(31, 20, '(08) 7306 8386'),
(32, 20, ' (08) 38686890 (124)'),
(33, 21, '0937.00.57.01'),
(34, 21, '0909.800.776'),
(35, 22, '(08) 7305 6616'),
(36, 22, '(04) 7305 6616'),
(37, 23, '08.6274.0302  '),
(38, 23, '0908.661.003 '),
(39, 23, '0903.553.560 '),
(40, 24, '19006049'),
(41, 25, '046.255.1010'),
(42, 25, '01.666.008.999'),
(43, 26, '083.9272280'),
(44, 27, '0909.419.869'),
(45, 28, '0987 455 608 (Diện)'),
(46, 28, 'Giá sỉ :0902 985 809 (Diện)'),
(47, 29, '1900 6637 '),
(48, 30, 'Văn phòng chính: 08.666.02318 '),
(49, 30, '08.627.52797 '),
(50, 30, '0908.741.748 '),
(51, 31, ' 0914343006 '),
(52, 32, '08. 668 64 939'),
(53, 32, ' 0934 30 40 40'),
(54, 32, '0917 22 55 62'),
(55, 33, '(08) 6296 5745'),
(56, 33, '0902 123 978'),
(57, 34, '092 82 092 88'),
(58, 34, '092 256 2305'),
(59, 35, '84.8.6680.5068'),
(60, 36, '08.73055707'),
(61, 37, '(08) 3942 1188'),
(62, 37, '(04) 7300 1188'),
(63, 38, '(08) 38 474 262 '),
(64, 38, '0918679574  '),
(65, 39, '19008675 '),
(66, 39, ' 08.66.835.228'),
(67, 40, '(08) 6290 8163'),
(68, 41, '08 38360074'),
(69, 41, '08.39202684 '),
(70, 42, '0919.800.540'),
(71, 43, '0934732473'),
(72, 44, '08. 6272 1872'),
(73, 44, '0917 452 858'),
(74, 45, '083. 8459.217 '),
(75, 45, '083. 8459.218'),
(76, 46, '(08) 6684 1086 '),
(77, 46, '0914 50 57 68'),
(78, 47, ' 0126 546 6020'),
(79, 48, '0909779033'),
(80, 48, '0937005701'),
(81, 49, '08 6671 7777'),
(82, 49, '0933 770 888'),
(83, 50, '08 7305 1290'),
(84, 51, '0932 370 555'),
(85, 52, '(08) 730 77477'),
(86, 52, '(08) 730 566 18'),
(87, 53, '(08) 730 77477'),
(88, 53, '(08) 730 566 18'),
(89, 54, '0903 090698'),
(90, 55, '(08)38.114.420 - 0949.780.088(Q.Tân Bình, TpHCM)'),
(91, 55, '(08)66.602.418 - 0932.788.058  (Q.10, Tp.HCM)'),
(92, 55, ' 0944.138.102 (Đồng Nai)'),
(93, 56, '(08) 62740302 '),
(94, 56, '0908.661.003'),
(95, 56, ' 0903.553.560 (Thảo)'),
(96, 57, '(08) 39295779 '),
(97, 57, ''),
(98, 58, '0938.930.799'),
(99, 58, '0909.545.299'),
(100, 59, '(08) 3862 5868'),
(101, 60, '0906 356 099 '),
(102, 60, '0934 081 039'),
(103, 61, '0934 024 124  '),
(104, 62, '08.7302.5999 '),
(105, 62, '08.6293.3447'),
(106, 62, '04.7309.9988'),
(107, 63, '(084-08) 3925 1260'),
(108, 64, ' 01212896435 '),
(109, 64, '0909 368 685'),
(110, 64, ' 01212896435 '),
(111, 64, '0166 947 1890'),
(112, 65, '(08) 62 997 428 '),
(113, 65, '0906.686.151'),
(114, 66, '(084) 6272 2709'),
(115, 67, '08.39252671'),
(116, 68, '(073) 6 261 026'),
(117, 69, '08.39 115 335   '),
(118, 69, '0909 713 086 '),
(119, 70, '0908 734 750 '),
(120, 70, '0994 876 925  '),
(121, 71, '08. 66 797 366 '),
(122, 71, '0168.70 60 968'),
(123, 72, '08668.020.86'),
(124, 72, '094.8558.444'),
(125, 73, '093.844.3989 '),
(126, 73, '093.821.7744'),
(127, 74, '04.85870280'),
(128, 74, '0922981234'),
(129, 75, '0932407911'),
(130, 76, ' 08.35070566'),
(131, 77, '(08) 6267 5432'),
(132, 77, '0933 121 828'),
(133, 78, '(08)54 492 690  '),
(134, 78, '(08)54 492 698'),
(135, 78, '0906 99 32 38 '),
(136, 79, '0977.456.779'),
(137, 80, '08.3781 7032 '),
(138, 80, ' 0908 828 892 '),
(139, 80, '0937 101 345'),
(140, 81, '(08) 5431 9484'),
(141, 82, '090.258.2925'),
(142, 82, '0913.09.06.04'),
(143, 83, '08-3932.0707 '),
(144, 83, 'Hotline: 0915.40.71.77 - 0912.33.50.38'),
(145, 83, 'Khách ở tỉnh: 0913.79.60.77 - 0914.22.10.38'),
(146, 84, ' 0919.071295 '),
(147, 84, '0934.170258'),
(148, 85, '08. 54453766'),
(149, 86, ' 0949.780.088'),
(150, 86, '(08)38.114.420'),
(151, 86, '(08)66.602.418 '),
(152, 86, '0932.788.058 '),
(153, 87, '(08) 3979 7085 '),
(154, 87, '(08) 3868 4344'),
(155, 87, ' (08) 6299 5851'),
(156, 88, '(08) 3602 6895 '),
(157, 88, '(08) 3602 6896'),
(158, 89, '(08) 6279 1995'),
(159, 89, '(08) 6279 1387'),
(160, 90, ' 0909.685700 '),
(161, 90, '01233.004.005'),
(162, 91, '0989286028'),
(163, 92, '(08) 62962100 '),
(164, 92, '(08)62972767'),
(165, 93, '08.22.45.42.45 '),
(166, 93, '08.66.806.809'),
(167, 94, '0933 094 226  '),
(168, 94, '0966 38 79 77'),
(169, 95, '0122 8080 355'),
(170, 95, '0906 853 866'),
(171, 96, '093 736 9468'),
(172, 96, '093 4121082'),
(173, 97, '0943 022 849 '),
(174, 97, '0919 664 570'),
(175, 97, '0914 299 455'),
(176, 98, '0977.58.33.79 '),
(177, 98, '0907.55.44.35'),
(178, 98, '08.22216814'),
(179, 99, '0906 77 8181 '),
(180, 99, '0902 100 311'),
(181, 100, '0917348914'),
(182, 101, '0909626480'),
(183, 102, ' 096 908 9975'),
(184, 102, '091 4249 432'),
(185, 103, '(08) 38.355552 '),
(186, 103, '0949.086.087'),
(187, 103, '0939.72.74.76'),
(188, 104, '0937221307 '),
(189, 105, '096 38 39 636'),
(190, 106, '0942 188 300'),
(191, 107, '090 66 88 415 '),
(192, 107, '093 771 9977 '),
(193, 108, '0903 171 607 '),
(194, 109, '0937.523.487 '),
(195, 110, ' 0909 474 131 '),
(196, 110, '0936 747 404'),
(197, 111, '0938911318'),
(198, 112, '090-7733-173 '),
(199, 112, '0909-118-207'),
(200, 113, '0937.384080 '),
(201, 113, '0902.092384'),
(202, 114, '0168.699.33.99'),
(203, 114, '0129.700.1168'),
(204, 114, '0905.210.071'),
(205, 115, '01695921901      '),
(206, 115, '0987115242'),
(207, 115, '0938262223'),
(208, 116, ' 0916979168 '),
(209, 116, '0988907232'),
(210, 117, '0932000881'),
(211, 118, '0909.2424.90'),
(212, 118, '08 62726054'),
(213, 119, '0943.022.849'),
(214, 120, '0909527079'),
(215, 120, '0935133746 '),
(216, 121, '(84-8) 3526 2188'),
(217, 122, '07103 734 900 '),
(218, 122, ' 0975 045 020'),
(219, 123, '08-6-288-5678 '),
(220, 123, '08-3941 4223'),
(221, 124, ' 01223.806.906 ( Hào ) '),
(222, 124, '093.8686.026  ( Phương )'),
(223, 125, '0902 63 62 63'),
(224, 126, '0983 706 001'),
(225, 126, '0466 847 769'),
(226, 127, ' (08) 66835051'),
(227, 127, '0908 483900'),
(228, 128, '0938 147 168 '),
(229, 129, '(08)38.48.28.77'),
(230, 130, ' 0984004693 '),
(231, 130, '0963932569'),
(232, 130, '(08) 22287554 '),
(233, 130, '(04) 6273438'),
(234, 131, ' 0909 79 789 1'),
(235, 131, '0908 69 62 64'),
(236, 132, '(0968) 579 818'),
(237, 132, '(0904) 873 818'),
(238, 133, '0975 215 734'),
(239, 133, '0964 492 472'),
(240, 133, '01226 910 881'),
(241, 133, '0982 599 490'),
(242, 133, '08-62719692'),
(243, 134, '0905197800 '),
(244, 134, '0908766717 '),
(245, 134, '0902549717 '),
(246, 135, '0909554060'),
(247, 136, '0974.89.90.90'),
(248, 136, '097.808.66.88'),
(249, 137, '0936 872 631 '),
(250, 138, '(08)54.050.020'),
(251, 138, '(08)35.070.456'),
(252, 138, '(08)35087080'),
(253, 138, ' (08)62.913.241'),
(254, 138, '(08) 62.66.22.33'),
(255, 139, ' 04.667.25693'),
(256, 139, '04666.23.777'),
(257, 140, '0906540232'),
(258, 141, '08-2237.5263  '),
(259, 141, '0944.8888.36'),
(260, 142, '0944.777.352'),
(261, 143, '0944.777.352'),
(262, 144, '08.62.55.33.44'),
(263, 145, '0908.007.860 '),
(264, 145, '0918.132.962'),
(265, 146, '84-8-39975859'),
(266, 147, '0902 671 951'),
(267, 148, '0908096999'),
(268, 149, '098 565 2828'),
(269, 149, '0908992112'),
(270, 150, '0969339502'),
(271, 151, ' 0907 404 828'),
(272, 152, '0935 354 999 '),
(273, 152, '096 7575 623'),
(274, 153, ' 0904.068.725 '),
(275, 153, '0909.086.727'),
(276, 154, '08.38.449.187 '),
(277, 155, ' 0934137978'),
(278, 155, '0918290629'),
(279, 156, ' 0909 92 60 97    '),
(280, 157, '093 775 775 3'),
(281, 158, '0907994973'),
(282, 159, '01694.872.674'),
(283, 159, ' 0165.488.1775'),
(284, 159, '0988373660'),
(285, 160, '08 39483932'),
(286, 160, '08 39483933'),
(287, 161, '093 4948 660'),
(288, 161, ' 01667 376 301'),
(289, 162, '0909 26 06 39'),
(290, 163, '0938 33 22 79 '),
(291, 163, '0962 96 77 19'),
(292, 164, '0909 013 557'),
(293, 165, '(08) 62818974'),
(294, 166, '(08) 35 570 797 '),
(295, 166, '0903 032 969'),
(296, 167, '(08) 6676 2332 '),
(297, 167, '(08) 6676 2331'),
(298, 167, '091 999 3020'),
(299, 167, '09 6677 4554'),
(300, 168, '0962.29.29.37'),
(301, 169, '(04) 39785426'),
(302, 169, '(08) 73000061'),
(303, 170, '0938895869'),
(304, 171, '0916 161 296'),
(305, 172, '0906.636.179'),
(306, 173, '0909014117 '),
(307, 173, '0996786700'),
(308, 174, ' 0964 736 630'),
(309, 175, '01634988818'),
(310, 176, ' 0978.004.572'),
(311, 177, '0909 306706'),
(312, 178, '0917 238 839'),
(313, 178, '0946 275 155 '),
(314, 179, '08 3 977 0193 '),
(315, 179, '0933 988 232'),
(316, 180, '0862838526'),
(317, 181, '0932.128.922'),
(318, 182, '0946126613'),
(319, 183, ' 0902 302 007'),
(320, 184, ' 0907.528.837   '),
(321, 185, '01689 525 650'),
(322, 185, '(08) 627 445 00 '),
(323, 186, '0932.677.077'),
(324, 187, '0977.668.911'),
(325, 187, '0938.079.268'),
(326, 188, '0938 854 023'),
(327, 188, ' 0938 129 695 '),
(328, 189, '0908811973 - 01263509533'),
(329, 190, '08-38991005'),
(330, 191, '0909.574.689'),
(331, 193, '0907.167.869'),
(332, 193, '0903.078.300'),
(333, 193, ' 090.3579.300'),
(334, 194, '01697 493 397'),
(335, 195, '0903 358 537 '),
(336, 196, '097 897 8686'),
(337, 196, '04 3562 7382'),
(338, 197, '0917. 618. 562'),
(339, 198, '05116.566.236'),
(340, 198, '0947513579'),
(341, 199, '0985 212 237 '),
(342, 199, '090909 67 86 '),
(343, 200, '0936 212 020'),
(344, 201, ' 1800 585 888'),
(345, 202, '01666.43.9999'),
(346, 202, '0915.554.940'),
(347, 203, '0919302032'),
(348, 204, '0974 768 684'),
(349, 204, '0986 979 665'),
(350, 204, '0968 579 818'),
(351, 205, ' 0986.293.661'),
(352, 206, '(08) 66.545.666 '),
(353, 206, '0908.125.495'),
(354, 207, '(+84-4) 3259 5639'),
(355, 208, ' 08 3602 7302 '),
(356, 209, '0902552489 '),
(357, 209, '0902474096 '),
(358, 210, '(08) 3 868 7979 (ext: 200 - 201)'),
(359, 211, '04 6674 4397'),
(360, 211, '04 6270 0992 '),
(361, 212, '0914615408'),
(362, 213, '08.39255036 '),
(363, 213, '08.38274839'),
(364, 213, '093.788.5854'),
(365, 214, '04.627.30925'),
(366, 215, '090.666.0124 '),
(367, 215, '0902.012.333'),
(368, 216, '0984777575 '),
(369, 216, '0908.777575'),
(370, 216, ' 0907.234561'),
(371, 217, '(08) 7301 0909'),
(372, 217, '(08) 7301 0909'),
(373, 217, '(08) 7301 0909'),
(374, 218, '(08) 3602 8622'),
(375, 218, '0908 84 93 94 '),
(376, 219, '0935739839'),
(377, 220, '0932787387 '),
(378, 220, '0937533433'),
(379, 221, '0903 837875 '),
(380, 221, '0909 950554'),
(381, 222, '(08)-62534576 '),
(382, 222, '(08)-62534576 '),
(383, 222, '0977.847484'),
(384, 223, '097.3679.398'),
(385, 224, '090 9595 845'),
(386, 225, '(08)6-292-1948'),
(387, 225, '0923.6655.86'),
(388, 226, '0936 872 631 '),
(389, 227, '0934.04.95.04'),
(390, 228, '0904.80.83.85 '),
(391, 228, ' 01692.622.223'),
(392, 228, ' 0962.073.123  '),
(393, 228, '0967.998.030'),
(394, 228, '0979.574.988'),
(395, 228, '0988.121277'),
(396, 229, '08 668 44169'),
(397, 229, '0128 679 8666 '),
(398, 230, '0946903400'),
(399, 231, '0169 7030 320'),
(400, 232, '01259 074 514 '),
(401, 232, '090 7274705'),
(402, 233, '(08) 3810 8855'),
(403, 234, '0979.16.14.15 '),
(404, 234, '0979.49.28.94'),
(405, 235, '0975 1010 57'),
(406, 235, '0963 533 616'),
(407, 236, '08) 35262578 - Cell: 0908456887'),
(408, 237, '0938 922 605'),
(409, 237, '0939 39 77 97'),
(410, 238, '(08)-3.8617.820'),
(411, 238, '0127.300.7979'),
(412, 240, '(08 6 296 5117'),
(413, 240, '0938 26 35 89'),
(414, 241, ' 0938.456.357'),
(415, 241, '0938.456.353 '),
(416, 242, '0902 288 646 '),
(417, 244, '043.7932702'),
(418, 244, '0903.586.669'),
(419, 245, '01265820520'),
(420, 245, '0943313805'),
(421, 246, '0903 171 607'),
(422, 247, '0902773287'),
(423, 248, ' 0909450295'),
(424, 249, '(08) 3602 9696 '),
(425, 249, '0916 261 488 '),
(426, 249, '0917 738 488'),
(427, 250, '0168.699.33.99 '),
(428, 250, '0129.700.1168  '),
(429, 250, '0905.210.071'),
(430, 251, '0906 385 339 '),
(431, 252, '0909116229'),
(432, 253, '08. 38411160'),
(433, 253, '0904 110911'),
(434, 254, '08 62629731'),
(435, 255, '0919 68 79 28 '),
(436, 256, '0907 015 002 '),
(437, 256, '0902820550  '),
(438, 256, '099 3333332 '),
(439, 257, '0909.899.662'),
(440, 258, ' 093 87 13579'),
(441, 258, ' 094 87 13579'),
(442, 259, '0933 454 543'),
(443, 260, '(08) 35085051'),
(444, 260, '(08) 36021251'),
(445, 261, '0927366663 '),
(446, 261, '0949412233'),
(447, 262, ' 0903.933.957 '),
(448, 262, '0983.977.293'),
(449, 263, '(08) 3526 4733'),
(450, 264, '0942636667'),
(451, 265, '09.3637.1212'),
(452, 266, '0979 544 111'),
(453, 267, '0909 67 0711'),
(454, 268, '(08) 62.95.75.15 '),
(455, 268, '093.383.9995'),
(456, 269, ' 0906000250'),
(457, 269, '0903170908 '),
(458, 270, '0168 687 0687'),
(459, 270, '0122 774 4617'),
(460, 271, '0169 78 678 75 '),
(461, 271, '0902 826 016 '),
(462, 272, '0946.89.88.87'),
(463, 273, '0908473350'),
(464, 274, '01884543002'),
(465, 275, '01226931775'),
(466, 276, ' 0909.812.670'),
(467, 276, '0909.812.670'),
(468, 277, '0909 96 24 12'),
(469, 277, '0903 96 96 37 '),
(470, 278, '0909807571'),
(471, 279, '0909400995'),
(472, 281, '0866860365	'),
(473, 282, '0983466439'),
(474, 282, '0933100508	'),
(475, 283, '0932000882'),
(476, 283, '0932000883'),
(477, 283, '08 39571671'),
(478, 284, '0933135667'),
(479, 284, '0968683839'),
(480, 285, '0909643110'),
(481, 286, '01214688534'),
(482, 286, '01685335066'),
(483, 287, '09391010713'),
(484, 288, '09.3473.2473'),
(485, 289, ' 093.42.42.432'),
(486, 290, ' 0942388824 '),
(487, 291, '0979 26 16 90'),
(488, 292, '+844 - 35642093/94'),
(489, 292, '+(084) 357.728.71/72'),
(490, 293, '04 666 36 777'),
(491, 293, '04 66 858 777'),
(492, 293, '04 66 828 777'),
(493, 294, ' 04 6660 8449'),
(494, 294, '04 6663 7605'),
(495, 294, '0466750106b'),
(496, 294, '04 6294 4717'),
(497, 295, '08.3601.9667'),
(498, 295, '090.40.163.40'),
(499, 295, '04.39 35 13 87'),
(500, 295, '04. 39 38 61 23'),
(501, 295, ' (08) 38372686'),
(502, 296, '84-8-6262 4997/8'),
(503, 297, '096 9599727'),
(504, 297, '096 3032995 '),
(505, 298, '04 66824079'),
(506, 298, '01225250898 '),
(507, 299, '08.39798072'),
(508, 299, '08.73099937'),
(509, 300, '0908263577'),
(510, 301, '0975728393'),
(511, 301, '0943659992'),
(512, 302, '0909 85 85 68'),
(513, 302, '08 5431 9408'),
(514, 303, '0949099174 '),
(515, 303, ' 0963933141'),
(516, 304, '0904723465 '),
(517, 304, '0904723465 '),
(518, 305, '0988720118'),
(519, 305, '043 8398768'),
(520, 305, ' 04.35643468'),
(521, 306, '093 844 16 20'),
(522, 307, '0934442789 '),
(523, 307, '01692128668'),
(524, 308, '043.868.0984'),
(525, 308, '043.623.0114'),
(526, 308, '094.5755.405'),
(527, 309, ' 093 651 6061'),
(528, 310, '0915 553 868'),
(529, 311, '(84-8) 39.912.867'),
(530, 311, '(84-8) 39.259.478'),
(531, 311, '(84-8) 39.259.582'),
(532, 311, '(84-8) 38.222.533'),
(533, 311, '(84-8) 62.757.622'),
(534, 312, '0988 227 482'),
(535, 313, '0973.44.5553'),
(536, 313, '09899 47035'),
(537, 314, '01275071111'),
(538, 315, '0438393636'),
(539, 315, '0903595295'),
(540, 315, '0466842276'),
(541, 316, '(083) 8254763'),
(542, 316, '(083) 8254764'),
(543, 317, '0938999971'),
(544, 317, '0919483667'),
(545, 317, '08 6684 2185'),
(546, 318, '0908263577 '),
(547, 319, '+84 8 3936 9424'),
(548, 319, ' +84 4 39366211'),
(549, 320, '+84 8 3936 9424'),
(550, 320, ' +84 4 39366211'),
(551, 321, '0439766665'),
(552, 321, '0904.525.459'),
(553, 322, '093.789.1102'),
(554, 323, '0985052256'),
(555, 323, '01686221291'),
(556, 324, '0904811065'),
(557, 325, '0909.097971 '),
(558, 325, '(08) 2200 2200'),
(559, 326, '04.62613397'),
(560, 326, '0909.39.8188'),
(561, 327, '08.35264932'),
(562, 328, '+84.8.66781447'),
(563, 329, '01679.688.222'),
(564, 329, '0164.765.008'),
(565, 329, '0163.245.5493'),
(566, 330, '(08)39914946 - 47'),
(567, 330, '0982 141986'),
(568, 330, '0903 372268'),
(569, 331, '04 6652 4888'),
(570, 331, '08 6273 8804'),
(571, 331, '0164 442 8888'),
(572, 332, '0987200187'),
(573, 332, '0943112277'),
(574, 333, '0972160372'),
(575, 334, '08-37527833'),
(576, 334, '08-37508429'),
(577, 335, '098 776 44 56'),
(578, 336, '01266 00 66 86 '),
(579, 337, '043.868.0984'),
(580, 337, '043.623.0114 '),
(581, 337, '094.5755.405'),
(582, 339, '0914 24 00 59'),
(583, 340, '0914428244'),
(584, 341, '0946.23.23.84 (Hòa)'),
(585, 341, '0972.530.498 (Hùng)'),
(586, 342, '0932.082.123'),
(589, 344, '+84 934.066.808'),
(590, 345, '043 9393 546'),
(591, 345, '0913 349 520'),
(592, 346, '0917.660.933'),
(593, 347, '0907664975'),
(594, 347, '0909702211'),
(595, 348, '0903 812 833'),
(596, 349, '093.42.42.432'),
(597, 350, '0989.220.661'),
(598, 350, '0122.978.3601'),
(599, 351, '0902777956'),
(600, 351, '(84-8)-62593248'),
(601, 351, '  (84-8) 5.4473565 – 4473566'),
(602, 352, '0938 33 79 11'),
(603, 353, '08.66.700793'),
(604, 353, '08.66.800850 '),
(605, 353, '0908.039769'),
(606, 354, '0908 787 343'),
(607, 354, '01298 855 413 '),
(608, 355, '0932666455'),
(609, 355, '0977105110'),
(610, 356, '0908.80.83.90'),
(611, 357, '0968 305 330'),
(612, 358, ' 01234541000'),
(613, 359, '0987.938.717'),
(614, 360, '0168 687 0687'),
(615, 360, '0122 774 4617 '),
(616, 361, '093 339 6500'),
(617, 361, '093 339 6511'),
(618, 362, '0902345951'),
(619, 362, '0839225823'),
(620, 363, '0938388850 '),
(621, 363, '0938885933 '),
(622, 364, ' 01204 18 68 51'),
(623, 365, ' 090599.5098 (Ms.Khanh)'),
(624, 365, '0938730.456 (Ms.Khuyên)'),
(625, 366, '04 3 919 1616'),
(626, 367, '0982.977.223'),
(627, 367, '(0084)38.573.304'),
(628, 368, '0907 321 001'),
(629, 368, ' 01222 446 001'),
(630, 369, '0908 868 240'),
(631, 369, '0908 701 011'),
(632, 370, '0993.646.125'),
(633, 370, ' 0937.039.879'),
(634, 371, '0909 504 359'),
(635, 372, '0932721799'),
(636, 372, '0932189938'),
(637, 373, '0903.933.957'),
(638, 373, '0983.977.293'),
(639, 374, '08. 38411160'),
(640, 374, '0904 110911'),
(641, 374, '0903641303'),
(642, 375, ' 0903 80 81 49'),
(643, 376, '08 66 564 564'),
(644, 376, '096 7370909'),
(645, 377, '0937 033 244 '),
(646, 377, '0989 611 311'),
(647, 377, '08.39694260'),
(648, 378, '0935.858.645'),
(649, 379, '0909 47 57 61 '),
(650, 379, '0909 10 15 11'),
(651, 380, '0917.303.993 '),
(652, 380, '0908.611.600'),
(653, 381, '0937 957 291'),
(654, 381, '0973 769 757'),
(655, 382, '0909 106 961 '),
(656, 382, '0934 007 911'),
(657, 383, ' 086.2780.667 '),
(658, 383, '0902 92 57 92'),
(659, 384, '0909 198 032'),
(660, 385, '0908115490'),
(664, 386, '0908078366'),
(665, 343, '(090) 972-9721'),
(670, 387, ' 0918050189'),
(671, 387, ' 01689011299 '),
(672, 387, '0908911784'),
(673, 387, '01694488088'),
(674, 388, '01222499515'),
(675, 389, '0949.354.623'),
(676, 389, ' 0123.966.4853'),
(677, 390, '0972 810 614'),
(678, 391, '0909.174.689'),
(679, 392, '0936 78 84 78'),
(680, 393, '08.66755086 '),
(681, 394, '0909104697'),
(682, 395, '08-38 158 793'),
(683, 396, '0907070755'),
(684, 397, '0934.277.771'),
(685, 397, '0938.88.75.48 '),
(686, 398, '0909 321 110'),
(687, 398, '0919 033 004'),
(688, 399, '0902 800 416'),
(689, 400, '0922222715'),
(690, 400, '0922222716'),
(691, 401, '0935 345 925'),
(692, 402, '0932.082.123'),
(693, 403, '0908023667'),
(694, 404, ' 0917660933'),
(695, 405, '0908 618 592'),
(696, 405, '0985 963 563'),
(697, 406, '0902503365'),
(698, 407, '0906755449'),
(699, 408, '0165 3484 668'),
(700, 408, '01685744926'),
(701, 408, '0167 307 9496'),
(702, 409, '0975.178.798 '),
(703, 409, '0902.541.430'),
(704, 410, '090 220 0909'),
(705, 410, '08 35090090'),
(706, 411, '0123.68.543.68 '),
(707, 411, '086.68.543.68'),
(708, 412, '0909 190 501 '),
(709, 412, '090 85 303 85'),
(710, 413, '097 9513946'),
(711, 414, '0909 98 64 88'),
(712, 415, '0978 83 48 58'),
(713, 416, ' 0934.990.651'),
(714, 417, '0122.419.3994 '),
(715, 417, '0909.643.381'),
(716, 418, '0988 355 639'),
(717, 418, '0169 7997199'),
(718, 419, '0123.455.6543'),
(719, 420, '0903 835089'),
(720, 420, '0908 755 889'),
(721, 420, '08 38 253050'),
(722, 421, '0938384093'),
(723, 422, '0123 455 9277'),
(724, 423, '0907664975 '),
(725, 423, '0909702211'),
(726, 424, '0909642789'),
(727, 425, '0123 490 0920'),
(728, 426, '0902.800.800 '),
(729, 427, '01234 070707'),
(730, 428, '0938 33 79 11'),
(731, 429, '0945 757168'),
(732, 430, '0985.509.772 '),
(733, 430, '086.283.0283'),
(734, 431, '0986.678.766 '),
(735, 431, '046 292 8833'),
(736, 432, '0907774677'),
(737, 433, '08.66795698 '),
(738, 434, '0938 97 83 89 '),
(739, 434, '0979 845 095'),
(740, 435, '0937 00 11 83'),
(741, 436, '0946 581 636 '),
(742, 437, '08 6299 1920'),
(743, 438, '08 5411 9000'),
(744, 439, '0973367351'),
(745, 440, '01285.776.829'),
(746, 441, '(84-8) 36 022 311 '),
(747, 441, '0972 066 727'),
(748, 442, '099.33.11.347'),
(749, 442, '0939.578.399'),
(750, 443, '01654822117'),
(751, 443, '0979273264'),
(752, 444, '01668920241'),
(753, 444, '0905986561'),
(754, 445, '0984.222.292'),
(755, 446, '0932.095.220 '),
(756, 446, '093.505.6634'),
(757, 447, '097.999.7005 '),
(758, 447, '093.405.0008'),
(759, 448, '0909.301.667 '),
(760, 449, '0937.934.393'),
(761, 449, '0122.793.4393'),
(762, 450, '0978 865 924'),
(763, 451, '0975.178.798'),
(764, 451, '0902.541.430'),
(765, 452, '0122.978.3601'),
(766, 453, '08.3840.6630'),
(767, 453, '0902.928.774'),
(768, 454, '08 2218 2877'),
(769, 455, '0909354566'),
(770, 456, '01632.653.563'),
(771, 457, ' 0914411801'),
(772, 458, '908 15 6661'),
(773, 458, '(08)38 218 592'),
(774, 459, '08.3589.4011'),
(775, 459, '0972.72.72.46  '),
(776, 459, '0908.14.99.11'),
(777, 460, '0915 933399'),
(778, 461, '0906 607 245'),
(779, 462, '083 8477 120'),
(780, 462, '083.897.8895'),
(781, 463, '0169 888 2973'),
(782, 464, '0936461239 '),
(783, 464, '0934521239'),
(784, 465, '08 3602 7302'),
(785, 466, ' 093 869 0109 '),
(786, 466, '090 969 0109'),
(787, 467, '04 3938 7668'),
(788, 467, '08 6291 3668'),
(789, 468, '0932328685'),
(790, 468, ' 0904958580'),
(791, 469, '09333.09383'),
(792, 470, '(04)3 928 8997'),
(793, 470, '093 235 6668'),
(794, 471, '0975350099'),
(795, 472, '(08) 3 925 8855'),
(796, 472, '(04) 3 978 5684'),
(797, 472, '(05) 11 375 2792'),
(798, 472, '(06) 50 366 8669'),
(799, 473, '0938.009.099'),
(800, 474, '08 6 2829 666'),
(801, 475, '0988 602 742'),
(802, 476, '0909 042 904'),
(803, 477, '012 89 89 2000'),
(804, 477, '0932 08 21 22'),
(805, 478, '  0933831004'),
(806, 478, '0932026963'),
(807, 479, '0914163359'),
(808, 480, '01229187129 '),
(809, 480, '08.62942408'),
(810, 481, '08 39411128 '),
(811, 481, '08 39411129'),
(812, 481, '086.6809057'),
(813, 482, '0932 635 015'),
(814, 483, '01273984749 '),
(815, 483, '0903832455'),
(816, 484, '(08)7309.9939'),
(817, 485, '(08)62 610 665'),
(818, 485, '0903 090 357'),
(819, 486, '01222 678249'),
(820, 487, '098.676.8500 '),
(821, 487, '098.8989.411'),
(822, 487, '08.66851200'),
(823, 488, '+ 84 8 633 534 187'),
(824, 489, ' 08-38207556 '),
(825, 489, '08-38207558'),
(826, 489, '0903347890'),
(827, 489, '0938970959'),
(828, 489, '0903086282'),
(829, 490, '(+84)8 222 08 466'),
(830, 491, '094 .313 . 7922 '),
(831, 491, '0125. 6789. 222'),
(832, 492, '04.3537.8820'),
(833, 492, '08.3999.0998'),
(834, 492, '08.3842.4441'),
(835, 493, '0989 777 309 '),
(836, 493, '0982 131 933'),
(837, 494, '(08) 38423281 '),
(838, 494, '0974 858 680 '),
(839, 494, '0989 029 429'),
(840, 495, '0902.999.045'),
(841, 496, '0905851551'),
(842, 497, '(08) 3602 1196 '),
(843, 497, '(08) 3602 1198'),
(844, 497, '(08) 6261 0065'),
(845, 498, '098 224 2238 '),
(846, 498, '091 935 2708'),
(847, 499, ' (08)6-292-1948'),
(848, 499, '(08)5410 6648'),
(849, 500, '0932131626'),
(850, 500, '0905257345'),
(851, 501, '0938.803.633'),
(852, 501, '0905.426.996'),
(853, 502, ' 0935.222.102'),
(854, 503, '08.3856.1489 '),
(855, 503, '0917.499.166'),
(856, 504, '08 3925 6220'),
(857, 505, '0903 163 168 '),
(858, 505, '01202 344 864'),
(859, 506, '0909.513.527'),
(860, 507, '090 339 82 80'),
(861, 508, '08 66806862 '),
(862, 508, '090 6666 596'),
(863, 509, '0902.568.660'),
(864, 509, '0933.408.879'),
(865, 510, '01699 163 056'),
(866, 510, '0988 990 168'),
(867, 511, '0904126377'),
(868, 512, '01662870079 '),
(869, 512, '0935363035'),
(870, 513, '0905527799 '),
(871, 513, '0938087109'),
(872, 515, '01685995603'),
(873, 516, '01685995603'),
(874, 517, '01685995603'),
(875, 518, '01685995603'),
(876, 519, '01685995603'),
(877, 520, '0'),
(878, 521, '0'),
(879, 522, '01685995603'),
(880, 523, '01685995603');

-- --------------------------------------------------------

--
-- Table structure for table `return_request`
--

CREATE TABLE IF NOT EXISTS `return_request` (
  `return_request_id` int(10) unsigned NOT NULL AUTO_INCREMENT,
  `status_id` int(11) NOT NULL,
  `created_user_id` int(11) NOT NULL,
  `load_product_request_id` int(11) NOT NULL,
  `created_at` timestamp NOT NULL DEFAULT '0000-00-00 00:00:00',
  `updated_at` timestamp NOT NULL DEFAULT '0000-00-00 00:00:00',
  PRIMARY KEY (`return_request_id`)
) ENGINE=InnoDB DEFAULT CHARSET=utf8 COLLATE=utf8_unicode_ci AUTO_INCREMENT=1 ;

-- --------------------------------------------------------

--
-- Table structure for table `return_request_product`
--

CREATE TABLE IF NOT EXISTS `return_request_product` (
  `return_request_product_id` int(10) unsigned NOT NULL AUTO_INCREMENT,
  `return_request_id` int(11) NOT NULL,
  `product_id` int(11) NOT NULL,
  `quantity_return` int(11) NOT NULL,
  `created_at` timestamp NOT NULL DEFAULT '0000-00-00 00:00:00',
  `updated_at` timestamp NOT NULL DEFAULT '0000-00-00 00:00:00',
  PRIMARY KEY (`return_request_product_id`)
) ENGINE=InnoDB DEFAULT CHARSET=utf8 COLLATE=utf8_unicode_ci AUTO_INCREMENT=1 ;

-- --------------------------------------------------------

--
-- Table structure for table `return_request_status`
--

CREATE TABLE IF NOT EXISTS `return_request_status` (
  `return_request_status_id` int(10) unsigned NOT NULL AUTO_INCREMENT,
  `admin_status_text` varchar(255) COLLATE utf8_unicode_ci NOT NULL,
  `admin_action_text` varchar(255) COLLATE utf8_unicode_ci NOT NULL,
  `user_status_text` varchar(255) COLLATE utf8_unicode_ci NOT NULL,
  `user_action_text` varchar(255) COLLATE utf8_unicode_ci NOT NULL,
  `identity` varchar(255) COLLATE utf8_unicode_ci NOT NULL,
  `is_show_for_user` tinyint(1) NOT NULL DEFAULT '0',
  `is_in_progress` tinyint(1) NOT NULL DEFAULT '0',
  `editable` tinyint(1) NOT NULL DEFAULT '0',
  `created_at` timestamp NOT NULL DEFAULT '0000-00-00 00:00:00',
  `updated_at` timestamp NOT NULL DEFAULT '0000-00-00 00:00:00',
  PRIMARY KEY (`return_request_status_id`)
) ENGINE=InnoDB DEFAULT CHARSET=utf8 COLLATE=utf8_unicode_ci AUTO_INCREMENT=1 ;

-- --------------------------------------------------------

--
-- Table structure for table `return_request_status_changeable_accept`
--

CREATE TABLE IF NOT EXISTS `return_request_status_changeable_accept` (
  `changeable_accept_id` int(10) unsigned NOT NULL AUTO_INCREMENT,
  `status_id` int(11) NOT NULL,
  `accept_id` int(11) NOT NULL,
  `message_required` tinyint(1) NOT NULL DEFAULT '0',
  `is_admin_show` tinyint(1) NOT NULL DEFAULT '0',
  `is_user_show` tinyint(1) NOT NULL DEFAULT '0',
  `created_at` timestamp NOT NULL DEFAULT '0000-00-00 00:00:00',
  `updated_at` timestamp NOT NULL DEFAULT '0000-00-00 00:00:00',
  PRIMARY KEY (`changeable_accept_id`)
) ENGINE=InnoDB DEFAULT CHARSET=utf8 COLLATE=utf8_unicode_ci AUTO_INCREMENT=1 ;

-- --------------------------------------------------------

--
-- Table structure for table `return_request_status_history`
--

CREATE TABLE IF NOT EXISTS `return_request_status_history` (
  `return_request_status_history_id` int(10) unsigned NOT NULL AUTO_INCREMENT,
  `return_request_id` int(11) NOT NULL,
  `status_id` int(11) NOT NULL,
  `message` text COLLATE utf8_unicode_ci,
  `created_at` timestamp NOT NULL DEFAULT '0000-00-00 00:00:00',
  `updated_at` timestamp NOT NULL DEFAULT '0000-00-00 00:00:00',
  PRIMARY KEY (`return_request_status_history_id`)
) ENGINE=InnoDB DEFAULT CHARSET=utf8 COLLATE=utf8_unicode_ci AUTO_INCREMENT=1 ;

-- --------------------------------------------------------

--
-- Table structure for table `return_request_variant`
--

CREATE TABLE IF NOT EXISTS `return_request_variant` (
  `return_request_variant_id` int(10) unsigned NOT NULL AUTO_INCREMENT,
  `return_request_product_id` int(11) NOT NULL,
  `variant_id` int(11) NOT NULL,
  `quantity_return` int(11) NOT NULL,
  `created_at` timestamp NOT NULL DEFAULT '0000-00-00 00:00:00',
  `updated_at` timestamp NOT NULL DEFAULT '0000-00-00 00:00:00',
  PRIMARY KEY (`return_request_variant_id`)
) ENGINE=InnoDB DEFAULT CHARSET=utf8 COLLATE=utf8_unicode_ci AUTO_INCREMENT=1 ;

-- --------------------------------------------------------

--
-- Table structure for table `roles`
--

CREATE TABLE IF NOT EXISTS `roles` (
  `id` int(10) unsigned NOT NULL AUTO_INCREMENT,
  `name` varchar(255) COLLATE utf8_unicode_ci NOT NULL,
  `created_at` timestamp NOT NULL DEFAULT '0000-00-00 00:00:00',
  `updated_at` timestamp NOT NULL DEFAULT '0000-00-00 00:00:00',
  PRIMARY KEY (`id`),
  UNIQUE KEY `roles_name_unique` (`name`)
) ENGINE=MyISAM  DEFAULT CHARSET=utf8 COLLATE=utf8_unicode_ci AUTO_INCREMENT=4 ;

--
-- Dumping data for table `roles`
--

INSERT INTO `roles` (`id`, `name`, `created_at`, `updated_at`) VALUES
(1, 'admin', '2014-11-24 06:24:52', '2014-11-24 06:24:52'),
(2, 'shop', '2014-11-24 06:24:52', '2014-11-24 06:24:52'),
(3, 'user', '2014-11-24 06:24:52', '2014-11-24 06:24:52');

-- --------------------------------------------------------

--
-- Table structure for table `search`
--

CREATE TABLE IF NOT EXISTS `search` (
  `id` bigint(11) NOT NULL AUTO_INCREMENT,
  `query` varchar(100) COLLATE utf8_unicode_ci NOT NULL DEFAULT '0',
  `count` int(11) NOT NULL DEFAULT '0',
  `totalresult` int(11) DEFAULT '0',
  PRIMARY KEY (`id`)
) ENGINE=InnoDB  DEFAULT CHARSET=utf8 COLLATE=utf8_unicode_ci AUTO_INCREMENT=35 ;

--
-- Dumping data for table `search`
--

INSERT INTO `search` (`id`, `query`, `count`, `totalresult`) VALUES
(1, 'áp', 1, 0),
(2, 'áo', 4, 1),
(3, 'áo đẹp', 1, 520),
(4, 'giày dễ thương', 2, 85),
(5, 'tui deo gia', 2, 88),
(6, 'đòng hồ cặp feiwo', 2, 121),
(7, 'asdfasd', 3, 0),
(8, 'asdf', 1, 0),
(9, 'ao thun', 34, 1036),
(10, 'so mi', 4, 263),
(11, 'test', 42, 12),
(12, 'thoi trang', 4, 123),
(13, 'quan ao', 2, 68),
(14, 'a', 170, 0),
(15, 'do lot', 17, 19),
(16, 'asdfasdf', 3, 0),
(17, 'b', 5, 2),
(18, 'z', 1, 0),
(19, 'dfsd', 1, 0),
(20, 'xdeal', 74, 0),
(21, 'bivi', 61, 0),
(22, 'bivi.vn', 8, 0),
(23, 'bivivn', 1, 0),
(24, '', 23, NULL),
(25, 'e', 1, 1),
(26, '/ao thun 123123123', 2, NULL),
(27, 'ao thun 123123123', 1, 2129),
(28, 'ao thun than tuong bong da cho world cup 2014 13671', 1, 2129),
(29, 'u/c248ee9e79a', 2, 16),
(30, 'test product unit 189.html?ref=category_page', 1, 2),
(31, 'jean', 160, 443),
(32, 'ao thun 50k', 19, 3756),
(33, 'ao thun 50k 100k', 5, 0),
(34, 'áo thun 35k', 4, 10008);

-- --------------------------------------------------------

--
-- Table structure for table `shop`
--

CREATE TABLE IF NOT EXISTS `shop` (
  `id` int(11) NOT NULL AUTO_INCREMENT,
  `name` varchar(200) COLLATE utf8_unicode_ci DEFAULT NULL,
  `address` varchar(200) COLLATE utf8_unicode_ci DEFAULT NULL,
  `website` varchar(200) COLLATE utf8_unicode_ci DEFAULT NULL,
  `contacter` varchar(200) COLLATE utf8_unicode_ci DEFAULT NULL,
  `sell_liabilities` enum('yes','no') COLLATE utf8_unicode_ci DEFAULT NULL,
  `sell_liabilitiesmethod` tinyint(1) DEFAULT NULL,
  `sell_liabilitiesmethoddate` int(5) DEFAULT NULL,
  `buy_method` tinyint(1) DEFAULT NULL,
  `introduce` text COLLATE utf8_unicode_ci,
  `user_id` int(11) DEFAULT NULL,
  `dateline` int(11) DEFAULT NULL,
  `city` int(10) NOT NULL,
  `district` int(10) NOT NULL,
  `province` int(10) NOT NULL,
  `views` int(11) NOT NULL DEFAULT '1',
  `approve` tinyint(1) NOT NULL DEFAULT '0',
  `contacter_name` varchar(50) COLLATE utf8_unicode_ci DEFAULT NULL,
  `contacter_phone` varchar(50) COLLATE utf8_unicode_ci DEFAULT NULL,
  `contacter_email` varchar(50) COLLATE utf8_unicode_ci DEFAULT NULL,
  `notice` varchar(500) COLLATE utf8_unicode_ci DEFAULT NULL,
  `np_id1` tinyint(4) DEFAULT NULL,
  `np_id2` tinyint(4) DEFAULT NULL,
  `np_id3` tinyint(4) DEFAULT NULL,
  `np_id4` tinyint(4) DEFAULT NULL,
  `product_avg_price` int(10) DEFAULT NULL,
  `follow_total` int(11) DEFAULT '0',
  `latitude` varchar(100) COLLATE utf8_unicode_ci DEFAULT NULL,
  `longitude` varchar(100) COLLATE utf8_unicode_ci DEFAULT NULL,
  `uplasttime` int(11) DEFAULT NULL,
  `user_code` varchar(100) COLLATE utf8_unicode_ci DEFAULT NULL,
  `vip` tinyint(1) NOT NULL DEFAULT '0',
  `vip_register_date` int(11) DEFAULT NULL,
  `vip_period` tinyint(5) DEFAULT NULL,
  `payed` tinyint(4) DEFAULT NULL,
  `vip_trial` tinyint(1) DEFAULT NULL,
  `vip_end_date` int(10) NOT NULL,
  `identity` varchar(255) COLLATE utf8_unicode_ci DEFAULT NULL,
  `is_admin_updated` tinyint(1) NOT NULL DEFAULT '0',
  `created_at` timestamp NOT NULL DEFAULT '0000-00-00 00:00:00',
  `updated_at` timestamp NOT NULL DEFAULT '0000-00-00 00:00:00',
  `status_id` tinyint(1) NOT NULL,
  PRIMARY KEY (`id`),
  UNIQUE KEY `shop_identity_unique` (`identity`)
) ENGINE=InnoDB  DEFAULT CHARSET=utf8 COLLATE=utf8_unicode_ci AUTO_INCREMENT=33 ;

--
-- Dumping data for table `shop`
--

INSERT INTO `shop` (`id`, `name`, `address`, `website`, `contacter`, `sell_liabilities`, `sell_liabilitiesmethod`, `sell_liabilitiesmethoddate`, `buy_method`, `introduce`, `user_id`, `dateline`, `city`, `district`, `province`, `views`, `approve`, `contacter_name`, `contacter_phone`, `contacter_email`, `notice`, `np_id1`, `np_id2`, `np_id3`, `np_id4`, `product_avg_price`, `follow_total`, `latitude`, `longitude`, `uplasttime`, `user_code`, `vip`, `vip_register_date`, `vip_period`, `payed`, `vip_trial`, `vip_end_date`, `identity`, `is_admin_updated`, `created_at`, `updated_at`, `status_id`) VALUES
(22, 'PhimNhanh', '7A/65 Thành Thái, Ho Chi Minh City, Vietaaaaaaa', 'http://phimnhanh.net', NULL, 'no', NULL, NULL, NULL, '<p>Viết giới thiệu nh&agrave; cung cấp</p>', 1, 1385024995, 5, 132, 5, 453, 1, '0', NULL, NULL, 'Shop có rất nhiều mặt hàng, trên Thị Trường Sỉ chỉ là một phần, vui lòng liên hệ để biết thêm chi tiết', NULL, NULL, NULL, NULL, 397834, 2, NULL, NULL, 1410153834, 'c248ee9e79', 1, 1410754486, 1, NULL, NULL, 0, 'phimnhanh1', 0, '0000-00-00 00:00:00', '0000-00-00 00:00:00', 1),
(23, 'Test', '595 Sư Vạn Hạnh', 'http://xdeal.vn/', 'Hồ Ly', 'yes', 2, 17, 1, '', 1, 1385393788, 5, 0, 999, 1032, 1, '0', '0', '0', '', NULL, NULL, NULL, NULL, 182880, 1, '0.00000000', '0.00000000', NULL, 'c248ee9e79', 0, 0, 0, NULL, NULL, 0, 'test1', 0, '0000-00-00 00:00:00', '0000-00-00 00:00:00', 1),
(24, 'BIVI', '595 Sư Vạn Hạnh', 'http://bivi.vn', NULL, 'yes', NULL, NULL, NULL, NULL, 1, 1386233640, 5, 146, 999, 80, 1, '0', NULL, NULL, '', NULL, NULL, NULL, NULL, 105000, 1, NULL, NULL, NULL, 'c248ee9e79', 1, 1415725200, 1, NULL, 1, 0, 'bivi1', 0, '0000-00-00 00:00:00', '0000-00-00 00:00:00', 1),
(25, 'Test', 'w345245', 'http://xdeal.vn/', 'Lê Quý Quý', 'no', NULL, 1, 1, '', 8, 1386754248, 5, 146, 999, 1, 1, '0', '0', '0', '', 1, 1, 0, 0, NULL, 0, '0.00000000', '0.00000000', NULL, 'ec27dc5cd9', 0, 0, 0, NULL, NULL, 0, 'test', 0, '0000-00-00 00:00:00', '0000-00-00 00:00:00', 1),
(28, 'Le Quy', '458 To Hien Thanh', 'http://xdeal.vn', 'Le Quy', 'no', NULL, 1, 2, '', 13, 1386755054, 5, 146, 999, 1, 1, '0', '0', '0', '', NULL, NULL, NULL, NULL, NULL, 0, '0.00000000', '0.00000000', NULL, '85c54b1512', 0, 0, 0, NULL, NULL, 0, 'le-quy', 0, '0000-00-00 00:00:00', '0000-00-00 00:00:00', 1),
(29, 'Le Quy', 'ádfasdf', 'http://xdeal.vn', NULL, 'yes', NULL, NULL, NULL, NULL, 23, 1387273216, 47, 579, 999, 1, -1, '0', NULL, NULL, '', NULL, 1, NULL, NULL, NULL, 0, NULL, NULL, NULL, 'd013ae35e0', 0, 0, 0, NULL, NULL, 0, 'le-quy1', 0, '0000-00-00 00:00:00', '0000-00-00 00:00:00', 1),
(30, 'asdjfkalsdjflk', 'akjsdfklajsdkf', 'http://xdeal.vn', 'Le Quy', NULL, NULL, NULL, NULL, NULL, 24, 1387274122, 40, 507, 999, 1, 1, '0', '01685995603', 'jasdfjkasldf@gmail.com', '', NULL, 1, NULL, NULL, NULL, 0, '0.00000000', '0.00000000', NULL, '2792c1fcc4', 1, 1407734709, 1, 1, NULL, 0, 'asdjfkalsdjflk', 0, '0000-00-00 00:00:00', '0000-00-00 00:00:00', 1),
(31, 'Test', '471 Nguyễn Tri Phương, 8, Quận 10, Ho Chi Minh City, Vietnam', 'http://phimnhanh2.net', NULL, NULL, NULL, NULL, NULL, NULL, 25, 1385024995, 5, 146, 999, 76, 1, '0', NULL, NULL, 'Sa', NULL, NULL, NULL, NULL, 156352, 1, NULL, NULL, NULL, '86ea8a4877', 1, 1412096400, 1, NULL, NULL, 0, 'test2', 0, '0000-00-00 00:00:00', '0000-00-00 00:00:00', 1),
(32, 'Test 2', 'asdaf', 'http://phimnhanh.net', 'Le Quy', NULL, NULL, NULL, NULL, NULL, 28, 1385024995, 44, 550, 47, 1, 1, '0', '01685995603', 'asdfasdf@gmail.com', NULL, NULL, NULL, NULL, NULL, NULL, 0, '0.00000000', '0.00000000', NULL, '4143eeafaf', 1, 1415725200, 1, 1, 1, 0, 'test-2', 0, '0000-00-00 00:00:00', '0000-00-00 00:00:00', 1);

-- --------------------------------------------------------

--
-- Table structure for table `shop_category`
--

CREATE TABLE IF NOT EXISTS `shop_category` (
  `id` int(11) NOT NULL AUTO_INCREMENT,
  `shop_id` int(11) NOT NULL,
  `category_id` int(11) NOT NULL,
  PRIMARY KEY (`id`)
) ENGINE=MyISAM  DEFAULT CHARSET=utf8 AUTO_INCREMENT=112 ;

--
-- Dumping data for table `shop_category`
--

INSERT INTO `shop_category` (`id`, `shop_id`, `category_id`) VALUES
(1, 24, 8),
(2, 24, 30),
(3, 24, 2),
(4, 22, 11),
(5, 22, 1),
(6, 23, 11),
(7, 23, 1),
(8, 23, 19),
(9, 22, 17),
(10, 23, 18),
(11, 23, 20),
(12, 23, 45),
(13, 23, 3),
(14, 22, 45),
(15, 22, 57),
(16, 22, 3),
(17, 23, 57),
(18, 23, 35),
(19, 23, 2),
(20, 23, 8),
(21, 23, 40),
(22, 23, 30),
(23, 22, 18),
(24, 23, 17),
(25, 23, 69),
(26, 23, 75),
(27, 23, 5),
(28, 23, 67),
(29, 23, 73),
(30, 23, 66),
(31, 23, 72),
(32, 23, 82),
(33, 23, 7),
(34, 23, 79),
(35, 23, 81),
(36, 23, 84),
(37, 23, 80),
(38, 23, 83),
(39, 23, 77),
(40, 23, 78),
(41, 23, 4),
(42, 23, 70),
(43, 23, 76),
(44, 23, 64),
(45, 23, 10),
(46, 22, 12),
(47, 22, 50),
(48, 23, 47),
(49, 23, 49),
(50, 22, 70),
(51, 22, 76),
(52, 22, 5),
(53, 23, 62),
(54, 23, 61),
(55, 23, 46),
(56, 23, 58),
(57, 23, 51),
(58, 0, 80),
(59, 0, 83),
(60, 0, 7),
(61, 28, 80),
(62, 28, 83),
(63, 28, 7),
(64, 22, 9),
(65, 22, 10),
(66, 22, 16),
(67, 22, 87),
(68, 22, 86),
(69, 22, 25),
(70, 24, 1),
(71, 24, 86),
(72, 24, 9),
(73, 31, 1),
(74, 31, 86),
(75, 31, 9),
(76, 31, 10),
(77, 22, 2),
(78, 22, 29),
(79, 22, 4),
(80, 22, 77),
(81, 22, 7),
(82, 22, 117),
(83, 22, 79),
(84, 31, 93),
(85, 31, 4),
(86, 31, 119),
(87, 31, 2),
(88, 31, 96),
(89, 22, 95),
(90, 22, 94),
(91, 31, 94),
(92, 31, 17),
(93, 31, 99),
(94, 31, 106),
(95, 31, 38),
(96, 31, 125),
(97, 31, 126),
(98, 31, 124),
(99, 31, 35),
(100, 31, 21),
(101, 31, 95),
(102, 31, 85),
(103, 22, 98),
(104, 22, 89),
(105, 22, 20),
(106, 22, 63),
(107, 22, 93),
(108, 22, 85),
(109, 22, 27),
(110, 22, 14),
(111, 22, 15);

-- --------------------------------------------------------

--
-- Table structure for table `shop_domain`
--

CREATE TABLE IF NOT EXISTS `shop_domain` (
  `id` int(11) NOT NULL AUTO_INCREMENT,
  `shop_id` int(11) NOT NULL,
  `domain` varchar(200) NOT NULL,
  PRIMARY KEY (`id`)
) ENGINE=InnoDB  DEFAULT CHARSET=utf8 AUTO_INCREMENT=2 ;

--
-- Dumping data for table `shop_domain`
--

INSERT INTO `shop_domain` (`id`, `shop_id`, `domain`) VALUES
(1, 22, 'shopphimnhanh.com');

-- --------------------------------------------------------

--
-- Table structure for table `shop_email`
--

CREATE TABLE IF NOT EXISTS `shop_email` (
  `id` int(11) NOT NULL AUTO_INCREMENT,
  `shop_id` int(11) NOT NULL DEFAULT '0',
  `shop_email` varchar(200) NOT NULL DEFAULT '0',
  PRIMARY KEY (`id`)
) ENGINE=InnoDB  DEFAULT CHARSET=latin1 AUTO_INCREMENT=75 ;

--
-- Dumping data for table `shop_email`
--

INSERT INTO `shop_email` (`id`, `shop_id`, `shop_email`) VALUES
(23, 23, 'contact@xdeal.vn'),
(25, 25, 'cafetinhban_lequi@yahoo.com'),
(26, 26, 'cafetinhban_lequi@yahoo.com'),
(27, 27, 'cafetinhban_lequi@yahoo.com'),
(28, 28, 'cafetinhban_lequi@yahoo.com'),
(30, 30, 'jasdfjkasldf@gmail.com'),
(40, 32, 'asdfasdf@gmail.com'),
(56, 31, 'nhattieu@gmail.com'),
(68, 24, 'lequivn@gmail.com'),
(73, 29, 'nhattieu3xcvzx@gmail.com'),
(74, 22, 'cafetinhban_lequi@yahoo.com');

-- --------------------------------------------------------

--
-- Table structure for table `shop_phone`
--

CREATE TABLE IF NOT EXISTS `shop_phone` (
  `id` int(15) NOT NULL AUTO_INCREMENT,
  `shop_id` int(15) NOT NULL DEFAULT '0',
  `shop_phone` varchar(50) NOT NULL DEFAULT '0',
  PRIMARY KEY (`id`)
) ENGINE=InnoDB  DEFAULT CHARSET=latin1 AUTO_INCREMENT=66 ;

--
-- Dumping data for table `shop_phone`
--

INSERT INTO `shop_phone` (`id`, `shop_id`, `shop_phone`) VALUES
(5, 23, '0862600867'),
(7, 25, '01685995603'),
(8, 26, '01685995603'),
(9, 27, '01685995603'),
(10, 28, '01685995603'),
(12, 30, '01685995603'),
(22, 32, '01685995603'),
(38, 31, '01685995603a'),
(55, 24, '01685995603515'),
(63, 29, '01685995603'),
(64, 22, '01685995603'),
(65, 22, '1234561234');

-- --------------------------------------------------------

--
-- Table structure for table `shop_status`
--

CREATE TABLE IF NOT EXISTS `shop_status` (
  `shop_status_id` int(10) unsigned NOT NULL AUTO_INCREMENT,
  `admin_status_text` varchar(255) COLLATE utf8_unicode_ci NOT NULL,
  `identity` varchar(255) COLLATE utf8_unicode_ci NOT NULL,
  `is_warranty` tinyint(1) NOT NULL DEFAULT '0',
  `is_show` tinyint(1) NOT NULL DEFAULT '0',
  `created_at` timestamp NOT NULL DEFAULT '0000-00-00 00:00:00',
  `updated_at` timestamp NOT NULL DEFAULT '0000-00-00 00:00:00',
  `admin_action_text` varchar(255) COLLATE utf8_unicode_ci NOT NULL,
  PRIMARY KEY (`shop_status_id`)
) ENGINE=InnoDB  DEFAULT CHARSET=utf8 COLLATE=utf8_unicode_ci AUTO_INCREMENT=5 ;

--
-- Dumping data for table `shop_status`
--

INSERT INTO `shop_status` (`shop_status_id`, `admin_status_text`, `identity`, `is_warranty`, `is_show`, `created_at`, `updated_at`, `admin_action_text`) VALUES
(1, 'Chờ xác nhận', 'cho-xac-nhan', 0, 0, '2015-01-21 19:21:55', '2015-01-21 19:21:55', 'Chờ xác nhận'),
(2, 'Đã xác nhận', 'da-xac-nhan', 1, 1, '2015-01-21 19:22:12', '2015-01-21 19:22:12', 'Xác nhận'),
(3, 'Đã hủy NCC đảm bảo', 'da-huy-ncc-dam-bao', 0, 0, '2015-01-21 19:22:55', '2015-01-21 19:22:55', 'Hủy NCC đảm bảo'),
(4, 'Không xác nhận', 'khong-xac-nhan', 0, 0, '2015-01-21 19:52:59', '2015-01-21 19:52:59', 'Từ chối NCC');

-- --------------------------------------------------------

--
-- Table structure for table `shop_status_changeable_accept`
--

CREATE TABLE IF NOT EXISTS `shop_status_changeable_accept` (
  `changeable_accept_id` int(10) unsigned NOT NULL AUTO_INCREMENT,
  `status_id` int(11) NOT NULL,
  `accept_id` int(11) NOT NULL,
  `message_required` tinyint(1) NOT NULL DEFAULT '0',
  `created_at` timestamp NOT NULL DEFAULT '0000-00-00 00:00:00',
  `updated_at` timestamp NOT NULL DEFAULT '0000-00-00 00:00:00',
  PRIMARY KEY (`changeable_accept_id`)
) ENGINE=InnoDB  DEFAULT CHARSET=utf8 COLLATE=utf8_unicode_ci AUTO_INCREMENT=7 ;

--
-- Dumping data for table `shop_status_changeable_accept`
--

INSERT INTO `shop_status_changeable_accept` (`changeable_accept_id`, `status_id`, `accept_id`, `message_required`, `created_at`, `updated_at`) VALUES
(1, 1, 2, 0, '0000-00-00 00:00:00', '0000-00-00 00:00:00'),
(4, 3, 2, 0, '0000-00-00 00:00:00', '0000-00-00 00:00:00'),
(5, 2, 3, 1, '0000-00-00 00:00:00', '0000-00-00 00:00:00'),
(6, 1, 4, 1, '0000-00-00 00:00:00', '0000-00-00 00:00:00');

-- --------------------------------------------------------

--
-- Table structure for table `shop_status_history`
--

CREATE TABLE IF NOT EXISTS `shop_status_history` (
  `shop_status_history_id` int(10) unsigned NOT NULL AUTO_INCREMENT,
  `shop_id` int(11) NOT NULL,
  `status_id` int(11) NOT NULL,
  `message` text COLLATE utf8_unicode_ci,
  `created_at` timestamp NOT NULL DEFAULT '0000-00-00 00:00:00',
  `updated_at` timestamp NOT NULL DEFAULT '0000-00-00 00:00:00',
  `user_id` int(11) DEFAULT NULL,
  PRIMARY KEY (`shop_status_history_id`)
) ENGINE=InnoDB DEFAULT CHARSET=utf8 COLLATE=utf8_unicode_ci AUTO_INCREMENT=1 ;

-- --------------------------------------------------------

--
-- Table structure for table `shop_themes`
--

CREATE TABLE IF NOT EXISTS `shop_themes` (
  `shop_id` int(15) NOT NULL AUTO_INCREMENT,
  `theme_attribute` varchar(100) NOT NULL,
  `theme_value` varchar(200) NOT NULL,
  PRIMARY KEY (`shop_id`)
) ENGINE=InnoDB DEFAULT CHARSET=utf8 AUTO_INCREMENT=1 ;

-- --------------------------------------------------------

--
-- Table structure for table `shop_url`
--

CREATE TABLE IF NOT EXISTS `shop_url` (
  `id` int(11) NOT NULL AUTO_INCREMENT,
  `shop_id` int(11) NOT NULL,
  `shop_url` varchar(200) NOT NULL,
  PRIMARY KEY (`id`),
  UNIQUE KEY `shop_id` (`shop_id`)
) ENGINE=InnoDB  DEFAULT CHARSET=utf8 AUTO_INCREMENT=7 ;

--
-- Dumping data for table `shop_url`
--

INSERT INTO `shop_url` (`id`, `shop_id`, `shop_url`) VALUES
(1, 32, 'test2'),
(2, 31, 'test'),
(3, 30, 'asdjfkalsdjflk'),
(4, 29, 'lequy'),
(5, 24, 'bivi'),
(6, 22, 'phimnhanh');

-- --------------------------------------------------------

--
-- Table structure for table `sponsor`
--

CREATE TABLE IF NOT EXISTS `sponsor` (
  `sponsor_id` int(10) NOT NULL AUTO_INCREMENT,
  `sponsor_name` varchar(100) COLLATE utf8_unicode_ci DEFAULT NULL,
  `sponsor_description` text COLLATE utf8_unicode_ci,
  `sponsor_user` int(10) DEFAULT NULL,
  `sponsor_website` int(10) DEFAULT NULL,
  `sponsor_logo` varchar(50) COLLATE utf8_unicode_ci DEFAULT NULL,
  `sponsor_address` varchar(50) COLLATE utf8_unicode_ci DEFAULT NULL,
  `sponsor_email` varchar(50) COLLATE utf8_unicode_ci DEFAULT NULL,
  `sponsor_spokesman` varchar(50) COLLATE utf8_unicode_ci DEFAULT NULL,
  `sponsor_spokesman_email` varchar(50) COLLATE utf8_unicode_ci DEFAULT NULL,
  `sponsor_phone` varchar(50) COLLATE utf8_unicode_ci DEFAULT NULL,
  `sponsor_status` tinyint(4) DEFAULT NULL COMMENT '0 = waitting 1 =active 2 = banner',
  PRIMARY KEY (`sponsor_id`)
) ENGINE=MyISAM DEFAULT CHARSET=utf8 COLLATE=utf8_unicode_ci AUTO_INCREMENT=1 ;

-- --------------------------------------------------------

--
-- Table structure for table `stock_in`
--

CREATE TABLE IF NOT EXISTS `stock_in` (
  `stock_in_id` int(10) unsigned NOT NULL AUTO_INCREMENT,
  `created_user_id` int(11) NOT NULL,
  `type` varchar(255) COLLATE utf8_unicode_ci NOT NULL,
  `load_product_request_id` int(11) DEFAULT NULL,
  `shop_id` int(11) DEFAULT NULL,
  `order_id` int(11) DEFAULT NULL,
  `created_at` timestamp NOT NULL DEFAULT '0000-00-00 00:00:00',
  `updated_at` timestamp NOT NULL DEFAULT '0000-00-00 00:00:00',
  PRIMARY KEY (`stock_in_id`)
) ENGINE=InnoDB DEFAULT CHARSET=utf8 COLLATE=utf8_unicode_ci AUTO_INCREMENT=1 ;

-- --------------------------------------------------------

--
-- Table structure for table `stock_in_product`
--

CREATE TABLE IF NOT EXISTS `stock_in_product` (
  `stock_in_product_id` int(10) unsigned NOT NULL AUTO_INCREMENT,
  `product_id` int(11) NOT NULL,
  `quantity` int(11) NOT NULL,
  `created_at` timestamp NOT NULL DEFAULT '0000-00-00 00:00:00',
  `updated_at` timestamp NOT NULL DEFAULT '0000-00-00 00:00:00',
  PRIMARY KEY (`stock_in_product_id`)
) ENGINE=InnoDB DEFAULT CHARSET=utf8 COLLATE=utf8_unicode_ci AUTO_INCREMENT=1 ;

-- --------------------------------------------------------

--
-- Table structure for table `stock_in_variant`
--

CREATE TABLE IF NOT EXISTS `stock_in_variant` (
  `stock_in_variant_id` int(10) unsigned NOT NULL AUTO_INCREMENT,
  `stock_in_product_id` int(11) NOT NULL,
  `variant_id` int(11) NOT NULL,
  `quantity` int(11) NOT NULL,
  `created_at` timestamp NOT NULL DEFAULT '0000-00-00 00:00:00',
  `updated_at` timestamp NOT NULL DEFAULT '0000-00-00 00:00:00',
  PRIMARY KEY (`stock_in_variant_id`)
) ENGINE=InnoDB DEFAULT CHARSET=utf8 COLLATE=utf8_unicode_ci AUTO_INCREMENT=1 ;

-- --------------------------------------------------------

--
-- Table structure for table `support_category`
--

CREATE TABLE IF NOT EXISTS `support_category` (
  `id` int(11) NOT NULL AUTO_INCREMENT,
  `category_name` varchar(50) NOT NULL DEFAULT '0',
  `rewrite_url` varchar(50) NOT NULL DEFAULT '0',
  `defualt` int(1) NOT NULL,
  PRIMARY KEY (`id`)
) ENGINE=InnoDB  DEFAULT CHARSET=utf8 AUTO_INCREMENT=4 ;

--
-- Dumping data for table `support_category`
--

INSERT INTO `support_category` (`id`, `category_name`, `rewrite_url`, `defualt`) VALUES
(1, 'Giới thiệu thitruongsi.com', 'Gioi-thieu-thitruongsi.com', 1),
(3, 'Dành cho người bán', 'Danh-cho-nguoi-ban', 0);

-- --------------------------------------------------------

--
-- Table structure for table `support_posts`
--

CREATE TABLE IF NOT EXISTS `support_posts` (
  `id` int(11) NOT NULL AUTO_INCREMENT,
  `category_id` int(11) DEFAULT NULL,
  `posts_title` varchar(50) DEFAULT NULL,
  `posts_name` varchar(50) DEFAULT NULL,
  `rewrite_url` varchar(50) DEFAULT NULL,
  `posts_content` text,
  `defualt` int(1) DEFAULT NULL,
  PRIMARY KEY (`id`)
) ENGINE=InnoDB  DEFAULT CHARSET=utf8 AUTO_INCREMENT=7 ;

--
-- Dumping data for table `support_posts`
--

INSERT INTO `support_posts` (`id`, `category_id`, `posts_title`, `posts_name`, `rewrite_url`, `posts_content`, `defualt`) VALUES
(1, 1, NULL, 'Quy chế hoạt động', 'Quy-che-hoat-dong', '<p>Ra mắt từ năm 2006 cho đến nay&nbsp;<strong>123Mua.vn</strong>&nbsp;đ&atilde; trải qua nhiều giai đoạn ph&aacute;t triển v&agrave; t&iacute;ch lũy nhiều kinh nghiệm c&oacute; gi&aacute; trị trong lĩnh vực kinh doanh TMĐT theo m&ocirc; h&igrave;nh C2C (Consummer to Consummer) tại Việt Nam.<br />\r\nĐặc biệt trong những năm gần đ&acirc;y,&nbsp;<strong>123Mua.vn</strong>&nbsp;đ&atilde; khẳng định uy t&iacute;n v&agrave; chất lượng phục vụ v&agrave; trở th&agrave;nh người bạn th&acirc;n thiết cho h&agrave;ng ng&agrave;n shop kinh doanh đủ mặt h&agrave;ng v&agrave; cũng l&agrave; điểm đến mua sắm của h&agrave;ng triệu bạn trẻ trong cả nước. Phần th&ocirc;ng tin chi tiết dưới đ&acirc;y gi&uacute;p bạn t&igrave;m hiểu r&otilde; hơn về qu&aacute; tr&igrave;nh h&igrave;nh h&agrave;nh v&agrave; ph&aacute;t triển của&nbsp;<strong>123Mua.vn</strong></p>\r\n\r\n<p><img alt="123Mua.vn" src="http://trogiup.123mua.vn/default/images/faqs_pic01.png" style="background-color:transparent; border:none; height:290px; margin:0px 0px 10px; outline:0px; padding:0px; vertical-align:baseline; width:440px" /></p>\r\n\r\n<p>1/ Qu&aacute; tr&igrave;nh h&igrave;nh th&agrave;nh v&agrave; ph&aacute;t triển</p>\r\n\r\n<p>Giai đoạn 1: Mở lối ti&ecirc;n phong</p>\r\n\r\n<div class="ctn-step-inside" style="background-color: transparent; margin: 0px 0px 20px 16px; padding: 0px; border: none; outline: 0px; font-size: 12px; vertical-align: baseline; font-family: Arial, Geneva, sans-serif; line-height: 18px;">\r\n<p><strong>2006:</strong>&nbsp;trong bối cảnh thương mại điện tử tại Việt Nam bắt đầu nhen nh&oacute;m th&agrave;nh h&igrave;nh, ban gi&aacute;m đốc VinaGame đ&atilde; cho mắt trang 123Mua.com.vn với t&ecirc;n gọi kh&aacute; ấn tượng &ldquo;V&otilde; L&acirc;m B&aacute;ch H&oacute;a Đại Lầu&rdquo; với mục đ&iacute;ch cung cấp c&aacute;c sản phẩm cho c&aacute;c game thủ. Trang web lập tức được sự ủng hộ nhiệt t&igrave;nh từ cộng đồng game thủ lớn nhất Việt Nam tại thời điểm bấy giờ v&agrave; trở th&agrave;nh một trong những trang thương mại điện tử theo h&igrave;nh thức B2C kh&aacute; th&agrave;nh c&ocirc;ng với h&igrave;nh thức thanh to&aacute;n chủ yếu bằng thẻ V-Card do VinaGame ph&aacute;t h&agrave;nh.</p>\r\n\r\n<p><strong>2007:</strong>&nbsp;Trước sự ph&aacute;t triển si&ecirc;u tốc của cộng đồng người d&ugrave;ng đến từ Game v&agrave; cộng đồng Zing.vn, &ldquo;V&otilde; L&acirc;m B&aacute;ch H&oacute;a Đại Lầu&rdquo; đ&atilde; chuyển t&ecirc;n th&agrave;nh &ldquo;Si&ecirc;u thị trực tuyến 123Mua&rdquo;, đồng thời mở rộng l&ecirc;n đến 25 nh&oacute;m sản phẩm kh&aacute; đa dạng. Cuối năm 2007, 5 nh&oacute;m ng&agrave;nh h&agrave;ng được người d&ugrave;ng quan t&acirc;m nhất v&agrave; giao dịch nhiều nhất tại&nbsp;<strong>123Mua</strong>&nbsp;l&agrave;:</p>\r\n\r\n<ul>\r\n	<li><strong>1</strong>. Thời trang &ndash; Phụ kiện</li>\r\n	<li><strong>2</strong>. Mỹ phẩm</li>\r\n	<li><strong>3</strong>. Hoa &ndash; Qu&agrave; tặng</li>\r\n	<li><strong>4</strong>. Điện thoại &ndash; Kỹ thuật số</li>\r\n	<li><strong>5</strong>. Kim kh&iacute; điện m&aacute;y</li>\r\n</ul>\r\n\r\n<p>Với chức năng t&igrave;m kiếm th&ocirc;ng tin nhanh gọn, c&aacute;ch trưng b&agrave;y h&agrave;ng h&oacute;a bắt mắt, đa dạng,&nbsp;<strong>123Mua</strong>&nbsp;đ&atilde; trở th&agrave;nh một thương hiệu được nhiều bạn trẻ quan t&acirc;m sử dụng, đ&aacute;nh gi&aacute; l&agrave; một k&ecirc;nh b&aacute;n h&agrave;ng trực tuyến đơn giản v&agrave; hiệu quả nhất, đặc biệt ph&ugrave; hợp với giới trẻ với 95% người d&ugrave;ng ở độ tuổi từ 18 &ndash; 30.</p>\r\n</div>\r\n\r\n<p>Giai đoạn 2: Chiếm lĩnh thị trường</p>\r\n\r\n<div class="ctn-step-inside" style="background-color: transparent; margin: 0px 0px 20px 16px; padding: 0px; border: none; outline: 0px; font-size: 12px; vertical-align: baseline; font-family: Arial, Geneva, sans-serif; line-height: 18px;">\r\n<p><strong>2008:</strong>&nbsp;trước nhu cầu b&aacute;n h&agrave;ng qua mạng b&ugrave;ng nổ v&agrave; được sự ủng hộ của nhiều Shop, Ban quản trị&nbsp;<strong>123Mua</strong>&nbsp;đ&atilde; thay đổi chiến lược kinh doanh v&agrave; chuyển đổi m&ocirc; h&igrave;nh B2C th&agrave;nh h&igrave;nh thức &ldquo;gian h&agrave;ng trực tuyến 123Mua!ePlaza&rdquo;. Đ&acirc;y l&agrave; h&igrave;nh thức cho thu&ecirc; gian h&agrave;ng để b&aacute;n h&agrave;ng trực tuyến. C&aacute;c shop c&oacute; th&ecirc;m một k&ecirc;nh b&aacute;n h&agrave;ng trực tuyến với chi ph&iacute; tiết kiệm v&agrave; quảng b&aacute; hiệu quả nhất. Điều n&agrave;y đ&atilde; đươc minh chứng khi c&oacute; hơn 100 gian h&agrave;ng đăng k&yacute; kinh doanh tr&ecirc;n 12Mua!ePlaza v&agrave;o thời điểm cuối năm 2008.</p>\r\n\r\n<p><strong>2009:</strong>&nbsp;<strong>123Mua</strong>&nbsp;cho ra mắt chứng nhận &ldquo;Seller đảm bảo&rdquo; nhằm đảm bảo giao dịch cho người mua v&agrave; ph&aacute;t triển uy t&iacute;n của người b&aacute;n h&agrave;ng.<strong>123Mua</strong>&nbsp;đ&atilde; cấp chứng nhận n&agrave;y cho khoảng 1000 shop trong năm 2009.&nbsp;<br />\r\nCũng trong năm n&agrave;y,&nbsp;<strong>123Mua</strong>&nbsp;đ&atilde; cho ra th&ecirc;m danh hiệu &ldquo;Best Choice&rdquo;, những sản phẩm đạt danh hiệu Best Choice sẽ được&nbsp;<strong>123Mua</strong>cam kết về cả chất lượng lẫn uy t&iacute;n của chủ gian h&agrave;ng.</p>\r\n</div>\r\n\r\n<p>Giai đoạn 3: Ho&agrave;n thiện v&agrave; ph&aacute;t triển</p>\r\n\r\n<div class="ctn-step-inside" style="background-color: transparent; margin: 0px 0px 20px 16px; padding: 0px; border: none; outline: 0px; font-size: 12px; vertical-align: baseline; font-family: Arial, Geneva, sans-serif; line-height: 18px;">\r\n<p><strong>2010</strong>:&nbsp;<strong>123Mua</strong>&nbsp;x&acirc;y dựng giao diện mới v&agrave; thay đổi t&ecirc;n miền từ 123Mua.com.vn sang 123Mua.vn.<br />\r\nGiao diện th&acirc;n thiện v&agrave; dễ sử dụng hơn, cho ph&eacute;p người c&oacute; th&ecirc;m nhiều bộ lọc để t&igrave;m kiếm th&ocirc;ng tin sản phẩm v&agrave; chủ shop c&oacute; th&ecirc;m nhiều k&ecirc;nh trưng b&agrave;y h&agrave;ng h&oacute;a, c&oacute; khả năng tự s&aacute;ng tạo giao diện theo phong c&aacute;ch ri&ecirc;ng của m&igrave;nh.</p>\r\n\r\n<p><strong>2011</strong>:&nbsp;<strong>123Mua</strong>&nbsp;tiếp tục mở rộng l&ecirc;n đến 60 nh&oacute;m ng&agrave;nh h&agrave;ng với nội dung sản phẩm được c&aacute;c chủ shop thường xuy&ecirc;n cập nhật v&agrave; kiểm duyệt, tạo th&agrave;nh một s&agrave;n TMĐT theo m&ocirc; h&igrave;nh C2C r&otilde; n&eacute;t.&nbsp;<strong>123Mua</strong>&nbsp;cũng chủ động x&acirc;y dựng nhiều t&iacute;nh năng tiếp thị trực tuyến mới nhằm kết nối người mua v&agrave; người b&aacute;n đơn giản v&agrave; hiệu quả.<br />\r\nTh&aacute;ng 6/2011,&nbsp;<strong>123Mua</strong>&nbsp;đ&atilde; ch&iacute;nh thức cho ra mắt g&oacute;i dịch vụ gian h&agrave;ng VIP gi&uacute;p người b&aacute;n tạo c&aacute;c lợi thế cạnh tranh v&agrave; th&uacute;c đẩy hơn nữa m&ocirc; h&igrave;nh mua sắm trực tuyến tại thị trường Việt Nam.</p>\r\n\r\n<p><strong>2012:</strong>&nbsp;Nhằm tạo tiền đề cho&nbsp;<strong>123Mua</strong>&nbsp;ph&aacute;t triển một c&aacute;ch vững chắc, Ban quản trị&nbsp;<strong>123Mua</strong>&nbsp;đ&atilde; quyết định t&aacute;i cơ cấu lại kiến tr&uacute;c của trang web nhằm ph&acirc;n bổ traffic người d&ugrave;ng đến nhiều nh&oacute;m ng&agrave;nh hơn, tăng th&ecirc;m nhiều tiện &iacute;ch v&agrave; đặc biệt l&agrave; triển khai th&ecirc;m m&ocirc; h&igrave;nh thanh to&aacute;n đảm bảo cho c&aacute;c shop uy t&iacute;n.</p>\r\n</div>\r\n\r\n<p>2/ 123Mua.vn v&agrave; c&aacute;c Giải thưởng</p>\r\n\r\n<div class="ctn-step-inside" style="background-color: transparent; margin: 0px 0px 20px 16px; padding: 0px; border: none; outline: 0px; font-size: 12px; vertical-align: baseline; font-family: Arial, Geneva, sans-serif; line-height: 18px;">\r\n<p><strong>Năm 2012:</strong><br />\r\nGiải thưởng ICT lần 4 d&agrave;nh cho &ldquo;Đơn vị cung cấp dịch vụ gi&aacute; trị gia tăng ti&ecirc;u biểu 2012&rdquo; của Sở Th&ocirc;ng Tin &ndash; Truyền Th&ocirc;ng TP HCM.</p>\r\n\r\n<p><strong>Năm 2010:</strong><br />\r\nGiải Sao Khu&ecirc; &ndash; Phần Mềm Ưu Việt v&agrave; xếp hạng 4 sao (do Hiệp Hội Doanh Nghiệp Phần Mềm Việt Nam trao tặng)</p>\r\n\r\n<p><strong>Năm 2009:</strong><br />\r\nGiải Sao Khu&ecirc; &ndash; Giải ph&aacute;p TMĐT xuất sắc nhất (do Vinasa v&agrave; Bộ C&ocirc;ng thương trao tặng) Website TMĐT được y&ecirc;u th&iacute;ch nhất (do người ti&ecirc;u d&ugrave;ng b&igrave;nh chọn)</p>\r\n\r\n<p><strong>Năm 2008:</strong><br />\r\nGiải nh&igrave; &ndash; Sản phẩm C&ocirc;ng nghệ th&ocirc;ng tin 2008 (Website giao dịch, mua b&aacute;n trực tuyến do tạp ch&iacute; PC b&igrave;nh chọn)</p>\r\n\r\n<p><strong>Năm 2007:</strong><br />\r\nC&uacute;p đồng &ndash; IT Week 2007 (26/11/2007) do Hội Tin học &amp; Bộ C&ocirc;ng nghệ Th&ocirc;ng tin trao tặng<br />\r\nTh&agrave;nh vi&ecirc;n Bạc của ECVN (24/8/2007) do Cổng TMĐT Quốc gia &amp; Bộ C&ocirc;ng thương trao tặng<br />\r\nGiải Sao Khu&ecirc; &ndash; Giải ph&aacute;p thương mại điện tử xuất sắc nhất do Vinasa &amp; Bộ C&ocirc;ng thương trao tặng</p>\r\n\r\n<p><strong>Năm 2006:</strong><br />\r\nTop 10 website Thương mại điện tử ti&ecirc;u biểu của TRUSTVN do Bộ C&ocirc;ng thương b&igrave;nh chọn</p>\r\n</div>\r\n\r\n<p>3/ Đội ngũ nh&acirc;n vi&ecirc;n 123Mua.vn</p>\r\n\r\n<div class="ctn-step-inside" style="background-color: transparent; margin: 0px 0px 20px 16px; padding: 0px; border: none; outline: 0px; font-size: 12px; vertical-align: baseline; font-family: Arial, Geneva, sans-serif; line-height: 18px;">\r\n<p><strong>123Mua</strong>&nbsp;c&oacute; đội ngũ nh&acirc;n vi&ecirc;n trẻ, năng động, chịu học hỏi v&agrave; nhiều kinh nghiệm trong lĩnh vực ph&aacute;t triển thương mại điện tử tại Việt Nam. Đội ngũ nh&acirc;n vi&ecirc;n&nbsp;<strong>123Mua</strong>&nbsp;đang ng&agrave;y đ&ecirc;m ho&agrave;n thiện v&agrave; ph&aacute;t triển nhiều tiện &iacute;ch v&agrave; dịch vụ mới phục vụ ng&agrave;y c&agrave;ng chuy&ecirc;n nghiệp hơn cho kh&aacute;ch h&agrave;ng.</p>\r\n\r\n<p>Mội trường l&agrave;m việc th&acirc;n thiện, s&aacute;ng tạo v&agrave; chuy&ecirc;n nghiệp. Những gi&aacute; trị cốt l&otilde;i của c&ocirc;ng ty gi&uacute;p th&agrave;nh vi&ecirc;n trở th&agrave;nh những con người tốt hơn, một tổ chức vững mạnh hơn.</p>\r\n\r\n<ul>\r\n	<li><strong>Nhiệt huyết</strong>: Y&ecirc;u th&iacute;ch c&ocirc;ng việc, đ&oacute;n nhận th&aacute;ch thức</li>\r\n	<li><strong>Cầu tiến</strong>: Mong muốn học hỏi, t&ocirc;n trọng kh&aacute;c biệt</li>\r\n	<li><strong>Năng động</strong>: Chủ động quyết liệt, nổ lực cải tiến</li>\r\n	<li><strong>Tr&aacute;ch nhiệm</strong>: Thực hiện cam kết, trung thực tận t&acirc;m</li>\r\n	<li><strong>Đồng đội</strong>: Ưu ti&ecirc;n tập thể, hỗ trợ đồng nghiệp</li>\r\n	<li><strong>Kh&aacute;ch h&agrave;ng</strong>: Lắng nghe người d&ugrave;ng, thay đổi cuộc sống</li>\r\n</ul>\r\n</div>\r\n\r\n<p>4/ V&igrave; sao n&ecirc;n chọn 123Mua.vn</p>\r\n\r\n<p>Sản phẩm uy t&iacute;n</p>\r\n\r\n<div class="ctn-step-inside" style="background-color: transparent; margin: 0px 0px 20px 16px; padding: 0px; border: none; outline: 0px; font-size: 12px; vertical-align: baseline; font-family: Arial, Geneva, sans-serif; line-height: 18px;">\r\n<p>Tham gia thị trường TMĐT từ năm 2006 đến nay,&nbsp;<strong>123Mua</strong>&nbsp;đang đứng TOP 5 website TMĐT uy t&iacute;n v&agrave; chất lượng nhất tại Việt Nam.<strong>123Mua.vn</strong>&nbsp;được sự t&iacute;n nhiệm của c&aacute;c nh&agrave; kinh doanh v&agrave; dần trở th&agrave;nh đối t&aacute;c tin cậy của c&aacute;c nh&agrave; kinh doanh quan t&acirc;m đến chất lượng sản phẩm v&agrave; phong c&aacute;ch phục vụ chuy&ecirc;n nghiệp</p>\r\n</div>\r\n\r\n<p>Mạng lưới vững mạnh</p>\r\n\r\n<div class="ctn-step-inside" style="background-color: transparent; margin: 0px 0px 20px 16px; padding: 0px; border: none; outline: 0px; font-size: 12px; vertical-align: baseline; font-family: Arial, Geneva, sans-serif; line-height: 18px;">\r\n<p><strong>123Mua</strong>&nbsp;l&agrave; một trong những sản phẩm mang tầm chiến lược của C&ocirc;ng ty Cổ phần VNG, một mạng lưới vững mạnh bao gồm c&aacute;c website uy t&iacute;n v&agrave; c&oacute; lượng người d&ugrave;ng đ&ocirc;ng đảo như Zing News, Zing MP3, Zing Me, 123.vn, 123Pay.vn&hellip;&nbsp;<strong>123Mua</strong>&nbsp;đang ng&agrave;y c&agrave;ng lớn mạnh v&agrave; khẳng định vị thế hơn nữa tr&ecirc;n thị trường Internet Việt Nam với phương chăm &ldquo;Nền tảng vững chắc cho sự tăng trưởng bền vững&rdquo;.</p>\r\n\r\n<p><img alt="123Mua.vn" src="http://trogiup.123mua.vn/default/images/faqs_pic02.png" style="background-color:transparent; border:none; height:265px; margin:0px 0px 10px; outline:0px; padding:0px; vertical-align:baseline; width:750px" /></p>\r\n</div>\r\n\r\n<p>Gi&aacute; trị mang lại</p>\r\n\r\n<div class="ctn-step-inside" style="background-color: transparent; margin: 0px 0px 20px 16px; padding: 0px; border: none; outline: 0px; font-size: 12px; vertical-align: baseline; font-family: Arial, Geneva, sans-serif; line-height: 18px;">\r\n<p><strong>123Mua</strong>&nbsp;đang sở hữu hệ thống 60 danh mục h&agrave;ng h&oacute;a đa dạng, phong ph&uacute; với khối lượng giao dịch khổng lồ mỗi ng&agrave;y.&nbsp;<strong>123Mua</strong>&nbsp;l&agrave; s&agrave;n giao dịch của c&aacute;c nh&agrave; kinh doanh v&agrave; nơi mua sắm của nhiều bạn trẻ.&nbsp;<strong>123Mua</strong>&nbsp;mang đến cho nh&agrave; kinh doanh những kh&aacute;ch h&agrave;ng tiềm năng, nhiều cơ hội đầu tư hiệu quả trong kinh doanh trực tuyến.</p>\r\n\r\n<p><strong>Nh&agrave; kinh doanh</strong></p>\r\n\r\n<ul>\r\n	<li>&bull; Tăng nhanh số lượng kh&aacute;ch h&agrave;ng v&agrave; doanh số.</li>\r\n	<li>&bull; Ph&aacute;t triển kh&aacute;ch h&agrave;ng trung th&agrave;nh.</li>\r\n	<li>&bull; Cung cấp c&ocirc;ng cụ quản l&yacute; đắc lực, c&aacute;c chương tr&igrave;nh tiện lợi v&agrave; miễn ph&iacute;.</li>\r\n	<li>&bull; Đa dạng h&igrave;nh thức quảng c&aacute;o, tiếp cận kh&aacute;ch h&agrave;ng hiệu quả nhất.</li>\r\n	<li>&bull; 800.000 lượt truy cập 123Mua mỗi ng&agrave;y, khối lượng giao dịch khổng lồ.</li>\r\n	<li>&bull; Dịch vụ kh&aacute;ch h&agrave;ng hỗ trợ chuy&ecirc;n nghiệp từ 123Mua.</li>\r\n</ul>\r\n\r\n<p><strong>Người d&ugrave;ng</strong></p>\r\n\r\n<ul>\r\n	<li>&bull; Trung t&acirc;m thương mại online, cập nhật xu hướng mới nhất.</li>\r\n	<li>&bull; Mua sắm thả ga, tiết kiệm tối đa mỗi ng&agrave;y.</li>\r\n	<li>&bull; Quyền lợi hấp dẫn cho c&aacute;c th&agrave;nh vi&ecirc;n.</li>\r\n	<li>&bull; Mua sắm mọi l&uacute;c mọi nơi, tiết kiệm tối đa thời gian.</li>\r\n</ul>\r\n</div>\r\n', 0),
(2, 3, NULL, 'Hội chợ tết Online 2014', 'Hoi-cho-tet-Online-2014', '<p>C&ugrave;ng với kh&ocirc;ng kh&iacute; tấp nập mua sắm cuối năm, 123Mua.vn h&acirc;n hoan ra mắt&nbsp;<strong>&ldquo;Hội chợ tết online 2014&rdquo;</strong>&nbsp;dự kiến ra mắt v&agrave;o 30/12/2013, đ&acirc;y sẽ l&agrave; kh&ocirc;ng gian mạng tr&agrave;n ngập sắc m&agrave;u của những sản phẩm giảm gi&aacute;, ưu đ&atilde;i khuyến m&atilde;i hấp dẫn v&agrave; quy tụ đ&ocirc;ng đảo hơn&nbsp;<strong>500.000 kh&aacute;ch h&agrave;ng tiềm năng</strong>&nbsp;quan t&acirc;m v&agrave; lựa chọn mua sắm cho dịp Tết.</p>\r\n\r\n<p style="text-align:center"><a href="http://123mua.vn/p/hoi-cho-tet.html" style="margin: 0px; padding: 0px; vertical-align: baseline; background-color: transparent; color: rgb(0, 51, 153); text-decoration: none; outline: 0px; cursor: pointer; -webkit-tap-highlight-color: rgb(255, 94, 153);" target="_blank"><img alt="" src="http://trogiup.123mua.vn/default/images/img_demo/fag_mst_img01.jpg" style="background-color:transparent; border:none; height:700px; margin:0px 0px 10px; outline:0px; padding:0px; vertical-align:baseline; width:700px" /></a></p>\r\n\r\n<p style="text-align:center">&nbsp;</p>\r\n\r\n<p style="text-align:center"><img alt="" src="http://s3.img.edn.vn/2014/5/c/5c5a39e11336bc0215c39c4596c2f52d.jpg" style="background-color:transparent; border:none; margin:0px 0px 10px; outline:0px; padding:0px; vertical-align:baseline" /></p>\r\n\r\n<p>&nbsp;</p>\r\n\r\n<p>Tại đ&acirc;y sẽ diễn ra c&aacute;c hoạt động b&aacute;n h&agrave;ng nhộn nhịp v&agrave; đa dạng như sau:</p>\r\n\r\n<ul>\r\n	<li>- Mua sắm trang phục ng&agrave;y tết.</li>\r\n	<li>- Giới thiệu những địa điểm du xu&acirc;n.</li>\r\n	<li>- Những thực phẩm ngon v&agrave; đặc trưng ng&agrave;y tết.</li>\r\n	<li>- Những sản phẩm trang tr&iacute; nh&agrave; cửa xinh xắn đ&oacute;n Tết về&hellip;.</li>\r\n</ul>\r\n\r\n<p>Đồng thời, 123Mua.vn thiết kế ph&acirc;n khu chuy&ecirc;n biệt tập trung 7 c&aacute;c địa điểm đang được b&aacute;n giảm gi&aacute;, x&atilde; h&agrave;ng hấp dẫn gi&uacute;p người mua c&oacute; &ldquo;sổ tay bỏ t&uacute;i&rdquo; tiện lợi v&agrave; chủ động lựa chọn trước khi đến mua h&agrave;ng.</p>\r\n\r\n<p>Ngo&agrave;i ra, nhằm gi&uacute;p c&aacute;c doanh nghiệp (chủ shop) tăng tốc b&aacute;n h&agrave;ng v&agrave;o dịp cuối năm,&nbsp;<strong>123Mua.vn kết hợp đa dạng c&aacute;c k&ecirc;nh truyền th&ocirc;ng</strong>đang c&oacute; sức ảnh hưởng mạnh nhất hiện nay như mạng x&atilde; hội&nbsp;<strong>Zalo (Mobile)</strong>&nbsp;hơn 6 triệu người d&ugrave;ng,&nbsp;<strong>Facebook, hệ thống mạng lưới Zing (Zingnews/ Zingme/ ZingMP3), Email&hellip;</strong>&nbsp;để l&agrave;m &ldquo;đ&ograve;n bẩy&rdquo; truyền tải th&ocirc;ng điệp sản phẩm/ dịch vụ của doanh nghiệp đến đ&ocirc;ng đảo người d&ugrave;ng.</p>\r\n\r\n<p>Để đăng k&yacute; tham gia quảng b&aacute; sản phẩm/ dịch vụ tại hội chợ Tết online 2014, doanh nghiệp/ chủ shop c&oacute; thể đăng k&yacute; như sau:</p>\r\n\r\n<p style="text-align:center"><span style="background-color:transparent; color:rgb(255, 0, 0)"><img alt="" src="http://trogiup.123mua.vn/default/images/img_demo/lht_01.png" style="background-color:transparent; border:none; height:288px; margin:0px 0px 10px; outline:0px; padding:0px; vertical-align:baseline; width:760px" /></span></p>\r\n\r\n<p>Ngo&agrave;i ra, 123Mua giới thiệu c&aacute;c g&oacute;i dịch vụ b&aacute;n k&egrave;m tại hội chợ tết n&agrave;y như:&nbsp;<br />\r\n<strong>G&oacute;i cơ bản - G&oacute;i n&acirc;ng cao - G&oacute;i chuy&ecirc;n nghiệp - G&oacute;i thương hiệu</strong>.</p>\r\n\r\n<p style="text-align:center"><span style="background-color:transparent; color:rgb(255, 0, 0)"><img alt="" src="http://trogiup.123mua.vn/default/images/img_demo/lht_02.png" style="background-color:transparent; border:none; height:442px; margin:0px 0px 10px; outline:0px; padding:0px; vertical-align:baseline; width:760px" /></span></p>\r\n\r\n<p style="text-align:center"><span style="background-color:transparent; color:rgb(255, 0, 0)"><img alt="" src="http://trogiup.123mua.vn/default/images/img_demo/lht_03.png" style="background-color:transparent; border:none; height:552px; margin:0px 0px 10px; outline:0px; padding:0px; vertical-align:baseline; width:760px" /></span></p>\r\n\r\n<p style="text-align:center"><span style="background-color:transparent; color:rgb(255, 0, 0)"><img alt="" src="http://trogiup.123mua.vn/default/images/img_demo/lht_04.png" style="background-color:transparent; border:none; height:666px; margin:0px 0px 10px; outline:0px; padding:0px; vertical-align:baseline; width:760px" /></span></p>\r\n\r\n<p style="text-align:center"><span style="background-color:transparent; color:rgb(255, 0, 0)"><img alt="" src="http://trogiup.123mua.vn/default/images/img_demo/lht_05.png" style="background-color:transparent; border:none; height:766px; margin:0px 0px 10px; outline:0px; padding:0px; vertical-align:baseline; width:760px" /></span></p>\r\n\r\n<p>Để biết th&ecirc;m chi tiết, c&aacute;c doanh nghiệp, chủ shop xin vui l&ograve;ng li&ecirc;n hệ:&nbsp;<strong>0938 344 322</strong>&nbsp;hoặc nếu doanh nghiệp đ&atilde; trở th&agrave;nh shop VIP tại 123Mua.vn, xin vui l&ograve;ng li&ecirc;n hệ nh&acirc;n vi&ecirc;n chăm s&oacute;c để được tư vấn tốt nhất.</p>\r\n\r\n<p>Th&acirc;n mến,</p>\r\n\r\n<p><strong>BQT 123Mua.vn</strong></p>\r\n', 0),
(3, 3, NULL, 'Hướng dẫn tạo tài khoản', 'Huong-dan-tao-tai-khoan', '<p><strong>Bước 1:</strong>&nbsp;Truy cập v&agrave;o website&nbsp;<a href="http://www.123mua.vn/" style="margin: 0px; padding: 0px; vertical-align: baseline; background-color: transparent; color: rgb(0, 51, 153); text-decoration: none; outline: 0px; cursor: pointer; -webkit-tap-highlight-color: rgb(255, 94, 153);" target="_blank">http://www.123mua.vn</a>, bấm v&agrave;o&nbsp;<strong>&quot;Đăng k&yacute;&quot;</strong></p>\r\n\r\n<p><img alt="" src="http://s3.img.edn.vn/2013/6/d/6d03687f198272496c3391e7a11e4354.png" style="background-color:transparent; border:none; display:block; height:78px; margin:0px auto 10px; outline:0px; padding:0px; vertical-align:baseline; width:749px" /></p>\r\n\r\n<p><strong>&nbsp;</strong></p>\r\n\r\n<p><strong>Bước 2:</strong>&nbsp;Điền đầy đủ c&aacute;c th&ocirc;ng tin &ldquo;<strong>Đăng k&yacute; th&agrave;nh vi&ecirc;n mới</strong>&rdquo; theo y&ecirc;u cầu</p>\r\n\r\n<p style="text-align:center"><img alt="" src="http://s3.img.edn.vn/2013/0/f/0f6945865040ded1ab11465ca09dfe92.png" style="background-color:transparent; border:none; height:428px; margin:0px 0px 10px; outline:0px; padding:0px; vertical-align:baseline; width:558px" /></p>\r\n\r\n<p>-&nbsp; Sau khi nhập c&aacute;c th&ocirc;ng tin v&agrave; đọc &ldquo;Thỏa thuận sử dụng&rdquo;, nhấn &quot;<strong>Đồng &yacute;</strong>&quot;, bạn sẽ nhận được th&ocirc;ng b&aacute;o như sau:</p>\r\n\r\n<p><img alt="" src="http://s3.img.edn.vn/2013/2/e/2e93b77bfef3bf769339dc53612fcefd.png" style="background-color:transparent; border:none; display:block; height:272px; margin:0px auto 10px; outline:0px; padding:0px; vertical-align:baseline; width:751px" /><br />\r\n&nbsp;</p>\r\n\r\n<p><strong>Bước 3:&nbsp;</strong>Đăng nhập v&agrave;o email đăng k&yacute;, nhấn v&agrave;o li&ecirc;n kết 123Mua.vn đ&atilde; gửi trong email để ho&agrave;n tất qu&aacute; tr&igrave;nh đăng k&yacute;. Sau khi ho&agrave;n tất, bạn sẽ nhận được th&ocirc;ng b&aacute;o đăng k&yacute; th&agrave;nh c&ocirc;ng t&agrave;i khoản tr&ecirc;n 123Mua.vn</p>\r\n\r\n<p><img alt="" src="http://s3.img.edn.vn/2013/d/7/d74c932269e27e63b78d030148184727.png" style="background-color:transparent; border:none; display:block; margin:0px auto 10px; outline:0px; padding:0px; vertical-align:baseline" /></p>\r\n\r\n<p>&nbsp;</p>\r\n\r\n<p><strong>&nbsp;-&nbsp;&nbsp;</strong>Xin ch&uacute;c mừng, bạn đ&atilde; c&oacute; 1 t&agrave;i khoản tr&ecirc;n 123Mua.vn. Bạn vui l&ograve;ng d&ugrave;ng email v&agrave; mật khẩu vừa đăng k&yacute; để đăng nhập tr&ecirc;n 123Mua.vn.</p>\r\n', 0),
(5, 3, 'Cách tạo gian hàng trên thitruongsi.com', 'Cách tạo gian hàng', 'Cach-tao-gian-hang', '<p><strong>Những điều cần lưu &yacute; trước khi tạo gian h&agrave;ng tr&ecirc;n 123Mua</strong>:</p>\r\n\r\n<ul>\r\n	<li>Để tạo được gian h&agrave;ng tr&ecirc;n 123Mua.vn, bạn phải chắc chắn đ&atilde; c&oacute; 1 trong c&aacute;c t&agrave;i khoản: Zing, Yahoo, Gmail, Facebook hoặc đ&atilde; đăng k&yacute; email tr&ecirc;n 123Mua.vn</li>\r\n	<li>Gian h&agrave;ng của bạn chỉ c&oacute; thể x&aacute;c thực ch&iacute;nh thức sau khi BQT 123Mua.vn x&eacute;t duyệt th&ocirc;ng tin cửa h&agrave;ng của bạn.</li>\r\n</ul>\r\n\r\n<p>Hướng dẫn tạo gian h&agrave;ng tr&ecirc;n 123Mua.vn:</p>\r\n\r\n<div class="ctn-step-inside" style="background-color: transparent; margin: 0px 0px 20px 16px; padding: 0px; border: none; outline: 0px; font-size: 12px; vertical-align: baseline; background-position: initial initial; background-repeat: initial initial;">\r\n<p><strong>Bước 1:</strong>&nbsp;Truy cập v&agrave;o website&nbsp;<a href="http://www.123mua.vn/" style="margin: 0px; padding: 0px; vertical-align: baseline; background-color: transparent; color: rgb(0, 51, 153); text-decoration: none; outline: 0px; cursor: pointer; -webkit-tap-highlight-color: rgb(255, 94, 153);" target="_blank">http://www.123mua.vn</a>, bấm v&agrave;o&nbsp;<strong>&quot;Đăng nhập&quot;</strong></p>\r\n\r\n<p><img alt="" src="http://s3.img.edn.vn/2013/8/7/873d6aa88562b7c4a166896006236874.png" style="background-color:transparent; border:none; height:79px; margin:0px 0px 10px; outline:0px; padding:0px; vertical-align:baseline; width:755px" /></p>\r\n\r\n<p><strong>Bước 2:</strong></p>\r\n\r\n<ul>\r\n	<li>Nhập t&ecirc;n đăng nhập v&agrave; mật khẩu của t&agrave;i khoản Zing, hoặc bằng email v&agrave; mật khẩu m&agrave; bạn đ&atilde; đăng k&yacute; tr&ecirc;n 123Mua.vn tại bước đăng k&yacute;.</li>\r\n	<li>Hoặc bạn c&oacute; thể đăng nhập bằng t&agrave;i khoản Facebook, Google, Yahoo</li>\r\n</ul>\r\n\r\n<p><img alt="" src="http://s3.img.edn.vn/2013/c/e/ce51cc790d7170399d35c609e1fc96e5.png" style="background-color:transparent; border:none; height:336px; margin:0px 0px 10px; outline:0px; padding:0px; vertical-align:baseline; width:487px" /></p>\r\n\r\n<p><strong>Bước 3:</strong>&nbsp;Bấm v&agrave;o&nbsp;<strong>&quot;Hướng dẫn mở Shop&quot;</strong>&nbsp;để tạo gian h&agrave;ng tr&ecirc;n 123Mua.vn</p>\r\n\r\n<p><img alt="" src="http://s3.img.edn.vn/2013/f/d/fdad9d071e6b6ae9cd877aad15a54c09.png" style="background-color:transparent; border:none; height:79px; margin:0px 0px 10px; outline:0px; padding:0px; vertical-align:baseline; width:756px" /></p>\r\n\r\n<p><strong>Bước 4:</strong>&nbsp;Bấm v&agrave;o&nbsp;<strong>&quot;<strong>Đăng k&yacute; tại đ&acirc;y</strong>&quot;</strong>&nbsp;để bắt đầu tạo gian h&agrave;ng</p>\r\n\r\n<p><img alt="" src="http://s3.img.edn.vn/2013/a/8/a8c11240c692b847dd3c34a03da57dfb.png" style="background-color:transparent; border:none; height:295px; margin:0px 0px 10px; outline:0px; padding:0px; vertical-align:baseline; width:752px" /></p>\r\n\r\n<p><strong>Bước 5:</strong>&nbsp;Điền đầy đủ, ch&iacute;nh x&aacute;c c&aacute;c th&ocirc;ng tin tiếng Việt c&oacute; dấu (C&aacute;c th&ocirc;ng tin c&oacute; dấu&nbsp;<span style="background-color:transparent; color:rgb(255, 0, 0)">(*)</span>&nbsp;l&agrave; th&ocirc;ng tin bắt buộc)</p>\r\n\r\n<p><img alt="" src="http://s3.img.edn.vn/2013/0/9/093ffd4b899e8d5b30664d39b31da6e0.png" style="background-color:transparent; border:none; height:418px; margin:0px 0px 10px; outline:0px; padding:0px; vertical-align:baseline; width:750px" /></p>\r\n\r\n<p><img alt="" src="http://s3.img.edn.vn/2013/9/f/9f3eaf09b3afe772108257f35e7ff5bc.png" style="background-color:transparent; border:none; height:519px; margin:0px 0px 10px; outline:0px; padding:0px; vertical-align:baseline; width:750px" /></p>\r\n\r\n<p><strong>Bước 6:</strong>&nbsp;Sau khi đọc xong&nbsp;<strong>&quot;Quy định v&agrave; điều khoản sử dụng shop&quot;</strong>, chọn v&agrave;o &ocirc;&nbsp;<strong>&quot;T&ocirc;i đ&atilde; đọc v&agrave; đồng &yacute; với những quy định v&agrave; điều khoản sử dụng shop&quot;</strong>&nbsp;v&agrave; bấm v&agrave;o&nbsp;<strong>&quot;X&aacute;c nhận th&ocirc;ng tin&quot;</strong>&nbsp;để ho&agrave;n tất phần nhập th&ocirc;ng tin.</p>\r\n\r\n<p style="text-align:center"><img alt="" src="http://s3.img.edn.vn/2013/1/d/1d8f5bf4e4ebadd4ab944e522883e872.png" style="background-color:transparent; border:none; margin:0px 0px 10px; outline:0px; padding:0px; vertical-align:baseline" /></p>\r\n\r\n<p><strong>Bước 7:</strong>&nbsp;K&iacute;ch hoạt t&agrave;i khoản bằng SMS theo hướng dẫn của 123Mua v&agrave; gửi&nbsp;<strong>tin nhắn k&iacute;ch hoạt đến 6769</strong></p>\r\n\r\n<p><img alt="123Mua.vn" src="http://trogiup.123mua.vn/default/images/faqs_pic15.png" style="background-color:transparent; border:none; height:120px; margin:0px 0px 10px; outline:0px; padding:0px; vertical-align:baseline; width:472px" /></p>\r\n\r\n<p><strong>Bước 8:</strong>&nbsp;Sau khi nhận được tin nhắn th&ocirc;ng b&aacute;o k&iacute;ch hoạt th&agrave;nh c&ocirc;ng, h&atilde;y bấm v&agrave;o&nbsp;<strong>&quot;T&ocirc;i đ&atilde; k&iacute;ch hoạt SMS&quot;</strong>&nbsp;để ho&agrave;n tất x&aacute;c nhận t&agrave;i khoản bằng SMS.</p>\r\n\r\n<p>Bạn sẽ nhận được th&ocirc;ng b&aacute;o&nbsp;<strong>&quot;Ho&agrave;n th&agrave;nh th&ocirc;ng b&aacute;o tạo shop&quot;</strong>&nbsp;v&agrave; bạn c&oacute; thể bấm&nbsp;<strong>&quot;v&agrave;o đ&acirc;y&quot;</strong>&nbsp;để bắt đầu đăng b&aacute;n tr&ecirc;n 123Mua.vn.</p>\r\n\r\n<p><img alt="" src="http://s3.img.edn.vn/2013/7/8/782dc0c21ea9048921f355bd5789c200.png" style="background-color:transparent; border:none; height:193px; margin:0px 0px 10px; outline:0px; padding:0px; vertical-align:baseline; width:752px" /></p>\r\n\r\n<div>&nbsp;</div>\r\n</div>\r\n', 1),
(6, 1, 'test', 'Test', 'Test', '<p>Test</p>\r\n', NULL);

-- --------------------------------------------------------

--
-- Table structure for table `system_notification`
--

CREATE TABLE IF NOT EXISTS `system_notification` (
  `system_notification_id` int(10) unsigned NOT NULL AUTO_INCREMENT,
  `to_user` int(11) NOT NULL,
  `message` varchar(255) COLLATE utf8_unicode_ci NOT NULL,
  `link` varchar(255) COLLATE utf8_unicode_ci DEFAULT NULL,
  `seen` tinyint(1) NOT NULL DEFAULT '0',
  `created_at` timestamp NOT NULL DEFAULT '0000-00-00 00:00:00',
  `updated_at` timestamp NOT NULL DEFAULT '0000-00-00 00:00:00',
  PRIMARY KEY (`system_notification_id`)
) ENGINE=InnoDB DEFAULT CHARSET=utf8 COLLATE=utf8_unicode_ci AUTO_INCREMENT=1 ;

-- --------------------------------------------------------

--
-- Table structure for table `tags`
--

CREATE TABLE IF NOT EXISTS `tags` (
  `id` int(11) NOT NULL AUTO_INCREMENT,
  `tag` varchar(100) COLLATE utf8_unicode_ci NOT NULL DEFAULT '0',
  `tag_rewrite` varchar(100) COLLATE utf8_unicode_ci DEFAULT NULL,
  `totalitem` int(5) NOT NULL,
  PRIMARY KEY (`id`)
) ENGINE=InnoDB  DEFAULT CHARSET=utf8 COLLATE=utf8_unicode_ci AUTO_INCREMENT=75 ;

--
-- Dumping data for table `tags`
--

INSERT INTO `tags` (`id`, `tag`, `tag_rewrite`, `totalitem`) VALUES
(13, 'túi ngủ', 'tui-ngu', 0),
(14, 'túi ngủ cho bé', 'tui-ngu-cho-be', 0),
(15, 'túi ngủ du lịch', 'tui-ngu-du-lich', 0),
(16, 'túi ngủ văn phòng', 'tui-ngu-van-phong', 0),
(17, 'túi ngủ người lớn', 'tui-ngu-nguoi-lon', 0),
(18, 'túi ngủ trẻ em', 'tui-ngu-tre-em', 0),
(19, 'túi ngủ cho bé 2 tuổi', 'tui-ngu-cho-be-2-tuoi', 0),
(20, 'túi ngủ edena', 'tui-ngu-edena', 0),
(21, 'túi ngủ em bé', 'tui-ngu-em-be', 0),
(22, 'túi ngủ mùa đông cho bé', 'tui-ngu-mua-dong-cho-be', 0),
(23, 'áo khoác nam', 'ao-khoac-nam', 0),
(24, 'áo khoác nữ', 'ao-khoac-nu', 0),
(25, 'áo khoác nam 2013', 'ao-khoac-nam-2013', 0),
(26, 'áo khoác đôi', 'ao-khoac-doi', 0),
(27, 'áo khoác da nam', 'ao-khoac-da-nam', 0),
(28, 'áo khoác nam đẹp', 'ao-khoac-nam-dep', 0),
(29, 'áo khoác nữ 2013', 'ao-khoac-nu-2013', 0),
(30, 'áo khoác da nữ', 'ao-khoac-da-nu', 0),
(31, 'áo khoác jean nam', 'ao-khoac-jean-nam', 0),
(32, 'áo khoác jean', 'ao-khoac-jean', 0),
(33, '', '', 1),
(34, 'túi xách vải bố', 'tui-xach-vai-bo', 0),
(35, 'túi xách vải bố nam', 'tui-xach-vai-bo-nam', 0),
(36, 'túi xách vải bố hà nội', 'tui-xach-vai-bo-ha-noi', 0),
(37, 'túi xách vải bố nữ', 'tui-xach-vai-bo-nu', 0),
(38, 'túi xách vải bố nhommua', 'tui-xach-vai-bo-nhommua', 0),
(39, 'bán túi xách vải bố', 'ban-tui-xach-vai-bo', 0),
(40, 'túi xách bằng vải bố', 'tui-xach-bang-vai-bo', 0),
(41, 'túi xách quai chéo vải bố', 'tui-xach-quai-cheo-vai-bo', 0),
(42, 'túi xách du lịch vải bố', 'tui-xach-du-lich-vai-bo', 0),
(43, 'túi xách đeo chéo vải bố', 'tui-xach-deo-cheo-vai-bo', 0),
(44, 'test', 'test', 7),
(45, 'đồ chơi cho bé', 'do-choi-cho-be', 0),
(46, 'đồ chơi xe máy', 'do-choi-xe-may', 0),
(47, 'đồ chơi trẻ em', 'do-choi-tre-em', 0),
(48, 'đồ chơi xe đạp', 'do-choi-xe-dap', 0),
(49, 'đồ chơi thông minh', 'do-choi-thong-minh', 0),
(50, 'đồ chơi người lớn', 'do-choi-nguoi-lon', 0),
(51, 'đồ chơi nấu ăn', 'do-choi-nau-an', 0),
(52, 'đồ chơi trung thu', 'do-choi-trung-thu', 0),
(53, 'đồ chơi', 'do-choi', 0),
(54, 'đồ chơi lego', 'do-choi-lego', 1),
(55, 'đồ chơi lego ninjago', 'do-choi-lego-ninjago', 1),
(56, 'đồ chơi lego giảm giá', 'do-choi-lego-giam-gia', 1),
(57, 'đồ chơi lego tphcm', 'do-choi-lego-tphcm', 1),
(58, 'đồ chơi lego ninjago 2014', 'do-choi-lego-ninjago-2014', 1),
(59, 'đồ chơi lego iron man 3', 'do-choi-lego-iron-man-3', 1),
(60, 'đồ chơi lego tau chien', 'do-choi-lego-tau-chien', 1),
(61, 'đồ chơi lego hà nội', 'do-choi-lego-ha-noi', 1),
(62, 'đồ chơi lego robot', 'do-choi-lego-robot', 1),
(63, 'đồ chơi lego batman', 'do-choi-lego-batman', 1),
(64, 'áo sơ mi nữ', 'ao-so-mi-nu', 1),
(65, 'áo sơ mi nam', 'ao-so-mi-nam', 1),
(66, 'áo sơ mi trắng', 'ao-so-mi-trang', 1),
(67, 'áo sơ mi đôi', 'ao-so-mi-doi', 1),
(68, 'áo sơ mi công sở', 'ao-so-mi-cong-so', 1),
(69, 'áo sơ mi nam công sở', 'ao-so-mi-nam-cong-so', 1),
(70, 'áo sơ mi đẹp', 'ao-so-mi-dep', 1),
(71, 'áo sơ mi an phước', 'ao-so-mi-an-phuoc', 1),
(72, 'áo sơ mi trắng nam', 'ao-so-mi-trang-nam', 1),
(73, 'áo sơ mi nam hàn quốc', 'ao-so-mi-nam-han-quoc', 1),
(74, 'asdfasd', 'asdfasd', 0);

-- --------------------------------------------------------

--
-- Table structure for table `tag_meta`
--

CREATE TABLE IF NOT EXISTS `tag_meta` (
  `id` int(11) NOT NULL AUTO_INCREMENT,
  `tag_id` int(11) NOT NULL DEFAULT '0',
  `meta_id` int(11) NOT NULL DEFAULT '0',
  PRIMARY KEY (`id`)
) ENGINE=InnoDB  DEFAULT CHARSET=utf8 COLLATE=utf8_unicode_ci AUTO_INCREMENT=158 ;

--
-- Dumping data for table `tag_meta`
--

INSERT INTO `tag_meta` (`id`, `tag_id`, `meta_id`) VALUES
(75, 44, 106),
(108, 54, 112),
(109, 55, 112),
(110, 56, 112),
(111, 57, 112),
(112, 58, 112),
(113, 59, 112),
(114, 60, 112),
(115, 61, 112),
(116, 62, 112),
(117, 63, 112),
(128, 33, 111),
(129, 64, 92),
(130, 65, 92),
(131, 66, 92),
(132, 67, 92),
(133, 68, 92),
(134, 69, 92),
(135, 70, 92),
(136, 71, 92),
(137, 72, 92),
(138, 73, 92),
(150, 44, 135),
(157, 44, 18);

-- --------------------------------------------------------

--
-- Table structure for table `test`
--

CREATE TABLE IF NOT EXISTS `test` (
  `id` int(15) NOT NULL AUTO_INCREMENT,
  `value` varchar(15) NOT NULL,
  `test` char(50) DEFAULT NULL,
  PRIMARY KEY (`id`)
) ENGINE=MyISAM DEFAULT CHARSET=utf8 AUTO_INCREMENT=1 ;

-- --------------------------------------------------------

--
-- Table structure for table `user`
--

CREATE TABLE IF NOT EXISTS `user` (
  `user_id` bigint(15) NOT NULL AUTO_INCREMENT,
  `username` varchar(200) COLLATE utf8_unicode_ci DEFAULT NULL,
  `email` varchar(250) COLLATE utf8_unicode_ci DEFAULT NULL,
  `name` varchar(200) COLLATE utf8_unicode_ci DEFAULT NULL,
  `user_code` varchar(100) COLLATE utf8_unicode_ci DEFAULT NULL,
  `birthday` date DEFAULT NULL,
  `gender` tinyint(1) NOT NULL DEFAULT '0',
  `follow_total` bigint(15) NOT NULL DEFAULT '0',
  `home_town` varchar(250) COLLATE utf8_unicode_ci DEFAULT NULL,
  `phone` char(30) COLLATE utf8_unicode_ci DEFAULT NULL,
  `address` varchar(250) COLLATE utf8_unicode_ci DEFAULT NULL,
  `role` tinyint(1) DEFAULT '0' COMMENT '0 = user, 1 = sponsor, 2 = admin, 3 = banned',
  `facebook_friend_update` int(11) DEFAULT '0' COMMENT 'Thoi gian update friend list',
  `facebook_id` bigint(20) DEFAULT '0',
  `facebook_username` varchar(200) COLLATE utf8_unicode_ci DEFAULT NULL,
  `facebook_link` varchar(200) COLLATE utf8_unicode_ci DEFAULT NULL,
  `dateline` int(11) NOT NULL DEFAULT '0',
  `city` int(11) NOT NULL DEFAULT '0',
  `province` int(11) NOT NULL DEFAULT '0',
  `reputation_point` int(15) NOT NULL DEFAULT '0',
  `spam_point` tinyint(1) NOT NULL DEFAULT '0',
  `shop` tinyint(1) NOT NULL DEFAULT '0',
  `password` char(60) COLLATE utf8_unicode_ci DEFAULT NULL,
  `verify_code` varchar(32) COLLATE utf8_unicode_ci DEFAULT NULL,
  `groupid` tinyint(1) DEFAULT NULL,
  `shop_id` int(11) DEFAULT NULL,
  `account_type` tinyint(1) DEFAULT NULL,
  `forgot_code` varchar(32) COLLATE utf8_unicode_ci DEFAULT NULL,
  `last_logged` int(11) DEFAULT NULL,
  `first_name` varchar(100) COLLATE utf8_unicode_ci NOT NULL,
  `last_name` varchar(100) COLLATE utf8_unicode_ci NOT NULL,
  `gt_follow_category` tinyint(1) DEFAULT NULL,
  `ip_address` varchar(100) COLLATE utf8_unicode_ci DEFAULT NULL,
  `user_agent` varchar(200) COLLATE utf8_unicode_ci DEFAULT NULL,
  `remember_token` varchar(100) COLLATE utf8_unicode_ci DEFAULT NULL,
  PRIMARY KEY (`user_id`),
  UNIQUE KEY `user_code` (`user_code`)
) ENGINE=MyISAM  DEFAULT CHARSET=utf8 COLLATE=utf8_unicode_ci AUTO_INCREMENT=48 ;

--
-- Dumping data for table `user`
--

INSERT INTO `user` (`user_id`, `username`, `email`, `name`, `user_code`, `birthday`, `gender`, `follow_total`, `home_town`, `phone`, `address`, `role`, `facebook_friend_update`, `facebook_id`, `facebook_username`, `facebook_link`, `dateline`, `city`, `province`, `reputation_point`, `spam_point`, `shop`, `password`, `verify_code`, `groupid`, `shop_id`, `account_type`, `forgot_code`, `last_logged`, `first_name`, `last_name`, `gt_follow_category`, `ip_address`, `user_agent`, `remember_token`) VALUES
(1, 'admin', 'lequivn@gmail.com', NULL, 'c248ee9e79', '0000-00-00', 0, 0, '', NULL, NULL, 2, 0, 0, NULL, NULL, 0, 0, 0, 0, 0, 1, '$2y$10$RviYB1Bx082JtDfcKMcVQOcRU.BBpUl35rZ.3YXNck227w/qhBgt6', NULL, 9, 22, 0, '', 1416812555, 'Lê', 'Quý', 1, '127.0.0.1', 'Mozilla/5.0 (Macintosh; Intel Mac OS X 10_10_1) AppleWebKit/537.36 (KHTML, like Gecko) Chrome/38.0.2125.122 Safari/537.36', 'xm8TsUIFH0XC8DlPH4prBLWfNVcdj0aNCbgAjwVSWM2zaCTJ3Xpmg1I12Vcc'),
(2, 'lequi', 'cafetinhban_lequi@yahoo.com', 'Lê Quý', '504d6b4fb0', '0000-00-00', 0, 0, '', NULL, NULL, 0, 0, 0, NULL, NULL, 0, 0, 0, 0, 0, 0, '1ba40e40cbe30cc6d5c2166c0f48aeed', NULL, 8, NULL, 0, '', 1413000555, 'Lê', 'Quý', 1, '127.0.0.1', 'Mozilla/5.0 (Macintosh; Intel Mac OS X 10_9_5) AppleWebKit/600.1.17 (KHTML, like Gecko) Version/7.1 Safari/537.85.10', NULL),
(3, 'lequi2', 'cafetinhban_lequi2@yahoo.com', 'Lê Quý', '476d2422fe', '0000-00-00', 0, 0, '', NULL, NULL, 0, 0, 0, NULL, NULL, 0, 0, 0, 0, 0, 0, '1ba40e40cbe30cc6d5c2166c0f48aeed', NULL, 0, NULL, 0, '', 1397125344, '', '', 0, '', NULL, NULL),
(4, 'test', 'admin@yahoo.com', 'Le Quy', 'f193bec70c', '0000-00-00', 0, 0, '', NULL, NULL, 0, 0, 0, NULL, NULL, 0, 0, 0, 0, 0, 0, '1ba40e40cbe30cc6d5c2166c0f48aeed', 'd727dc50885350bcdb65aa31446f8726', 0, NULL, 0, '', NULL, '', '', 0, '', NULL, NULL),
(5, 'asdfasd', 'admin2@gmail.com', 'Le Quy', '96488719f2', '0000-00-00', 0, 0, '', NULL, NULL, 0, 0, 0, NULL, NULL, 0, 0, 0, 0, 0, 0, '1ba40e40cbe30cc6d5c2166c0f48aeed', 'd4a1b36c4594ac0ca8eb9a15f228aae5', 0, NULL, 2, '', NULL, '', '', 0, '', NULL, NULL),
(6, 'nhattieu1', 'adminz@gmail.com', 'Lê Quý', 'd158d012d0', '0000-00-00', 0, 0, '', NULL, NULL, 0, 0, 0, NULL, NULL, 0, 0, 0, 0, 0, 0, '1ba40e40cbe30cc6d5c2166c0f48aeed', '3ee1132b0d5b489e9c7997da2aff8a76', 0, NULL, 1, '', NULL, '', '', 0, '', NULL, NULL),
(7, 'nhattieu11', 'adminz1@gmail.com', 'Lê Quý', 'cce93c7b88', '0000-00-00', 0, 0, '', NULL, NULL, 0, 0, 0, NULL, NULL, 0, 0, 0, 0, 0, 0, '1f5afb510ce79d2a4eed3f2496e36528', '036fce20f00e940e5259c5a5c7f4d953', 0, NULL, 1, '', NULL, '', '', 0, '', NULL, NULL),
(8, 'nhat', 'lequiasdf@gmail.com', 'Le Quy', 'ec27dc5cd9', '0000-00-00', 0, 0, '', NULL, NULL, 0, 0, 0, NULL, NULL, 0, 0, 0, 0, 0, 1, '1ba40e40cbe30cc6d5c2166c0f48aeed', 'e31c02d957ea69b8f2b6fdeda23bf6a6', 0, 25, 1, '', NULL, '', '', 0, '', NULL, NULL),
(9, 'nhattieu2', 'cafetinhban_leq@gmail.com', 'Le Quy', '7235527365', '0000-00-00', 0, 0, '', NULL, NULL, 0, 0, 0, NULL, NULL, 0, 0, 0, 0, 0, 0, '1ba40e40cbe30cc6d5c2166c0f48aeed', '5c461c6bcd577a455b0c281a615d959f', 0, NULL, 2, '', NULL, '', '', 0, '', NULL, NULL),
(13, 'nhattieu3', 'lequivn@adsfasd.com', 'Le Quy', '85c54b1512', '0000-00-00', 0, 0, '', NULL, NULL, 0, 0, 0, NULL, NULL, 0, 0, 0, 0, 0, 1, '1ba40e40cbe30cc6d5c2166c0f48aeed', '687dc78df3c158c46e2fa6d065dea8c3', 0, 28, 2, '', NULL, '', '', 0, '', NULL, NULL),
(23, NULL, 'nhattieu3xcvzx@gmail.com', NULL, 'd013ae35e0', '0000-00-00', 0, 0, '', NULL, NULL, 0, 0, 0, NULL, NULL, 0, 0, 0, 0, 0, -1, '1ba40e40cbe30cc6d5c2166c0f48aeed', '181599ce3ad59cab86dd338a182f637f', 0, 29, 1, '', 1410953385, 'Le', 'Quy', 1, '127.0.0.1', 'Mozilla/5.0 (Macintosh; Intel Mac OS X 10_9_4) AppleWebKit/537.36 (KHTML, like Gecko) Chrome/37.0.2062.120 Safari/537.36', NULL),
(22, NULL, 'nhattieu3asdf@gmail.com', NULL, '211e9c9095', '0000-00-00', 0, 0, '', NULL, NULL, 0, 0, 0, NULL, NULL, 0, 0, 0, 0, 0, 0, '1ba40e40cbe30cc6d5c2166c0f48aeed', '5de2082feadafc8ba9aba89987abe2ca', 0, NULL, 1, '', NULL, '', '', 0, '', NULL, NULL),
(21, NULL, 'lequinhattieu@gmail.com', NULL, '4f0bb4a221', '0000-00-00', 0, 0, '', NULL, NULL, 0, 0, 0, NULL, NULL, 0, 0, 0, 0, 0, 0, '1ba40e40cbe30cc6d5c2166c0f48aeed', '82bc0a2dc0d36cf4d4470dd690e8cde1', 0, NULL, 0, '', NULL, '', '', 0, '', NULL, NULL),
(20, NULL, 'lequivn2@gmail.com', NULL, 'a2205e46b5', '0000-00-00', 0, 0, '', NULL, NULL, 0, 0, 0, NULL, NULL, 0, 5, 0, 0, 0, 0, '1ba40e40cbe30cc6d5c2166c0f48aeed', '08d8b21369298b76dfdb2d04ce4b0de7', 0, NULL, 0, '', NULL, '', '', 0, '', NULL, NULL),
(24, NULL, 'jasdfjkasldf@gmail.com', NULL, '2792c1fcc4', '0000-00-00', 0, 0, '', NULL, NULL, 0, 0, 0, NULL, NULL, 0, 0, 0, 0, 0, 1, '1ba40e40cbe30cc6d5c2166c0f48aeed', 'd7c2845dd7177107890f0f53ea41dcdb', 0, 30, 1, '', NULL, '', '', 0, '', NULL, NULL),
(25, NULL, 'nhattieu@gmail.com', NULL, '86ea8a4877', '0000-00-00', 0, 0, '', NULL, NULL, 0, 0, 0, NULL, NULL, 0, 0, 0, 0, 0, 1, '$2y$10$Itz7H3qrYZrClySgptlVj.tHlzIzeYrbdWvFAUW8UrhMc7SyIizYK', '1c0c20d37db5c3e6ef424b5107770797', 1, 31, 1, '', 1417428991, 'Lê', 'Quý', 1, '192.168.33.1', 'Mozilla/5.0 (Windows NT 6.1; WOW64) AppleWebKit/537.36 (KHTML, like Gecko) Chrome/37.0.2062.124 YaBrowser/14.10.2062.12521 Safari/537.36', 'jZKiv6xjHkqfUni34zXXzAiMPP4aTnXXOeA1vgbOCOvj6UKeSpPGlczrW8W2'),
(26, NULL, 'assdf@gmail.com', NULL, '4611a75cf8', NULL, 0, 0, NULL, NULL, NULL, 0, 0, 0, NULL, NULL, 0, 0, 0, 0, 0, 0, 'e10adc3949ba59abbe56e057f20f883e', '123653df1efc8fc5287156b528a82834', NULL, NULL, 0, NULL, NULL, '', '', 0, '', NULL, NULL),
(27, NULL, 'asdfasfd@gmail.com', NULL, 'e262218897', NULL, 0, 0, NULL, NULL, NULL, 0, 0, 0, NULL, NULL, 1396421486, 4, 0, 0, 0, 0, 'e10adc3949ba59abbe56e057f20f883e', '1e4e0e6fbe673e02e147b12488e6fcd1', NULL, NULL, 0, NULL, 1396421486, '', '', 0, '', NULL, NULL),
(28, NULL, 'asdfasdf@gmail.com', NULL, '4143eeafaf', NULL, 0, 0, NULL, NULL, NULL, 0, 0, 0, NULL, NULL, 1396451802, 0, 0, 0, 0, 1, 'f1887d3f9e6ee7a32fe5e76f4ab80d63', 'b967f247f731611331cf76a874f6b0d9', NULL, 32, 1, NULL, 1396451802, 'Lê', 'Quý', 0, '', NULL, NULL),
(29, NULL, 'delete_lasdfasd@gmail.com', NULL, 'f400b30ec0', NULL, 0, 0, NULL, NULL, NULL, 0, 0, 0, NULL, NULL, 1396769558, 4, 0, 0, 0, 0, '1ba40e40cbe30cc6d5c2166c0f48aeed', 'e4bf50e8973a07136a1d3d89baf2398f', NULL, NULL, 0, NULL, 1396769558, 'a', 'b', 0, '', NULL, NULL),
(30, NULL, 'asdfas@gmail.com', NULL, '6ff69e5393', NULL, 0, 0, NULL, NULL, NULL, 0, 0, 0, NULL, NULL, 1396770396, 4, 0, 0, 0, 0, 'e10adc3949ba59abbe56e057f20f883e', '340639b653c1f36091b0672edaa7af9c', NULL, NULL, 0, NULL, 1396770396, 'asdf', 'asdf', 0, '', NULL, NULL),
(31, NULL, 'asdfasdf@gmaila.com', NULL, 'b09f58a2ae', NULL, 0, 0, NULL, NULL, NULL, 0, 0, 0, NULL, NULL, 1396957801, 0, 0, 0, 0, 0, 'e10adc3949ba59abbe56e057f20f883e', '12176b30b636887b1a08fcbae8dbc4d5', NULL, NULL, 1, NULL, 1410361790, 'Le', 'Quy', 0, '', NULL, NULL),
(32, NULL, 'lequivv@gmail.com', NULL, '70a334acc8', NULL, 0, 0, NULL, NULL, NULL, 0, 0, 0, NULL, NULL, 1397465947, 0, 0, 0, 0, 0, '1ba40e40cbe30cc6d5c2166c0f48aeed', '23e7d369a0d04e016dc07b85eecdb672', NULL, NULL, 1, NULL, 1410361724, 'Nhat', 'Tieu', 1, '', NULL, NULL),
(33, NULL, 'adfasdfafs@gmail.com', NULL, 'c7e48289ab', NULL, 0, 0, NULL, NULL, NULL, 0, 0, 0, NULL, NULL, 1398676585, 0, 0, 0, 0, 0, '1ba40e40cbe30cc6d5c2166c0f48aeed', 'b5575966a0a9a1cddbc2763e9d97405d', NULL, NULL, 0, NULL, 1410360317, 'Le', 'Test', 1, '', NULL, NULL),
(34, NULL, 'fasdfasdf@gmail.com', NULL, '06a560b6e6', NULL, 0, 0, NULL, NULL, NULL, 0, 0, 0, NULL, NULL, 1398676897, 5, 0, 0, 0, 0, 'ed2b1f468c5f915f3f1cf75d7068baae', '706298c8cc5dce1c9cb0b0e4156e686b', NULL, NULL, 0, NULL, 1398676897, 'adsfas', 'fsadf', 1, '', NULL, NULL),
(37, NULL, 'lequivn@gmailaaa.com', NULL, '5073977211', NULL, 0, 0, NULL, NULL, NULL, 0, 0, 0, NULL, NULL, 1399484742, 5, 0, 0, 0, 0, '1ba40e40cbe30cc6d5c2166c0f48aeed', '74b0688795c6d60861a4370f59b2d3d6', NULL, NULL, 0, NULL, 1399529070, 'Le', 'Quy', 1, '', NULL, NULL),
(38, NULL, 'asdfasdfasdf@gmail.com', NULL, '9a14700fcd', NULL, 0, 0, NULL, NULL, NULL, 0, 0, 0, NULL, NULL, 1400571017, 5, 0, 0, 0, 0, '1ba40e40cbe30cc6d5c2166c0f48aeed', 'ff53f05cd7842e8cd63b6774bbd46fa6', NULL, NULL, 0, NULL, 1400571017, 'adsfzxcvzxcv', 'zxcvzxcvzv', NULL, '', NULL, NULL),
(39, NULL, 'asdfasdfasdfa@gmail.com', NULL, '6c64bd920a', NULL, 0, 0, NULL, NULL, NULL, 0, 0, 0, NULL, NULL, 1401416240, 46, 0, 0, 0, 0, 'e10adc3949ba59abbe56e057f20f883e', '33cfc255ce3e4793003c74f80480e027', NULL, NULL, 1, NULL, 1403324353, 'asdfasdf', 'fsdfsf', 1, '', NULL, NULL),
(40, NULL, 'lequivv@gmail1.com', NULL, 'de429bee30', NULL, 0, 0, NULL, NULL, NULL, 0, 0, 0, NULL, NULL, 1401419624, 5, 0, 0, 0, 0, '1ba40e40cbe30cc6d5c2166c0f48aeed', '483ca447d305ac64868ef7d8fbdc1fa3', NULL, NULL, 0, NULL, 1401419624, 'ádfa', 'ádfaf', NULL, '', NULL, NULL),
(41, NULL, 'sdfasdfadsfasf@gmail.com', NULL, '9a39b09cd3', NULL, 0, 0, NULL, NULL, NULL, 0, 0, 0, NULL, NULL, 1403321962, 5, 0, 0, 0, 0, 'e10adc3949ba59abbe56e057f20f883e', '7aab9b58feb06ed99b4cad050f88d4ff', NULL, NULL, 0, NULL, 1403321962, 'Lê Quý', 'Lê Quý', NULL, '', NULL, NULL),
(42, NULL, 'asdfjasdlfjasdfk@gmail.com', NULL, '6569590347', NULL, 0, 0, NULL, NULL, NULL, 0, 0, 0, NULL, NULL, 1403322112, 46, 0, 0, 0, 0, 'e10adc3949ba59abbe56e057f20f883e', '740f103a78f7cccb0dc990d975776f3e', NULL, NULL, 0, NULL, 1403322112, 'aasfdasd', 'asdfasdfasdf', NULL, '', NULL, NULL),
(43, NULL, 'asdfasdaaa@gmail.com', NULL, '9e27fbf81d', NULL, 0, 0, NULL, NULL, NULL, 0, 0, 0, NULL, NULL, 1403322224, 46, 0, 0, 0, 0, 'f1887d3f9e6ee7a32fe5e76f4ab80d63', '0aafc46686cd515374257cb27f37f3d9', NULL, NULL, 0, NULL, 1403322224, 'asdfasdf', 'asdfasdf', NULL, '', NULL, NULL),
(44, NULL, 'lequivn@gmailaaaaa.com', NULL, '2cc248ff6e', NULL, 0, 0, NULL, NULL, NULL, 0, 0, 0, NULL, NULL, 1403322318, 42, 0, 0, 0, 0, 'e10adc3949ba59abbe56e057f20f883e', '4b658b3458290c1825c83a8e2f6204b5', NULL, NULL, 0, NULL, 1403322318, 'asdfasdf', 'asdfasdfasdf', NULL, '', NULL, NULL),
(45, NULL, 'asdfasdfas@gmail.com', NULL, '84c9660d23', NULL, 0, 0, NULL, NULL, NULL, 0, 0, 0, NULL, NULL, 1403322515, 44, 0, 0, 0, 0, '1f5afb510ce79d2a4eed3f2496e36528', 'bc7146ea6f1853835b50ab8c8a75993c', NULL, NULL, 0, NULL, 1403322515, 'dfasdf', '123412', NULL, '', NULL, NULL),
(46, NULL, 'lequivvvv@gmail.com', NULL, '581649612c', NULL, 0, 0, NULL, NULL, NULL, 0, 0, 0, NULL, NULL, 1403322571, 43, 0, 0, 0, 0, 'e10adc3949ba59abbe56e057f20f883e', '768c45d2bd4358e31c7814206c375fd8', NULL, NULL, 0, NULL, 1403324394, 'adfasdf', 'asdfasdfas', 1, '', NULL, NULL),
(47, NULL, '2341234@gmail.com', NULL, 'cd255b8eb6', NULL, 0, 0, NULL, NULL, NULL, 0, 0, 0, NULL, NULL, 1403330161, 45, 0, 0, 0, 0, 'e10adc3949ba59abbe56e057f20f883e', '36fe3601885db98e075e244362d24df7', NULL, NULL, 0, NULL, 1403330161, 'asdf', 'asdfasd', NULL, '', NULL, NULL);

-- --------------------------------------------------------

--
-- Table structure for table `user_admin`
--

CREATE TABLE IF NOT EXISTS `user_admin` (
  `user_id` int(10) NOT NULL AUTO_INCREMENT,
  `username` varchar(50) NOT NULL,
  `password` varchar(50) NOT NULL,
  `sponsor_id` tinytext NOT NULL,
  `salt` text NOT NULL,
  `powers` tinyint(4) NOT NULL COMMENT '1=administator 2=uploader 3=master web',
  `status` tinyint(1) NOT NULL,
  PRIMARY KEY (`user_id`)
) ENGINE=InnoDB  DEFAULT CHARSET=latin1 AUTO_INCREMENT=17 ;

--
-- Dumping data for table `user_admin`
--

INSERT INTO `user_admin` (`user_id`, `username`, `password`, `sponsor_id`, `salt`, `powers`, `status`) VALUES
(16, 'admin', '3cf14a34785e576b2493186916e27c29', '0', 'f61d6947467ccd3aa5af24db320235dd', 1, 1);

-- --------------------------------------------------------

--
-- Table structure for table `user_power`
--

CREATE TABLE IF NOT EXISTS `user_power` (
  `id` int(10) DEFAULT NULL,
  `userId` int(10) DEFAULT NULL,
  `sponsorId` int(10) DEFAULT NULL,
  `status` tinyint(1) DEFAULT NULL COMMENT '1= active 0 = ban'
) ENGINE=MyISAM DEFAULT CHARSET=utf8;

-- --------------------------------------------------------

--
-- Table structure for table `variant`
--

CREATE TABLE IF NOT EXISTS `variant` (
  `variant_id` int(10) unsigned NOT NULL AUTO_INCREMENT,
  `name` varchar(255) COLLATE utf8_unicode_ci NOT NULL,
  `product_id` int(11) NOT NULL,
  `web_quantity` int(11) NOT NULL DEFAULT '0',
  `inventory_quantity` int(11) NOT NULL DEFAULT '0',
  `created_at` timestamp NOT NULL DEFAULT '0000-00-00 00:00:00',
  `updated_at` timestamp NOT NULL DEFAULT '0000-00-00 00:00:00',
  `enabled` tinyint(1) NOT NULL DEFAULT '1',
  `sku` varchar(255) COLLATE utf8_unicode_ci DEFAULT NULL,
  PRIMARY KEY (`variant_id`),
  UNIQUE KEY `variant_sku_unique` (`sku`)
) ENGINE=InnoDB  DEFAULT CHARSET=utf8 COLLATE=utf8_unicode_ci AUTO_INCREMENT=46 ;

--
-- Dumping data for table `variant`
--

INSERT INTO `variant` (`variant_id`, `name`, `product_id`, `web_quantity`, `inventory_quantity`, `created_at`, `updated_at`, `enabled`, `sku`) VALUES
(6, 'aaaaaa', 211, 1, 1, '2014-12-19 17:18:40', '2015-01-22 23:40:25', 1, 'nu1_phimnhanh1_211_6'),
(7, 'bbbb', 211, 2, 2, '2014-12-19 17:18:40', '2015-01-22 23:40:25', 1, 'nu1_phimnhanh1_211_7'),
(8, 'ccccc', 211, 12, 12, '2014-12-19 17:18:40', '2015-01-22 23:40:25', 1, 'nu1_phimnhanh1_211_8'),
(9, 'dddd', 211, 21, 21, '2014-12-19 17:18:40', '2015-01-22 23:40:25', 1, 'nu1_phimnhanh1_211_9'),
(10, 'sdfsdasdasdsa', 217, 12, 12, '2014-12-22 16:07:42', '2015-01-22 23:40:25', 1, 'nu1_phimnhanh1_217_10'),
(13, 'asdasdasd', 221, 32, 32, '2014-12-23 12:10:52', '2015-01-22 23:40:25', 1, 'nu1_phimnhanh1_221_13'),
(14, 'cccc', 221, 0, 0, '2014-12-23 12:10:52', '2015-01-22 23:40:25', 1, 'nu1_phimnhanh1_221_14'),
(15, 'aaaaaa', 223, 3000, 3000, '2014-12-23 14:24:52', '2015-01-22 23:40:25', 1, 'nu1_phimnhanh1_223_15'),
(16, 'vsssssss', 223, 400, 400, '2014-12-23 14:24:52', '2015-01-22 23:40:25', 1, 'nu1_phimnhanh1_223_16'),
(35, 'Váy đen', 224, 300, 300, '2014-12-27 16:50:04', '2015-01-22 23:40:25', 1, 'nu1_phimnhanh1_224_35'),
(36, 'Váy đỏ', 224, 400, 400, '2014-12-27 16:50:04', '2015-01-22 23:40:25', 1, 'nu1_phimnhanh1_224_36'),
(44, '', 229, 0, 0, '2015-01-23 02:22:01', '2015-01-26 17:32:27', 0, 'nu1_phimnhanh1_229_44'),
(45, '', 229, 0, 0, '2015-01-23 02:22:01', '2015-01-26 17:32:27', 1, 'nu1_phimnhanh1_229_45');

-- --------------------------------------------------------

--
-- Table structure for table `variant_option`
--

CREATE TABLE IF NOT EXISTS `variant_option` (
  `variant_option_id` int(10) unsigned NOT NULL AUTO_INCREMENT,
  `variant_id` int(11) NOT NULL,
  `option_id` int(11) NOT NULL,
  `created_at` timestamp NOT NULL DEFAULT '0000-00-00 00:00:00',
  `updated_at` timestamp NOT NULL DEFAULT '0000-00-00 00:00:00',
  PRIMARY KEY (`variant_option_id`)
) ENGINE=InnoDB  DEFAULT CHARSET=utf8 COLLATE=utf8_unicode_ci AUTO_INCREMENT=98 ;

--
-- Dumping data for table `variant_option`
--

INSERT INTO `variant_option` (`variant_option_id`, `variant_id`, `option_id`, `created_at`, `updated_at`) VALUES
(1, 1, 1, '0000-00-00 00:00:00', '0000-00-00 00:00:00'),
(2, 1, 4, '0000-00-00 00:00:00', '0000-00-00 00:00:00'),
(3, 2, 2, '0000-00-00 00:00:00', '0000-00-00 00:00:00'),
(4, 2, 4, '0000-00-00 00:00:00', '0000-00-00 00:00:00'),
(5, 3, 2, '0000-00-00 00:00:00', '0000-00-00 00:00:00'),
(6, 3, 6, '0000-00-00 00:00:00', '0000-00-00 00:00:00'),
(7, 4, 2, '0000-00-00 00:00:00', '0000-00-00 00:00:00'),
(8, 4, 4, '0000-00-00 00:00:00', '0000-00-00 00:00:00'),
(9, 5, 3, '0000-00-00 00:00:00', '0000-00-00 00:00:00'),
(10, 5, 5, '0000-00-00 00:00:00', '0000-00-00 00:00:00'),
(11, 6, 2, '0000-00-00 00:00:00', '0000-00-00 00:00:00'),
(12, 6, 6, '0000-00-00 00:00:00', '0000-00-00 00:00:00'),
(13, 7, 2, '0000-00-00 00:00:00', '0000-00-00 00:00:00'),
(14, 7, 4, '0000-00-00 00:00:00', '0000-00-00 00:00:00'),
(15, 8, 3, '0000-00-00 00:00:00', '0000-00-00 00:00:00'),
(16, 8, 5, '0000-00-00 00:00:00', '0000-00-00 00:00:00'),
(17, 9, 1, '0000-00-00 00:00:00', '0000-00-00 00:00:00'),
(18, 9, 4, '0000-00-00 00:00:00', '0000-00-00 00:00:00'),
(19, 10, 1, '0000-00-00 00:00:00', '0000-00-00 00:00:00'),
(20, 10, 4, '0000-00-00 00:00:00', '0000-00-00 00:00:00'),
(21, 11, 3, '0000-00-00 00:00:00', '0000-00-00 00:00:00'),
(22, 11, 6, '0000-00-00 00:00:00', '0000-00-00 00:00:00'),
(23, 12, 3, '0000-00-00 00:00:00', '0000-00-00 00:00:00'),
(24, 12, 6, '0000-00-00 00:00:00', '0000-00-00 00:00:00'),
(25, 13, 3, '0000-00-00 00:00:00', '0000-00-00 00:00:00'),
(26, 13, 6, '0000-00-00 00:00:00', '0000-00-00 00:00:00'),
(27, 14, 2, '0000-00-00 00:00:00', '0000-00-00 00:00:00'),
(28, 14, 8, '0000-00-00 00:00:00', '0000-00-00 00:00:00'),
(29, 15, 2, '0000-00-00 00:00:00', '0000-00-00 00:00:00'),
(30, 15, 5, '0000-00-00 00:00:00', '0000-00-00 00:00:00'),
(31, 16, 3, '0000-00-00 00:00:00', '0000-00-00 00:00:00'),
(32, 16, 5, '0000-00-00 00:00:00', '0000-00-00 00:00:00'),
(33, 17, 1, '0000-00-00 00:00:00', '0000-00-00 00:00:00'),
(34, 17, 4, '0000-00-00 00:00:00', '0000-00-00 00:00:00'),
(35, 18, 2, '0000-00-00 00:00:00', '0000-00-00 00:00:00'),
(36, 18, 4, '0000-00-00 00:00:00', '0000-00-00 00:00:00'),
(37, 19, 1, '0000-00-00 00:00:00', '0000-00-00 00:00:00'),
(38, 19, 4, '0000-00-00 00:00:00', '0000-00-00 00:00:00'),
(39, 20, 2, '0000-00-00 00:00:00', '0000-00-00 00:00:00'),
(40, 20, 4, '0000-00-00 00:00:00', '0000-00-00 00:00:00'),
(41, 21, 1, '0000-00-00 00:00:00', '0000-00-00 00:00:00'),
(42, 21, 4, '0000-00-00 00:00:00', '0000-00-00 00:00:00'),
(43, 22, 2, '0000-00-00 00:00:00', '0000-00-00 00:00:00'),
(44, 22, 4, '0000-00-00 00:00:00', '0000-00-00 00:00:00'),
(45, 23, 1, '0000-00-00 00:00:00', '0000-00-00 00:00:00'),
(46, 23, 4, '0000-00-00 00:00:00', '0000-00-00 00:00:00'),
(47, 24, 2, '0000-00-00 00:00:00', '0000-00-00 00:00:00'),
(48, 24, 4, '0000-00-00 00:00:00', '0000-00-00 00:00:00'),
(49, 25, 1, '0000-00-00 00:00:00', '0000-00-00 00:00:00'),
(50, 25, 4, '0000-00-00 00:00:00', '0000-00-00 00:00:00'),
(51, 26, 2, '0000-00-00 00:00:00', '0000-00-00 00:00:00'),
(52, 26, 4, '0000-00-00 00:00:00', '0000-00-00 00:00:00'),
(53, 27, 1, '0000-00-00 00:00:00', '0000-00-00 00:00:00'),
(54, 27, 4, '0000-00-00 00:00:00', '0000-00-00 00:00:00'),
(55, 28, 2, '0000-00-00 00:00:00', '0000-00-00 00:00:00'),
(56, 28, 4, '0000-00-00 00:00:00', '0000-00-00 00:00:00'),
(57, 29, 1, '0000-00-00 00:00:00', '0000-00-00 00:00:00'),
(58, 29, 4, '0000-00-00 00:00:00', '0000-00-00 00:00:00'),
(59, 30, 2, '0000-00-00 00:00:00', '0000-00-00 00:00:00'),
(60, 30, 4, '0000-00-00 00:00:00', '0000-00-00 00:00:00'),
(61, 31, 1, '0000-00-00 00:00:00', '0000-00-00 00:00:00'),
(62, 31, 4, '0000-00-00 00:00:00', '0000-00-00 00:00:00'),
(63, 32, 2, '0000-00-00 00:00:00', '0000-00-00 00:00:00'),
(64, 32, 4, '0000-00-00 00:00:00', '0000-00-00 00:00:00'),
(65, 33, 1, '0000-00-00 00:00:00', '0000-00-00 00:00:00'),
(66, 33, 4, '0000-00-00 00:00:00', '0000-00-00 00:00:00'),
(67, 34, 2, '0000-00-00 00:00:00', '0000-00-00 00:00:00'),
(68, 34, 4, '0000-00-00 00:00:00', '0000-00-00 00:00:00'),
(69, 35, 1, '0000-00-00 00:00:00', '0000-00-00 00:00:00'),
(70, 35, 4, '0000-00-00 00:00:00', '0000-00-00 00:00:00'),
(71, 36, 2, '0000-00-00 00:00:00', '0000-00-00 00:00:00'),
(72, 36, 4, '0000-00-00 00:00:00', '0000-00-00 00:00:00'),
(73, 39, 2, '0000-00-00 00:00:00', '0000-00-00 00:00:00'),
(74, 39, 6, '0000-00-00 00:00:00', '0000-00-00 00:00:00'),
(75, 40, 2, '0000-00-00 00:00:00', '0000-00-00 00:00:00'),
(76, 40, 6, '0000-00-00 00:00:00', '0000-00-00 00:00:00'),
(87, 42, 1, '0000-00-00 00:00:00', '0000-00-00 00:00:00'),
(89, 42, 8, '0000-00-00 00:00:00', '0000-00-00 00:00:00'),
(90, 43, 3, '0000-00-00 00:00:00', '0000-00-00 00:00:00'),
(91, 43, 5, '0000-00-00 00:00:00', '0000-00-00 00:00:00'),
(94, 44, 15, '0000-00-00 00:00:00', '0000-00-00 00:00:00'),
(95, 44, 7, '0000-00-00 00:00:00', '0000-00-00 00:00:00'),
(96, 45, 16, '0000-00-00 00:00:00', '0000-00-00 00:00:00'),
(97, 45, 14, '0000-00-00 00:00:00', '0000-00-00 00:00:00');

-- --------------------------------------------------------

--
-- Table structure for table `vip_pre`
--

CREATE TABLE IF NOT EXISTS `vip_pre` (
  `id` int(11) NOT NULL AUTO_INCREMENT,
  `shop_id` int(11) NOT NULL,
  `period` tinyint(1) NOT NULL,
  `checkout_method` tinyint(1) NOT NULL,
  `method_name` varchar(200) COLLATE utf8_unicode_ci DEFAULT NULL,
  `method_address` varchar(200) COLLATE utf8_unicode_ci DEFAULT NULL,
  `method_phone` varchar(200) COLLATE utf8_unicode_ci DEFAULT NULL,
  `dateline` int(11) NOT NULL,
  PRIMARY KEY (`id`)
) ENGINE=InnoDB DEFAULT CHARSET=utf8 COLLATE=utf8_unicode_ci AUTO_INCREMENT=1 ;

-- --------------------------------------------------------

--
-- Table structure for table `website`
--

CREATE TABLE IF NOT EXISTS `website` (
  `website_id` int(10) NOT NULL AUTO_INCREMENT,
  `website_name` varchar(100) COLLATE utf8_unicode_ci NOT NULL DEFAULT '0',
  `domain_name` varchar(255) COLLATE utf8_unicode_ci NOT NULL DEFAULT '0',
  `dateline` int(11) NOT NULL DEFAULT '0',
  `user_id` bigint(15) NOT NULL DEFAULT '0',
  `owner_id` bigint(15) NOT NULL DEFAULT '0',
  `follow_total` bigint(20) DEFAULT NULL,
  PRIMARY KEY (`website_id`)
) ENGINE=MyISAM DEFAULT CHARSET=utf8 COLLATE=utf8_unicode_ci AUTO_INCREMENT=1 ;

-- --------------------------------------------------------

--
-- Table structure for table `website_meta`
--

CREATE TABLE IF NOT EXISTS `website_meta` (
  `website_meta_id` int(11) NOT NULL AUTO_INCREMENT,
  `product_id` int(11) NOT NULL DEFAULT '0',
  PRIMARY KEY (`website_meta_id`)
) ENGINE=MyISAM DEFAULT CHARSET=utf8 COLLATE=utf8_unicode_ci AUTO_INCREMENT=1 ;

-- --------------------------------------------------------

--
-- Table structure for table `web_config`
--

CREATE TABLE IF NOT EXISTS `web_config` (
  `web_config_id` int(10) unsigned NOT NULL AUTO_INCREMENT,
  `name` varchar(255) COLLATE utf8_unicode_ci NOT NULL,
  `identity` varchar(255) COLLATE utf8_unicode_ci NOT NULL,
  `value` varchar(255) COLLATE utf8_unicode_ci NOT NULL,
  `created_at` timestamp NOT NULL DEFAULT '0000-00-00 00:00:00',
  `updated_at` timestamp NOT NULL DEFAULT '0000-00-00 00:00:00',
  PRIMARY KEY (`web_config_id`),
  UNIQUE KEY `web_config_identity_unique` (`identity`)
) ENGINE=InnoDB  DEFAULT CHARSET=utf8 COLLATE=utf8_unicode_ci AUTO_INCREMENT=5 ;

--
-- Dumping data for table `web_config`
--

INSERT INTO `web_config` (`web_config_id`, `name`, `identity`, `value`, `created_at`, `updated_at`) VALUES
(1, 'Trạng thái mặc định của sản phẩm', 'default_product_status', '1', '2015-01-22 08:07:18', '2015-01-23 00:10:25'),
(2, 'Trạng thái đảm bảo mặc định của sản phẩm', 'default_product_warranty_status', '9', '2015-01-22 08:13:09', '2015-01-23 00:29:09'),
(3, 'Trạng thái mặc định của yêu cầu nhập kho', 'default_load_product_status', '1', '2015-01-23 16:59:48', '2015-01-23 16:59:48'),
(4, 'Trạng thái mặc định của yêu cầu trả hàng', 'default_return_status', '1', '2015-02-01 17:53:44', '2015-02-01 17:53:44');

-- --------------------------------------------------------

--
-- Table structure for table `wili`
--

CREATE TABLE IF NOT EXISTS `wili` (
  `wili_id` bigint(15) NOT NULL AUTO_INCREMENT,
  `user_id` bigint(15) NOT NULL DEFAULT '0',
  `from_user` bigint(15) NOT NULL DEFAULT '0',
  `product_id` int(11) NOT NULL DEFAULT '0',
  `closet_id` int(10) NOT NULL,
  `comment_id` bigint(15) DEFAULT NULL,
  PRIMARY KEY (`wili_id`)
) ENGINE=MyISAM DEFAULT CHARSET=utf8 COLLATE=utf8_unicode_ci AUTO_INCREMENT=1 ;

/*!40101 SET CHARACTER_SET_CLIENT=@OLD_CHARACTER_SET_CLIENT */;
/*!40101 SET CHARACTER_SET_RESULTS=@OLD_CHARACTER_SET_RESULTS */;
/*!40101 SET COLLATION_CONNECTION=@OLD_COLLATION_CONNECTION */;
